geographyId,state,county,residentialBuilding,residentialContents,residentialBi,residentialTiv,residentialLocations,commercialBuilding,commercialContents,commercialBi,commercialTiv,commercialLocations,bundledTiv
US-NM-35029,NM,Luna,788184361,256677159,70564713,1115426233,9425,1129816156,434189151,245230841,1809236148,635,2924662381
US-IN-18001,IN,Adams,1786873703,674162740,175994094,2637030537,11736,2336690075,1006210104,448683364,3791583543,1221,6428614080
US-AR-05119,AR,Pulaski,22668580496,7934218340,2227745337,32830544173,162212,38335048910,11981339897,6805137753,57121526560,21198,89952070733
US-PA-42021,PA,Cambria,5257536429,1925346825,511504123,7694387377,55414,9974048753,3253282275,1681157606,14908488634,4915,22602876011
US-MN-27035,MN,Crow Wing,6439653647,2018879382,530257983,8988791012,31500,7220631751,2252536181,1448593777,10921761709,3609,19910552721
US-MT-30111,MT,Yellowstone,15298441825,5362291583,1484170942,22144904350,65520,15074441882,4653680308,2745222081,22473344271,9360,44618248621
US-FL-12091,FL,Okaloosa,16456878477,5443915278,1508917137,23409710892,87751,12976523428,3700295832,2398592551,19075411811,9873,42485122703
US-KY-21031,KY,Butler,378550184,129830965,35321359,543702508,4593,355541558,160437976,69565658,585545192,303,1129247700
US-WV-54079,WV,Putnam,3875961553,1419571199,371327265,5666860017,21477,2793850605,1030947622,512814121,4337612348,1951,10004472365
US-GA-13151,GA,Henry,15842036990,5761071420,1563261574,23166369984,82536,12469086467,4110351811,2272943227,18852381505,7579,42018751489
US-GA-13155,GA,Irwin,288212460,99138558,28034955,415385973,3834,207631271,85900564,41208620,334740455,179,750126428
US-ND-38065,ND,Oliver,153570382,52438713,13537552,219546647,759,28481357,9941407,4426184,42848948,59,262395595
US-TX-48231,TX,Hunt,4902947802,1715620443,471214995,7089783240,36618,4601421604,1899875107,902315561,7403612272,2912,14493395512
US-NV-32005,NV,Douglas,6918021782,2304279023,629329383,9851630188,21512,7528347119,1967306420,1922450251,11418103790,2644,21269733978
US-IA-19025,IA,Calhoun,430311025,150021343,39762532,620094900,4078,359429225,126377208,61709087,547515520,451,1167610420
US-TN-47097,TN,Lauderdale,890214090,295782484,86139235,1272135809,9844,857116439,380920748,149482888,1387520075,486,2659655884
US-VA-51179,VA,Stafford,13885240864,5136286431,1358112550,20379639845,49708,7527380042,2164566697,1318408197,11010354936,3983,31389994781
US-MT-30093,MT,Silver Bow,2705266952,931352066,256531620,3893150638,15187,2903327184,873671489,610582198,4387580871,1894,8280731509
US-RI-44005,RI,Newport,11160131629,3481373039,999141812,15640646480,37518,10686507974,2848925429,2183089658,15718523061,4508,31359169541
US-KY-21097,KY,Harrison,1045760639,352756404,99347542,1497864585,7416,676555445,300734310,137078488,1114368243,456,2612232828
US-TX-48021,TX,Bastrop,5467083674,1867004678,517173770,7851262122,33857,3481477621,1096229553,744421320,5322128494,2510,13173390616
US-IL-17153,IL,Pulaski,131385047,39082024,10960946,181428017,2293,109819843,37146841,16542811,163509495,128,344937512
US-IA-19197,IA,Wright,543418824,190922199,52284113,786625136,5631,782424177,357270514,157224337,1296919028,551,2083544164
US-MI-26027,MI,Cass,3575922834,1226394543,325760273,5128077650,21908,1648853845,660003649,303373596,2612231090,1236,7740308740
US-GA-13115,GA,Floyd,4860873635,1662057552,475667979,6998599166,38021,7806328653,2664743588,1341552047,11812624288,3475,18811223454
US-NC-37175,NC,Transylvania,3527210240,1110767301,301221717,4939199258,16068,2322365316,616351409,444261992,3382978717,1479,8322177975
US-TX-48327,TX,Menard,80540700,24865442,6574678,111980820,1006,26757065,8873776,4510029,40140870,64,152121690
US-TX-48243,TX,Jeff Davis,189668248,54079766,13818062,257566076,1093,153285188,36963369,40135415,230383972,91,487950048
US-TN-47177,TN,Warren,2141632198,735633397,203940329,3081205924,16385,1590521334,656340736,314056345,2560918415,1270,5642124339
US-AZ-04011,AZ,Greenlee,304806823,86450199,27535522,418792544,3887,119106458,43690258,22326127,185122843,123,603915387
US-TN-47069,TN,Hardeman,876752718,295490255,82421835,1254664808,9627,843170305,364696198,168467123,1376333626,508,2630998434
US-MO-29097,MO,Jasper,5807119555,2007598041,571928235,8386645831,49190,8835129703,3465577075,1555024331,13855731109,4628,22242376940
US-MI-26115,MI,Monroe,9902510217,3721854704,973768348,14598133269,58132,7142705149,2694466303,1341538914,11178710366,3937,25776843635
US-MT-30081,MT,Ravalli,6275257726,2131134159,581039086,8987430971,18873,2377979097,737326954,431411654,3546717705,2447,12534148676
US-ME-23019,ME,Penobscot,9100100740,3103367955,853237425,13056706120,64277,11552927199,3761485478,2138844309,17453256986,6860,30509963106
US-NY-36029,NY,Erie,39640407501,14505874474,4035726154,58182008129,397547,109975955157,35998179306,19372388473,165346522936,38095,223528531065
US-OK-40123,OK,Pontotoc,2033360012,670148050,191482776,2894990838,15826,2007256253,718887107,392510233,3118653593,1519,6013644431
US-SD-46123,SD,Tripp,278890390,94298881,25722592,398911863,2395,296836731,98002271,62918790,457757792,317,856669655
US-GA-13215,GA,Muscogee,9195253444,3171155526,926270778,13292679748,81010,14835644347,4555475477,2826086936,22217206760,8172,35509886508
US-PR-72031,PR,Carolina,5918406028,2093396668,579200959,8591003655,63598,8278722611,2846766334,1216734438,12342223383,800,20933227038
US-FL-12015,FL,Charlotte,17055995140,5612477548,1487683229,24156155917,93646,7542706312,2364567054,1354861187,11262134553,7316,35418290470
US-KS-20029,KS,Cloud,339895098,118474629,32206468,490576195,3937,480942550,166089944,92804607,739837101,458,1230413296
US-MO-29071,MO,Franklin,6870358397,2465675499,665637499,10001671395,41354,6532599806,2513630802,1202494281,10248724889,4153,20250396284
US-AL-01027,AL,Clay,688297232,225220092,61597754,975115078,6117,652577735,324879890,132292305,1109749930,295,2084865008
US-FL-12063,FL,Jackson,1345046730,462286585,126362041,1933695356,17584,1784022802,621115716,325759398,2730897916,1257,4664593272
US-MN-27129,MN,Renville,742827238,271180238,71051240,1085058716,5882,811036844,331269151,139277220,1281583215,719,2366641931
US-IN-18013,IN,Brown,1435516276,486199503,126641204,2048356983,7056,700383745,182207871,169692888,1052284504,549,3100641487
US-OH-39157,OH,Tuscarawas,4845400216,1708215559,479666040,7033281815,38102,5693332800,2266601220,1101248129,9061182149,3328,16094463964
US-NC-37187,NC,Washington,408712533,133544297,37335731,579592561,5332,477668840,186886941,94196380,758752161,357,1338344722
US-GA-13253,GA,Seminole,343681650,103860750,29017685,476560085,4203,276894757,92558356,55916057,425369170,279,901929255
US-AR-05059,AR,Hot Spring,1277520365,436580362,118383941,1832484668,12384,987308386,391420710,189751194,1568480290,774,3400964958
US-IN-18075,IN,Jay,782236256,283386177,76355697,1141978130,8054,1032128768,458885110,206581357,1697595235,633,2839573365
US-ID-16051,ID,Jefferson,2545910594,910108241,245261338,3701280173,9690,995791894,371106318,174796776,1541694988,987,5242975161
US-NM-35028,NM,Los Alamos,2286991250,838708123,222552439,3348251812,7421,2568321006,617371388,479740705,3665433099,648,7013684911
US-KS-20169,KS,Saline,2968476883,1047331988,294238527,4310047398,22173,4937569415,1817787610,948856420,7704213445,2433,12014260843
US-AR-05011,AR,Bradley,337377246,99906753,28823218,466107217,4296,310422713,133149275,59616237,503188225,338,969295442
US-MO-29129,MO,Mercer,128684341,40939447,10862554,180486342,1500,56983590,18980001,9265161,85228752,113,265715094
US-ND-38067,ND,Pembina,320530015,113116162,30484859,464131036,3038,507834912,215051171,95468783,818354866,407,1282485902
US-OH-39009,OH,Athens,2591748943,883027282,248917951,3723694176,22468,2491503082,793863122,494029405,3779395609,1761,7503089785
US-ID-16081,ID,Teton,2101670080,655434473,176101259,2933205812,4998,694762939,187719380,139450680,1021932999,876,3955138811
US-IL-17073,IL,Henry,2145232494,791098689,210985975,3147317158,20197,2778248499,1207801033,525710461,4511759993,1605,7659077151
US-CA-06075,CA,San Francisco,94814977184,28298781980,8897182117,132010941281,299361,230365175678,51724212542,39759071799,321848460019,61106,453859401300
US-FL-12093,FL,Okeechobee,1562012279,502581905,138508828,2203103012,15488,1543981279,501776306,291296383,2337053968,1366,4540156980
US-VA-51187,VA,Warren,3164282111,1110556517,303242090,4578080718,15841,2822023421,919869165,453817459,4195710045,1346,8773790763
US-TX-48193,TX,Hamilton,353708009,112076125,30389088,496173222,3698,304814320,119751864,60815066,485381250,352,981554472
US-IL-17127,IL,Massac,494000142,168035036,45161907,707197085,5846,1049852538,307613313,261207499,1618673350,329,2325870435
US-MO-29029,MO,Camden,5336414631,1200771637,320034961,6857221229,25997,3205638758,985758846,671973860,4863371464,2382,11720592693
US-MD-24039,MD,Somerset,947987258,312439770,85323695,1345750723,8872,840203262,302875260,147538315,1290616837,583,2636367560
US-AZ-04009,AZ,Graham,1550803308,531643419,147458512,2229905239,12441,1303448575,445849624,266096521,2015394720,874,4245299959
US-CA-06015,CA,Del Norte,1344457511,436719505,123203233,1904380249,9261,1457563008,426697834,315831416,2200092258,675,4104472507
US-IA-19073,IA,Greene,473155554,171172560,46547240,690875354,3954,601697483,217351908,107281761,926331152,398,1617206506
US-TN-47009,TN,Blount,10906228851,3819007059,1029792141,15755028051,53385,9641595220,3142329982,1974806503,14758731705,4078,30513759756
US-PR-72035,PR,Cayey,1710635636,556975967,163523271,2431134874,18194,1940180075,719864642,295317764,2955362481,112,5386497355
US-TX-48297,TX,Live Oak,453259053,139061504,37837363,630157920,4723,395295119,155039004,73668511,624002634,395,1254160554
US-PR-72135,PR,Toa Alta,2758846116,986208004,262522685,4007576805,23751,2576307628,966568699,393051125,3935927452,71,7943504257
US-MS-28021,MS,Claiborne,220072005,69046428,18539685,307658118,3185,127631716,49186778,27393190,204211684,156,511869802
US-TX-48371,TX,Pecos,505945420,171239395,48038596,725223411,5258,698864536,223835378,158512771,1081212685,539,1806436096
US-NY-36025,NY,Delaware,2054612038,606403606,162662442,2823678086,22721,3056150257,1167106179,596042566,4819299002,1806,7642977088
US-SD-46043,SD,Douglas,138821474,47593037,12879215,199293726,1193,122758223,48455577,21669540,192883340,143,392177066
US-PR-72151,PR,Yabucoa,940288420,330218733,91607790,1362114943,12895,1352808422,510515556,206984997,2070308975,38,3432423918
US-GA-13249,GA,Schley,170271430,58704269,15206037,244181736,1649,156492753,78184543,30244772,264922068,101,509103804
US-TN-47053,TN,Gibson,2317065736,790342565,225296552,3332704853,20746,1989467852,807863836,365407755,3162739443,1541,6495444296
US-IA-19173,IA,Taylor,252971397,88502547,24055694,365529638,2597,274847086,130196292,51840153,456883531,206,822413169
US-FL-12013,FL,Calhoun,410674092,136421923,36833023,583929038,4786,221530659,80820470,42526473,344877602,283,928806640
US-ID-16087,ID,Washington,760325734,255301220,71204810,1086831764,4122,385507800,167134529,78848066,631490395,332,1718322159
US-FL-12131,FL,Walton,9024419052,2337730786,626374195,11988524033,41855,5926616010,1658243063,1330450242,8915309315,4928,20903833348
US-MI-26137,MI,Otsego,1840585942,599487141,158863766,2598936849,11863,2133577646,735858441,452520050,3321956137,1302,5920892986
US-ND-38009,ND,Bottineau,503129736,155011527,41046092,699187355,3015,310811956,99362259,59706029,469880244,385,1169067599
US-NE-31129,NE,Nuckolls,163938255,58326801,15401252,237666308,1911,174556802,61749428,32532340,268838570,254,506504878
US-TX-48343,TX,Morris,435849825,151205809,41742905,628798539,5317,382923986,180287026,73537109,636748121,298,1265546660
US-AR-05057,AR,Hempstead,658407173,210478616,59007385,927893174,8206,971617093,411241558,205966172,1588824823,612,2516717997
US-IA-19159,IA,Ringgold,277945244,84796713,23076116,385818073,2174,143316858,54209400,27338096,224864354,189,610682427
US-MO-29093,MO,Iron,384176873,128253027,35119153,547549053,4079,259837979,85741092,54744213,400323284,311,947872337
US-MT-30035,MT,Glacier,560096535,165599562,49180107,774876204,4719,501531389,144723624,100187048,746442061,359,1521318265
US-SD-46003,SD,Aurora,125384411,43502295,11795103,180681809,1079,55611440,20331843,10329041,86272324,111,266954133
US-MN-27015,MN,Brown,1501405686,563351014,148140710,2212897410,10338,2915514540,1077985146,499381092,4492880778,1254,6705778188
US-KS-20057,KS,Ford,1193140739,417315916,119951381,1730408036,11900,3002949371,1218918506,622962371,4844830248,1281,6575238284
US-IN-18023,IN,Clinton,1595028703,575225056,156892643,2327146402,12279,1939638934,883364168,376565394,3199568496,999,5526714898
US-KY-21069,KY,Fleming,494421349,168854266,45594889,708870504,5740,331443531,139878884,64524594,535847009,380,1244717513
US-SC-45083,SC,Spartanburg,18963246041,6781010925,1838250367,27582507333,127937,25181776372,9850260906,4571370246,39603407524,11693,67185914857
US-GA-13125,GA,Glascock,103967499,31674377,8793696,144435572,1188,17398964,6477585,3277108,27153657,39,171589229
US-FL-12029,FL,Dixie,445437373,123780289,32627246,601844908,6670,300959025,128008796,56499198,485467019,290,1087311927
US-KY-21237,KY,Wolfe,140270880,50862512,13718859,204852251,2515,152922605,57501009,27748578,238172192,166,443024443
US-MT-30105,MT,Valley,568853981,174196126,46964241,790014348,3340,608436289,169328741,140731697,918496727,417,1708511075
US-TX-48439,TX,Tarrant,126084077393,45699000654,12610423367,184393501414,717646,162295433598,51111392238,28290920750,241697746586,83086,426091248000
US-SD-46075,SD,Jones,39238702,11809234,3318161,54366097,402,59707668,16540407,16489190,92737265,63,147103362
US-AK-02195,AK,Petersburg,321149494,96235486,26291720,443676700,1467,277249948,94435797,52727617,424413362,268,868090062
US-TX-48353,TX,Nolan,467082375,162666832,45415227,675164434,6421,956041212,343815391,201259337,1501115940,540,2176280374
US-SC-45027,SC,Clarendon,1231615781,382158736,103536211,1717310728,12870,1094640057,373324394,212977446,1680941897,800,3398252625
US-NM-35057,NM,Torrance,568803566,180226174,47935918,796965658,5698,353910850,122047703,78871832,554830385,310,1351796043
US-VA-51181,VA,Surry,444065127,148004047,39597726,631666900,2927,116837501,35750662,16952145,169540308,140,801207208
US-WA-53019,WA,Ferry,532561568,164060577,45229487,741851632,3351,182065844,64532837,37968173,284566854,210,1026418486
US-AZ-04015,AZ,Mohave,14529261727,4646283332,1283056689,20458601748,99238,9316758610,3095904909,1858464785,14271128304,6719,34729730052
US-MI-26019,MI,Benzie,1835345224,534069759,138453593,2507868576,9071,1613778531,419634666,431815029,2465228226,697,4973096802
US-GA-13011,GA,Banks,1098995678,386341906,104555718,1589893302,6781,756624765,245853652,171169221,1173647638,471,2763540940
US-MT-30005,MT,Blaine,264984546,82666144,24500199,372150889,2596,184482716,59826131,33530722,277839569,197,649990458
US-NC-37169,NC,Stokes,2466544876,884120872,235298861,3585964609,19245,934009504,346626111,175632464,1456268079,992,5042232688
US-AZ-04027,AZ,Yuma,8930579543,2915666283,809761752,12656007578,77613,9271355081,3184793357,1794349232,14250497670,5428,26906505248
US-KS-20163,KS,Rooks,187859594,65080198,17760988,270700780,2325,205310139,73719986,34364600,313394725,256,584095505
US-PA-42017,PA,Bucks,65314843287,24558565554,6466678211,96340087052,225687,59006846762,19067987358,10259742021,88334576141,32101,184674663193
US-CO-08035,CO,Douglas,46398681295,17737662960,4606196430,68742540685,120684,29180666676,8179017277,4810795955,42170479908,17238,110913020593
US-CO-08017,CO,Cheyenne,108293111,34317902,9577148,152188161,857,45338772,17851318,8626145,71816235,76,224004396
US-FL-12031,FL,Duval,57760954398,20689567086,5764429318,84214950802,383237,95088104302,28915560499,16227010728,140230675529,48154,224445626331
US-TX-48073,TX,Cherokee,2012186323,693328056,190023187,2895537566,18667,1674719236,656111184,326546106,2657376526,1288,5552914092
US-WA-53047,WA,Okanogan,2949445990,926199914,255445001,4131090905,18295,2383333716,727258298,482781770,3593373784,1769,7724464689
US-MT-30001,MT,Beaverhead,880086671,267876129,77716804,1225679604,4372,618828626,178807147,130378935,928014708,588,2153694312
US-TX-48097,TX,Cooke,2383099352,831231486,229835806,3444166644,16297,2357626439,965899456,435666856,3759192751,1527,7203359395
US-MN-27087,MN,Mahnomen,233407893,73762891,20232945,327403729,2068,946766334,226905777,266912867,1440584978,160,1767988707
US-OH-39115,OH,Morgan,624724499,202946972,54850887,882522358,6037,430367470,179869027,94533174,704769671,256,1587292029
US-NE-31067,NE,Gage,1293764160,448854856,124175286,1866794302,9424,1256010269,477600442,241509921,1975120632,1013,3841914934
US-CO-08019,CO,Clear Creek,1593650079,531047293,139670108,2264367480,4677,1032863408,226205954,166937855,1426007217,567,3690374697
US-GA-13027,GA,Brooks,500091771,163844904,45469100,709405775,6251,451533204,149869871,78603774,680006849,343,1389412624
US-LA-22115,LA,Vernon,1900364772,568813045,173513827,2642691644,19983,1236802863,404427125,257054866,1898284854,1104,4540976498
US-IL-17031,IL,Cook,270448821519,97497201024,27424226887,395370249430,1866743,643397273412,182517041807,106444597091,932358912310,248219,1327729161740
US-NE-31137,NE,Phelps,520561704,186351290,51259180,758172174,3782,693148840,253522336,123348315,1070019491,553,1828191665
US-CA-06113,CA,Yolo,15510047538,5146810036,1517503379,22174360953,69532,22678053543,6974193206,4302531821,33954778570,7819,56129139523
US-VA-51199,VA,York,6147571326,2197207515,600370033,8945148874,25792,5069268347,1325937193,1020706427,7415911967,2472,16361060841
US-MI-26165,MI,Wexford,1773421902,606037446,160264149,2539723497,13824,2956250321,1140223125,615832275,4712305721,1460,7252029218
US-MI-26009,MI,Antrim,2415905231,707208133,185443046,3308556410,13400,1178040683,387509073,276088398,1841638154,926,5150194564
US-CO-08081,CO,Moffat,808807229,270116371,74928269,1153851869,5270,606657212,196232783,122507365,925397360,585,2079249229
US-NC-37133,NC,Onslow,10900451889,3509182334,1015269308,15424903531,77980,6557404677,2051305369,1277510782,9886220828,5067,25311124359
US-IL-17145,IL,Perry,616315326,225282260,59920442,901518028,7953,766745974,278007427,138809571,1183562972,608,2085081000
US-OK-40031,OK,Comanche,5190654497,1690368779,501505064,7382528340,47195,5715000319,1896313108,1155140062,8766453489,3683,16148981829
US-WI-55137,WI,Waushara,1839529924,579476408,152237196,2571243528,11704,1062672164,396959288,199363917,1658995369,736,4230238897
US-MS-28003,MS,Alcorn,1453023413,515065578,142112273,2110201264,14331,1739810413,664226366,331270321,2735307100,1294,4845508364
US-NE-31009,NE,Blaine,20503986,5733283,1634891,27872160,242,1019862,437342,117016,1574220,12,29446380
US-VA-51021,VA,Bland,276599737,86271303,23126028,385997068,2653,233870542,109419286,42276388,385566216,109,771563284
US-AR-05117,AR,Prairie,262722834,89084161,24031727,375838722,3467,173580061,64667345,30423071,268670477,218,644509199
US-IN-18129,IN,Posey,1793177458,655268506,173781156,2622227120,9919,1856406672,819216663,316301744,2991925079,812,5614152199
US-AR-05089,AR,Marion,1021930408,327552794,87355546,1436838748,7782,465952171,216189727,96863111,779005009,379,2215843757
US-MO-29133,MO,Mississippi,391799471,132255916,38741914,562797301,5036,306201011,121579994,53890804,481671809,351,1044469110
US-SD-46081,SD,Lawrence,2621236061,834349218,233754955,3689340234,11771,3804073871,933556958,900529984,5638160813,1878,9327501047
US-KY-21017,KY,Bourbon,1319595323,430732737,125285935,1875613995,8547,860896023,351268143,160015506,1372179672,616,3247793667
US-TX-48029,TX,Bexar,102967856445,37683555836,10357707490,151009119771,691753,156171973027,44695807877,27932126708,228799907612,70746,379809027383
US-IA-19055,IA,Delaware,1069260038,381614428,101565191,1552439657,7237,1014834174,444499836,192173466,1651507476,800,3203947133
US-GA-13031,GA,Bulloch,3399064798,1136303263,336708760,4872076821,30514,3575850505,1232804581,655835016,5464490102,2789,10336566923
US-IA-19049,IA,Dallas,8694374879,3233022501,863094155,12790491535,36617,8506620311,2371448625,1584094508,12462163444,4160,25252654979
US-KY-21159,KY,Martin,284601200,96031363,25652824,406285387,3960,136506494,51645219,27339854,215491567,228,621776954
US-VA-51650,VA,Hampton city,7388740670,2652983132,750981073,10792704875,55731,8594247202,2483487235,1512947860,12590682297,4551,23383387172
US-MO-29037,MO,Cass,8617916599,3029153741,836410001,12483480341,42079,3824969772,1384404389,691792100,5901166261,3313,18384646602
US-KY-21153,KY,Magoffin,306562648,102655982,27647216,436865846,4464,144344876,52659155,29722786,226726817,246,663592663
US-VA-51690,VA,Martinsville city,378855376,140237775,38908256,558001407,6073,1519312008,568927856,288239154,2376479018,857,2934480425
US-SD-46101,SD,Moody,433303766,147396982,41586746,622287494,2545,179548362,76415007,33713675,289677044,240,911964538
US-TX-48139,TX,Ellis,13297823164,4864054750,1304629811,19466507725,66219,9245970298,3457012806,1661145162,14364128266,5857,33830635991
US-CO-08063,CO,Kit Carson,417343229,137219987,38916185,593479401,3027,406916846,139031742,85248848,631197436,419,1224676837
US-IA-19021,IA,Buena Vista,878520754,325540845,87279708,1291341307,7240,1994099782,738941227,357457631,3090498640,847,4381839947
US-PA-42083,PA,McKean,1398725666,492803256,132095990,2023624912,16869,2651665225,991892218,495673351,4139230794,1430,6162855706
US-TX-48347,TX,Nacogdoches,2344136307,820248191,231290380,3395674878,24837,3265778780,1148074914,644224469,5058078163,2252,8453753041
US-TX-48397,TX,Rockwall,9882236529,3697893057,969369719,14549499305,37915,6193396644,1945760120,1133764722,9272921486,4507,23822420791
US-OH-39091,OH,Logan,2921356601,985483329,266418404,4173258334,20440,3442868953,1424791927,617192600,5484853480,1400,9658111814
US-KY-21039,KY,Carlisle,176572275,61145701,16135964,253853940,1931,107070821,43369235,19698477,170138533,130,423992473
US-TX-48185,TX,Grimes,1560759927,527951700,142111970,2230823597,10529,910484284,357824233,158875489,1427184006,783,3658007603
US-GA-13121,GA,Fulton,86498826791,32053170878,8711410078,127263407747,392787,184086149101,48204768546,30916918195,263207835842,72270,390471243589
US-NE-31073,NE,Gosper,163469748,47746137,12801028,224016913,959,30620805,11054584,4655323,46330712,80,270347625
US-TX-48091,TX,Comal,16211013258,5878809471,1551726429,23641549158,64625,11662388285,3544576833,2034143670,17241108788,7460,40882657946
US-AL-01051,AL,Elmore,5370025127,1878285673,503339618,7751650418,32864,3673050766,1147687888,815377047,5636115701,2021,13387766119
US-MI-26043,MI,Dickinson,1312817325,475828099,124172151,1912817575,11680,2353418066,904206767,482096085,3739720918,1303,5652538493
US-PR-72099,PR,Moca,1262539926,412707654,119508481,1794756061,15264,1568726018,595288154,240370538,2404384710,27,4199140771
US-TN-47137,TN,Pickett,324796008,92629850,24468801,441894659,2516,165170926,47426402,37782240,250379568,117,692274227
US-IN-18133,IN,Putnam,2224514093,788136383,216197471,3228847947,13851,2556473730,838855412,425812618,3821141760,1140,7049989707
US-VA-51117,VA,Mecklenburg,1673167771,502525407,138711727,2314404905,15547,1744924959,603606826,351969837,2700501622,1249,5014906527
US-KS-20067,KS,Grant,301557393,98339060,27265534,427161987,2565,267387462,88937673,52047679,408372814,304,835534801
US-MS-28109,MS,Pearl River,3152228043,1094140505,290176019,4536544567,21748,1252160401,456257422,245328778,1953746601,1413,6490291168
US-WV-54015,WV,Clay,286870380,91064724,24290669,402225773,3168,102415400,37304818,20681865,160402083,113,562627856
US-GA-13263,GA,Talbot,243953865,81733137,21775308,347462310,2593,48052894,17014071,7964860,73031825,77,420494135
US-RI-44007,RI,Providence,44014967348,14550076645,4277394973,62842438966,245472,73922041389,20610410483,11978008455,106510460327,27780,169352899293
US-KS-20017,KS,Chase,114581481,37864251,10686798,163132530,1273,57137047,25669524,10791173,93597744,70,256730274
US-OK-40053,OK,Grant,131003437,41982052,11468712,184454201,1837,112320609,37381443,20458554,170160606,162,354614807
US-OH-39129,OH,Pickaway,3546796967,1239986183,347563016,5134346166,21153,2016875864,787434569,382482728,3186793161,1356,8321139327
US-AL-01089,AL,Madison,30454330850,11112379517,2998178675,44564889042,153946,32175081676,9848977774,5846394268,47870453718,16270,92435342760
US-GA-13251,GA,Screven,461428011,141977974,38942375,642348360,5410,397033917,166884200,78686178,642604295,356,1284952655
US-LA-22045,LA,Iberia,3101471587,1049381837,292863425,4443716849,27747,3169981621,1153649726,588311849,4911943196,2390,9355660045
US-AL-01123,AL,Tallapoosa,2162986846,670834047,182126504,3015947397,18797,1735019899,617739093,329855848,2682614840,1299,5698562237
US-MT-30053,MT,Lincoln,1883954182,607000512,165232014,2656186708,9159,902978158,282186440,177137221,1362301819,963,4018488527
US-VA-51009,VA,Amherst,1717833673,602229489,163456867,2483520029,13145,1384900854,494110420,229545248,2108556522,852,4592076551
US-IL-17005,IL,Bond,551814086,202922468,54781334,809517888,6179,1046492346,333389310,154545801,1534427457,482,2343945345
US-PR-72055,PR,Guánica,462063991,141567202,38566616,642197809,7080,866122484,325387494,132379797,1323889775,31,1966087584
US-IA-19177,IA,Van Buren,324060520,111427324,29724617,465212461,3053,218911965,109012160,44155633,372079758,216,837292219
US-ID-16083,ID,Twin Falls,7159039849,2438784062,694010636,10291834547,33692,6078665186,2197917774,1182824580,9459407540,4632,19751242087
US-LA-22081,LA,Red River,236692177,79042333,21535699,337270209,3020,290795154,104937607,49041848,444774609,197,782044818
US-MN-27093,MN,Meeker,1611167479,568185686,150165587,2329518752,9067,1361355214,553999265,256642474,2171996953,906,4501515705
US-PR-72054,PR,Florida,363128480,134084828,36933830,534147138,4649,492776091,182313811,75009989,750099891,26,1284247029
US-VA-51019,VA,Bedford,5912941960,2137803485,554914134,8605659579,32595,3417943089,1215546882,615248182,5248738153,2807,13854397732
US-IN-18065,IN,Henry,2222234978,789800857,213918070,3225953905,18697,1954378454,751841715,372766229,3078986398,1340,6304940303
US-SC-45043,SC,Georgetown,5103723101,1610013352,423708615,7137445068,28779,4034874345,1239162909,758953616,6032990870,3246,13170435938
US-KS-20023,KS,Cheyenne,136752627,46342707,12544583,195639917,1284,80899624,29339747,14341941,124581312,143,320221229
US-IL-17161,IL,Rock Island,5558787740,2133068344,570727315,8262583399,57821,14895355605,4992910067,2632112587,22520378259,5220,30782961658
US-CA-06097,CA,Sonoma,52868260045,17132861768,5012007502,75013129315,179995,51241810902,15718043971,9901770505,76861625378,23265,151874754693
US-OH-39151,OH,Stark,20216007278,7223952370,2008511674,29448471322,153540,27141819309,9537104642,4897798321,41576722272,13542,71025193594
US-TX-48411,TX,San Saba,276478918,82716780,23789994,382985692,2487,155896791,55699411,29162741,240758943,236,623744635
US-PA-42089,PA,Monroe,12133738675,3915794488,1055214081,17104747244,66712,14604198009,4565360518,3354536542,22524095069,5463,39628842313
US-NE-31089,NE,Holt,543190317,179338597,50147293,772676207,4376,552382273,192544743,100094565,845021581,669,1617697788
US-IL-17085,IL,Jo Daviess,1528011582,512075549,135874041,2175961172,11223,2214450875,633989506,531891228,3380331609,1031,5556292781
US-MO-29047,MO,Clay,17653888430,6533501942,1761010935,25948401307,93045,23535647534,7381103151,4401099973,35317850658,9654,61266251965
US-VA-51119,VA,Middlesex,1133943263,337960726,89898152,1561802141,5786,532198411,159487142,106647640,798333193,443,2360135334
US-LA-22031,LA,De Soto,1133118337,359042889,100140574,1592301800,10732,709089152,277280032,145218983,1131588167,658,2723889967
US-MA-25023,MA,Plymouth,55867021139,20100244704,5377045633,81344311476,189851,42099112807,13218931867,7504015171,62822059845,21186,144166371321
US-TX-48285,TX,Lavaca,1358131082,438277797,120213541,1916622420,9104,931299400,378564093,173654126,1483517619,737,3400140039
US-MN-27095,MN,Mille Lacs,1876283460,652384907,172133683,2700802050,10593,2354054162,701896427,538605750,3594556339,1104,6295358389
US-PA-42013,PA,Blair,5876876685,2116820830,577224228,8570921743,49910,10632778556,3909587683,1982479691,16524845930,5100,25095767673
US-KY-21107,KY,Hopkins,1924023777,670824138,184043064,2778890979,18623,2246810479,875625235,412572935,3535008649,1445,6313899628
US-MI-26101,MI,Manistee,1694749939,523879235,136320577,2354949751,11988,2081282280,617665016,520251806,3219199102,891,5574148853
US-OK-40135,OK,Sequoyah,1579947471,527398116,146723211,2254068798,15929,1391890266,431307290,325364745,2148562301,980,4402631099
US-OK-40117,OK,Pawnee,618573350,206459191,55809129,880841670,6197,366191237,130844872,73332953,570369062,374,1451210732
US-IN-18021,IN,Clay,1138500695,412765418,111064335,1662330448,10437,1241700731,506353124,227871960,1975925815,764,3638256263
US-NJ-34003,NJ,Bergen,87831430734,30617459866,8618185117,127067075717,327150,115112915690,35109998679,19026700243,169249614612,52354,296316690329
US-KY-21053,KY,Clinton,363219725,116581526,32091344,511892595,4061,430007184,204810171,91201023,726018378,284,1237910973
US-TX-48485,TX,Wichita,4792330391,1725752754,481496508,6999579653,49807,7514505783,2558903919,1447401372,11520811074,5090,18520390727
US-OK-40099,OK,Murray,672439544,208671430,58579695,939690669,5565,535425358,176825259,97778428,810029045,426,1749719714
US-GA-13085,GA,Dawson,2653277571,909910978,245468060,3808656609,11143,1797032152,663028278,344274274,2804334704,1399,6612991313
US-ND-38007,ND,Billings,106840822,31930199,8610320,147381341,424,186561470,44358845,50636905,281557220,81,428938561
US-MA-25001,MA,Barnstable,41509811227,11911718774,3196052775,56617582776,124467,19921730594,5936017979,3803525953,29661274526,13687,86278857302
US-SD-46117,SD,Stanley,164611575,57459864,14879151,236950590,1204,164286888,50842359,33264518,248393765,178,485344355
US-KY-21199,KY,Pulaski,3235094140,1059906335,293812333,4588812808,27307,3414097926,1367049700,694607562,5475755188,2358,10064567996
US-KY-21019,KY,Boyd,1915893138,689656726,187847567,2793397431,19061,3237741491,1147823704,638883066,5024448261,1945,7817845692
US-LA-22067,LA,Morehouse,896529434,298290360,84039981,1278859775,10750,779801647,293197922,155660803,1228660372,677,2507520147
US-CT-09160,CT,Northwest Hills Planning Region,8850620420,3014867376,820522464,12686010260,48296,8823247212,2638277417,1516123883,12977648512,4537,25663658772
US-NE-31147,NE,Richardson,323870247,115188357,31677013,470735617,3764,269620785,98998679,46335613,414955077,384,885690694
US-AL-01085,AL,Lowndes,272758982,92916757,25448123,391123862,4145,257740201,120723975,48298558,426762734,162,817886596
US-NC-37029,NC,Camden,795140836,294484315,77072663,1166697814,3830,88865728,22676836,14234614,125777178,188,1292474992
US-NY-36009,NY,Cattaraugus,2095957510,740678830,198568521,3035204861,33877,8225867325,2362688740,1762833747,12351389812,2445,15386594673
US-NY-36071,NY,Orange,19245462916,7008840337,1914475516,28168778769,129677,34124365799,11151952946,5868992017,51145310762,17081,79314089531
US-TX-48065,TX,Carson,266899643,90638481,24669407,382207531,2502,137455453,46541317,21800127,205796897,188,588004428
US-PA-42113,PA,Sullivan,564254293,133837470,35313813,733405576,3820,197325501,65070844,38517960,300914305,239,1034319881
US-TX-48059,TX,Callahan,611509846,206063242,54939707,872512795,5637,252316149,97310478,46329797,395956424,363,1268469219
US-AR-05053,AR,Grant,821833029,284252516,76901527,1182987072,6825,470690149,207063924,90694077,768448150,461,1951435222
US-MN-27077,MN,Lake of the Woods,380546913,93476302,24228664,498251879,2296,797082143,217643676,207744067,1222469886,259,1720721765
US-NV-32015,NV,Lander,237412690,71640034,20523735,329576459,2360,171013636,60466377,29497287,260977300,138,590553759
US-TX-48133,TX,Eastland,704371801,230364315,63414055,998150171,7997,734157202,276383368,142596667,1153137237,743,2151287408
US-GA-13067,GA,Cobb,63386848053,23558514298,6296499998,93241862349,268831,70212141077,20227755098,12040104204,102480000379,37976,195721862728
US-MI-26013,MI,Baraga,401306468,122106886,32724324,556137678,3890,367153278,148652070,78282511,594087859,253,1150225537
US-MS-28153,MS,Wayne,621328703,213957912,55575077,890861692,7577,607189614,266381562,118103063,991674239,554,1882535931
US-AL-01081,AL,Lee,10714260187,3714263136,1016960268,15445483591,65895,9235276436,3102255495,1724720852,14062252783,5769,29507736374
US-CO-08023,CO,Costilla,215032841,61994277,16773109,293800227,1847,50028776,19633123,8789201,78451100,72,372251327
US-NC-37097,NC,Iredell,13930427409,4903874809,1331725720,20166027938,72882,13893699872,4787870125,2503216752,21184786749,8559,41350814687
US-KY-21117,KY,Kenton,10898323787,3976203559,1076537857,15951065203,63560,12227126901,3816700137,2175087321,18218914359,5761,34169979562
US-CA-06105,CA,Trinity,1009258397,275929582,77730732,1362918711,6218,461213350,149770349,104425349,715409048,376,2078327759
US-PR-72005,PR,Aguadilla,2155484643,719131361,205190035,3079806039,23268,2864426146,1017581986,430977237,4312985369,219,7392791408
US-KS-20061,KS,Geary,1531493081,481964030,151821803,2165278914,14452,1632243107,513657122,304115215,2450015444,1071,4615294358
US-OK-40027,OK,Cleveland,17516851219,6220622014,1740046369,25477519602,109773,13457298511,4005644759,2413861198,19876804468,10487,45354324070
US-AL-01005,AL,Barbour,821117544,263576704,73600175,1158294423,9869,1077069876,451416207,206500129,1734986212,695,2893280635
US-IL-17061,IL,Greene,355212996,120272990,32615542,508101528,5024,291516442,107870176,51724976,451111594,324,959213122
US-TN-47077,TN,Henderson,1312835060,437091914,121126130,1871053104,11427,1114227135,457946281,214354027,1786527443,770,3657580547
US-KS-20193,KS,Thomas,432548739,153707427,41077929,627334095,3126,521710167,181269344,104530685,807510196,527,1434844291
US-VA-51191,VA,Washington,2956815776,1038955507,279724558,4275495841,22654,3893786807,1382598136,700453740,5976838683,1893,10252334524
US-FL-12055,FL,Highlands,5571336743,1827536777,494183662,7893057182,48361,4121628255,1310824660,771529178,6203982093,3322,14097039275
US-SD-46069,SD,Hyde,70455474,24431614,6546735,101433823,559,31319100,12374473,5209909,48903482,56,150337305
US-PR-72011,PR,Añasco,865280707,272016257,76091476,1213388440,10328,1164335286,441727646,178451438,1784514370,19,2997902810
US-TX-48441,TX,Taylor,6697362778,2327809986,659325336,9684498100,55197,11695519921,3524606828,1952229211,17172355960,6056,26856854060
US-TX-48001,TX,Anderson,1937586473,653633712,179569051,2770789236,17429,2251553589,822956453,407082864,3481592906,1412,6252382142
US-PR-72023,PR,Cabo Rojo,2069513529,619930980,169328118,2858772627,22745,2647256771,1009658294,406219857,4063134922,37,6921907549
US-PA-42065,PA,Jefferson,1906280193,658813127,178950360,2744043680,19075,2681833228,1094784293,512627041,4289244562,1765,7033288242
US-OR-41051,OR,Multnomah,77319508592,27051527140,7675071575,112046107307,306372,114073856102,32196838396,19064972237,165335666735,47056,277381774042
US-ID-16055,ID,Kootenai,21722888718,7328375283,2019704385,31070968386,67413,13486489237,4062050850,2717386092,20265926179,9273,51336894565
US-NY-36063,NY,Niagara,7905735295,2963006047,801691223,11670432565,88954,18250108349,6014840142,3694908849,27959857340,7524,39630289905
US-IA-19029,IA,Cass,634575879,229628094,62755689,926959662,5728,803220294,289869938,141809347,1234899579,705,2161859241
US-CA-06021,CA,Glenn,1442652233,483718943,137766833,2064138009,9419,1449455015,512338079,275622332,2237415426,812,4301553435
US-CA-06073,CA,San Diego,271277897066,91544888308,26497384957,389320170331,1012820,417316314971,112481518677,75925530334,605723363982,161476,995043534313
US-WA-53049,WA,Pacific,2066791130,611191519,162279511,2840262160,12231,1521221453,453412110,371491801,2346125364,884,5186387524
US-IL-17197,IL,Will,44565620963,16735683197,4399994678,65701298838,227702,58471687757,20278427807,9795825820,88545941384,26815,154247240222
US-KS-20015,KS,Butler,4008286999,1420600972,387037316,5815925287,24825,2266472888,787467116,409098462,3463038466,2093,9278963753
US-SC-45003,SC,Aiken,9582918918,3319253670,897004864,13799177452,69781,8813405324,3023893005,1660133304,13497431633,4840,27296609085
US-OK-40061,OK,Haskell,489216102,161781938,44156850,695154890,4871,309188589,125415535,60953594,495557718,317,1190712608
US-UT-49001,UT,Beaver,546734538,179899259,48795395,775429192,2565,494175368,157800090,106796075,758771533,299,1534200725
US-NY-36039,NY,Greene,2648776655,776091851,207996655,3632865161,21955,4659036180,1339770177,1076532408,7075338765,1891,10708203926
US-NY-36091,NY,Saratoga,13358778082,4840967604,1300453902,19500199588,94903,21788523969,6812142147,4050756021,32651422137,9026,52151621725
US-TX-48299,TX,Llano,2560023201,734904446,199897903,3494825550,12314,1450188672,375560591,370822793,2196572056,814,5691397606
US-SC-45067,SC,Marion,754435382,251252548,71625331,1077313261,12770,793714877,311592718,146295333,1251602928,788,2328916189
US-TN-47149,TN,Rutherford,27673000957,9840244788,2704457076,40217702821,117304,23966868869,8195422957,4285580322,36447872148,10809,76665574969
US-NJ-34035,NJ,Somerset,31794069008,11813366418,3168409540,46775844966,118241,45474092379,14053843031,7790757563,67318692973,16706,114094537939
US-WY-56003,WY,Big Horn,794576360,260803210,70883912,1126263482,4596,371748700,133371201,70364688,575484589,443,1701748071
US-IL-17175,IL,Stark,185779381,68158004,18380373,272317758,2379,183491169,82307642,33878188,299676999,167,571994757
US-AL-01059,AL,Franklin,1268353615,439228533,119026196,1826608344,12237,1935530205,960179640,406354268,3302064113,883,5128672457
US-KS-20099,KS,Labette,683179921,243708322,66160437,993048680,8398,1140573091,485954574,233348104,1859875769,731,2852924449
US-TN-47147,TN,Robertson,5966284125,2149383535,580803514,8696471174,26950,3828240491,1603165019,717947643,6149353153,2036,14845824327
US-KS-20145,KS,Pawnee,220968526,72985016,20815599,314769141,2660,210137438,75794649,43519105,329451192,207,644220333
US-TN-47119,TN,Maury,8600508561,3054494700,829465987,12484469248,39373,6138061843,2237043899,1135434275,9510540017,3399,21995009265
US-TX-48013,TX,Atascosa,1651154646,574676210,153782034,2379612890,16439,1560233390,545033557,303531320,2408798267,1264,4788411157
US-WV-54075,WV,Pocahontas,575051201,130396038,34560912,740008151,4647,1597203539,398966926,436785641,2432956106,325,3172964257
US-LA-22109,LA,Terrebonne,5845827005,2059675352,557495071,8462997428,41318,6728723233,2298386103,1217507972,10244617308,4097,18707614736
US-NC-37035,NC,Catawba,9561789188,3448033090,926358463,13936180741,64222,15371679954,6223884185,2840977679,24436541818,7131,38372722559
US-NC-37001,NC,Alamance,9563541340,3385973801,935121246,13884636387,67021,10922713952,3691151646,1897601326,16511466924,6121,30396103311
US-IN-18103,IN,Miami,1344493258,476181771,130498232,1951173261,13544,1200672734,455282926,228344600,1884300260,904,3835473521
US-GA-13243,GA,Randolph,184378761,60698308,17860691,262937760,3008,171083615,65620942,27867544,264572101,206,527509861
US-NY-36043,NY,Herkimer,1971665573,685945802,183133663,2840745038,26779,3493590089,1223750160,627578699,5344918948,1758,8185663986
US-TN-47043,TN,Dickson,4212190839,1498641751,400381677,6111214267,20523,2455000174,965316567,476267001,3896583742,1697,10007798009
US-WA-53055,WA,San Juan,4100695618,1134268054,312787769,5547751441,10819,1745298246,454606712,386956998,2586861956,1497,8134613397
US-GA-13185,GA,Lowndes,5597253113,1900707966,551717788,8049678867,45435,7500885068,2554991446,1409853277,11465729791,5063,19515408658
US-NE-31021,NE,Burt,323154945,114575130,30855132,468585207,2939,211590607,65638598,30953999,308183204,298,776768411
US-WI-55129,WI,Washburn,1640971793,449396343,120951928,2211320064,9646,866235004,335219941,173438497,1374893442,792,3586213506
US-MN-27031,MN,Cook,893819168,206789110,55743938,1156352216,4084,1110531568,259002572,282279281,1651813421,447,2808165637
US-GA-13283,GA,Treutlen,158815195,55597757,15824985,230237937,2426,122748942,49744969,23032232,195526143,129,425764080
US-AK-02016,AK,Aleutians West,205395884,47756296,16764482,269916662,990,962222100,488203193,178904035,1629329328,207,1899245990
US-TX-48081,TX,Coke,145541272,44478631,12372298,202392201,1764,28397858,7803065,4280123,40481046,78,242873247
US-IA-19035,IA,Cherokee,612866328,224378000,60717430,897961758,4997,710155516,278906244,124394055,1113455815,535,2011417573
US-TX-48225,TX,Houston,949450116,289611968,80892433,1319954517,9021,652216778,248982569,127563900,1028763247,575,2348717764
US-MN-27153,MN,Todd,1596229097,538446918,141162783,2275838798,10520,1228579299,498801242,238698916,1966079457,885,4241918255
US-MI-26151,MI,Sanilac,2409570650,821287947,217167220,3448025817,18154,1689929034,737036718,328851958,2755817710,1320,6203843527
US-TX-48435,TX,Sutton,139143729,43765251,11983567,194892547,1433,188802198,53218886,42176756,284197840,161,479090387
US-SC-45071,SC,Newberry,1753098750,586667716,160605780,2500372246,16052,2221601244,922878828,416855146,3561335218,1238,6061707464
US-GA-13137,GA,Habersham,2349449943,798980197,216610658,3365040798,16594,2233314203,834348389,403265800,3470928392,1478,6835969190
US-NM-35025,NM,Lea,3122161644,1051664122,294443580,4468269346,24586,3512618661,1149371424,691548264,5353538349,2525,9821807695
US-NJ-34027,NJ,Morris,48976310270,18362948560,4880935826,72220194656,173190,72470069990,21503166110,12491898381,106465134481,27157,178685329137
US-MS-28163,MS,Yazoo,836880600,276196926,80954907,1194032433,9344,674374554,238876584,119942828,1033193966,638,2227226399
US-MN-27079,MN,Le Sueur,2484902984,893632371,235692540,3614227895,11239,1568681288,657954613,291883329,2518519230,1107,6132747125
US-MN-27103,MN,Nicollet,2176017341,815805288,217677471,3209500100,11729,3202674538,1116424862,540094577,4859193977,1153,8068694077
US-TX-48489,TX,Willacy,350878679,127010935,34534808,512424422,6211,473328706,152656720,103358675,729344101,306,1241768523
US-TX-48159,TX,Franklin,655026717,213958149,57285472,926270338,4358,813063303,320259540,155050401,1288373244,264,2214643582
US-KS-20049,KS,Elk,72896063,23996456,6471526,103364045,1248,32945398,10580930,5831739,49358067,83,152722112
US-NC-37023,NC,Burke,4298286931,1533039129,413313127,6244639187,36011,3986727738,1622681959,793250309,6402660006,2458,12647299193
US-AL-01093,AL,Marion,1029572869,334889379,91452861,1455915109,11869,1314057913,574298563,270260492,2158616968,889,3614532077
US-UT-49025,UT,Kane,1095116504,272485806,72473831,1440076141,4418,2226833444,493103264,542828118,3262764826,514,4702840967
US-TX-48107,TX,Crosby,141975172,47660473,13056732,202692377,2335,78165936,32365922,14406869,124938727,124,327631104
US-ID-16027,ID,Canyon,20773508847,7352334047,2029665644,30155508538,80255,11629306276,4205567802,2078145671,17913019749,8201,48068528287
US-IA-19119,IA,Lyon,810646730,294424556,78119884,1183191170,4389,1139983258,355590319,264980473,1760554050,587,2943745220
US-OH-39075,OH,Holmes,2531160380,895359270,242431400,3668951050,13349,3761924155,1640076277,781725892,6183726324,2015,9852677374
US-MO-29131,MO,Miller,1393386276,466516969,125851425,1985754670,10452,1028505548,363188334,189619140,1581313022,1110,3567067692
US-NV-32019,NV,Lyon,4346054771,1519505553,416684781,6282245105,22567,2207477027,756358019,398323588,3362158634,1360,9644403739
US-OK-40087,OK,McClain,2829830258,1014615132,274260289,4118705679,15584,1672740502,479910867,288601877,2441253246,1424,6559958925
US-TN-47163,TN,Sullivan,9445022788,3379375401,913477408,13737875597,66147,10843001704,3957508695,2051825259,16852335658,5728,30590211255
US-GA-13045,GA,Carroll,6606265187,2325515447,644682821,9576463455,43629,6774601175,2735465524,1352617575,10862684274,3813,20439147729
US-MO-29085,MO,Hickory,420727628,116456496,31163833,568347957,4161,164590001,55922963,31337797,251850761,228,820198718
US-LA-22113,LA,Vermilion,2737396977,921551186,253340444,3912288607,22646,1465009798,523990909,268866742,2257867449,1545,6170156056
US-MS-28147,MS,Walthall,576068597,184611264,50170854,810850715,5840,258882242,102282142,44597377,405761761,299,1216612476
US-MN-27119,MN,Polk,1887352107,668548129,178183413,2734083649,12064,1823536734,659798388,334336633,2817671755,1175,5551755404
US-OH-39003,OH,Allen,4857074777,1712308624,480798428,7050181829,41232,8316757927,3058602660,1508693311,12884053898,3597,19934235727
US-NJ-34011,NJ,Cumberland,6207339224,2234704498,624848890,9066892612,51982,11071860452,4283171929,1969660635,17324693016,4609,26391585628
US-NC-37149,NC,Polk,1805795812,599851505,160532373,2566179690,9326,726862495,227923943,139199590,1093986028,789,3660165718
US-GA-13063,GA,Clayton,12427927738,4448611683,1271451958,18147991379,102406,15963519637,5539147821,2622109830,24124777288,8461,42272768667
US-VA-51067,VA,Franklin,3454045503,1139615261,305667737,4899328501,24261,2765422800,1041286811,486141175,4292850786,1823,9192179287
US-KY-21227,KY,Warren,8447031456,2909533123,836240869,12192805448,51849,10576284691,3842401862,1988479168,16407165721,5396,28599971169
US-MN-27173,MN,Yellow Medicine,505276796,185379159,48484950,739140905,3951,1014644127,298115549,235367197,1548126873,498,2287267778
US-KY-21229,KY,Washington,624165910,218886820,59354663,902407393,4633,498885066,219910858,98146393,816942317,386,1719349710
US-TX-48317,TX,Martin,222302769,73399463,21670379,317372611,2129,158034701,56728714,31724209,246487624,170,563860235
US-IA-19149,IA,Plymouth,1698643916,616135283,167819757,2482598956,9882,1955827275,789160976,346762444,3091750695,1079,5574349651
US-NM-35059,NM,Union,175945004,53102886,14856114,243904004,1719,190675834,50760079,46442349,287878262,134,531782266
US-MI-26067,MI,Ionia,3153686665,1175566834,309676988,4638930487,21630,2459162355,1012496214,468149265,3939807834,1471,8578738321
US-KS-20021,KS,Cherokee,697642205,240226079,66664744,1004533028,8243,674967151,291919812,131864482,1098751445,512,2103284473
US-IA-19125,IA,Marion,2171288618,796996311,213599640,3181884569,12741,3770327749,1577391664,685574209,6033293622,1397,9215178191
US-NY-36097,NY,Schuyler,655411043,218398274,58117200,931926517,7817,1119152354,387029378,240269112,1746450844,608,2678377361
US-WI-55133,WI,Waukesha,41019878569,15744139649,4085787927,60849806145,147523,50883919105,16769146447,8699483393,76352548945,21282,137202355090
US-VA-51071,VA,Giles,708006101,240408048,64525942,1012940091,7194,738945905,287919053,155967970,1182832928,462,2195773019
US-MT-30039,MT,Granite,524557463,123843723,34932342,683333528,1954,242923888,62642875,67784636,373351399,149,1056684927
US-RI-44001,RI,Bristol,5271896474,1803171453,497884032,7572951959,19247,4653528577,1235528366,641948403,6531005346,2073,14103957305
US-LA-22039,LA,Evangeline,1182499014,400107330,113101314,1695707658,13179,998185225,397205899,193982013,1589373137,770,3285080795
US-NY-36005,NY,Bronx,28498726166,12988134911,3756576192,45243437269,361979,117092229520,26294919196,17219126575,160606275291,39758,205849712560
US-TN-47187,TN,Williamson,38482478205,14415463063,3768940815,56666882083,82656,27204984335,7334035526,4835167731,39374187592,13661,96041069675
US-AL-01129,AL,Washington,782428811,244296481,64519687,1091244979,6308,782468741,421548642,159013349,1363030732,303,2454275711
US-NY-36045,NY,Jefferson,4131315146,1314102247,385970130,5831387523,51978,7295872526,2513118124,1445087844,11254078494,3988,17085466017
US-WI-55017,WI,Chippewa,4864887303,1709014407,468576876,7042478586,26282,4578386481,1825239084,860897244,7264522809,2603,14307001395
US-NE-31125,NE,Nance,159233218,54551349,14848262,228632829,1456,78249654,27659246,13564820,119473720,141,348106549
US-AK-02110,AK,Juneau City and,3278616249,1098384784,314800724,4691801757,12415,3363712439,936338556,621262922,4921313917,1860,9613115674
US-VT-50005,VT,Caledonia,2237344901,741383007,199632852,3178360760,13400,2101305694,688858464,381926493,3172090651,1422,6350451411
US-PA-42041,PA,Cumberland,18016773063,6541029982,1787239460,26345042505,99220,29711842593,9761473576,4941345112,44414661281,10936,70759703786
US-TX-48407,TX,San Jacinto,1451403493,449728436,118703950,2019835879,11586,174062227,59893698,30195892,264151817,361,2283987696
US-NH-33017,NH,Strafford,9141780148,3239152900,887497704,13268430752,47546,8934068388,2837008141,1607634888,13378711417,4758,26647142169
US-NE-31153,NE,Sarpy,14083207495,5349170675,1416628321,20849006491,64775,11845976579,3573346215,1952768908,17372091702,6798,38221098193
US-OH-39173,OH,Wood,7188720904,2673937256,727737952,10590396112,49190,11944618991,4525519263,2143350532,18613488786,5114,29203884898
US-VA-51031,VA,Campbell,2780075091,979095205,262837139,4022007435,22268,3256216519,1231413558,588612156,5076242233,1906,9098249668
US-AL-01079,AL,Lawrence,1529356322,534874933,140810534,2205041789,13092,458336110,162410882,84547795,705294787,646,2910336576
US-PR-72113,PR,Ponce,4329822178,1578762778,423450847,6332035803,55000,6905261686,2452619130,1037569494,10395450310,646,16727486113
US-AL-01073,AL,Jefferson,42818347068,15090093763,4130699249,62039140080,262204,58140113387,17633007642,10115852628,85888973657,29835,147928113737
US-PR-72137,PR,Toa Baja,3027845808,1006451816,284747568,4319045192,31588,3408580367,1273247878,518338578,5200166823,142,9519212015
US-TX-48151,TX,Fisher,116603062,40240925,10705493,167549480,1767,70752237,26725322,12546469,110024028,94,277573508
US-VA-51685,VA,Manassas Park city,1054441193,383829237,104251178,1542521608,4889,495660290,137751390,74678639,708090319,464,2250611927
US-NE-31095,NE,Jefferson,322638289,114997137,31168954,468804380,3189,381371420,159042260,70884415,611298095,331,1080102475
US-NE-31047,NE,Dawson,1058654510,374516237,104758837,1537929584,8904,1720741143,718638296,341826598,2781206037,1118,4319135621
US-NC-37071,NC,Gaston,14268242194,4987646294,1396934502,20652822990,92298,12820399989,4692331769,2297500768,19810232526,7676,40463055516
US-IA-19095,IA,Iowa,1048891369,378592431,102622450,1530106250,6731,1339276528,646187933,270675773,2256140234,740,3786246484
US-ND-38091,ND,Steele,99191483,29640053,8037566,136869102,885,53318376,23757992,9355940,86432308,76,223301410
US-SD-46009,SD,Bon Homme,274626966,97506185,26134793,398267944,2453,186936362,71124308,33979296,292039966,284,690307910
US-IL-17001,IL,Adams,2851365247,1056096185,285331736,4192793168,27103,6842985965,2518910149,1253255302,10615151416,2856,14807944584
US-CO-08095,CO,Phillips,321663515,110411041,30509501,462584057,1916,171602419,64070009,30136827,265809255,201,728393312
US-CO-08083,CO,Montezuma,2012041887,671062447,186563660,2869667994,11022,2130337403,618044481,519101254,3267483138,1191,6137151132
US-PA-42029,PA,Chester,56675467410,20946858006,5583002609,83205328025,185707,56005319891,16485288229,9461000481,81951608601,24559,165156936626
US-NC-37069,NC,Franklin,4433597531,1546780516,415134193,6395512240,27493,2007662395,821647216,361572666,3190882277,1718,9586394517
US-TX-48249,TX,Jim Wells,1074121932,373224962,102897705,1550244599,14269,1685425662,616650774,350115240,2652191676,1246,4202436275
US-PA-42007,PA,Beaver,9929066831,3569288607,968491226,14466846664,70907,10352905074,3525010890,1737331631,15615247595,5438,30082094259
US-WY-56013,WY,Fremont,3025084247,977930222,273837734,4276852203,15175,2600210696,734763355,551042327,3886016378,1888,8162868581
US-NC-37199,NC,Yancey,1388934635,422666380,114093259,1925694274,9237,570443695,222677654,107757505,900878854,545,2826573128
US-WY-56011,WY,Crook,704653755,219309833,60626305,984589893,3123,277026471,92411849,56648871,426087191,366,1410677084
US-MT-30021,MT,Dawson,563661240,192541392,52207888,808410520,3745,540824386,168934183,109542830,819301399,476,1627711919
US-TX-48157,TX,Fort Bend,62977267941,23445408542,6218203313,92640879796,269089,36865317903,11669279346,6522755411,55057352660,28797,147698232456
US-GA-13123,GA,Gilmer,2754277375,837355271,221987755,3813620401,14403,1070894872,413469002,208696719,1693060593,1052,5506680994
US-NC-37043,NC,Clay,1095537574,330764762,88212513,1514514849,5873,272824396,91677868,47978580,412480844,363,1926995693
US-IA-19185,IA,Wayne,248065684,85566355,23278121,356910160,2701,211189520,95284977,42577725,349052222,210,705962382
US-WI-55035,WI,Eau Claire,7103384011,2504955239,705744488,10314083738,41091,10244003859,3426091037,1875998633,15546093529,4697,25860177267
US-MN-27017,MN,Carlton,2407300572,866238247,228669127,3502207946,13522,1522379812,548309967,281977530,2352667309,1102,5854875255
US-NJ-34007,NJ,Camden,27310102532,10151895760,2766683447,40228681739,185385,45827804003,14807838984,7957865031,68593508018,19758,108822189757
US-WI-55027,WI,Dodge,5616330833,2064300978,555802019,8236433830,33393,6288756453,2593174832,1169579002,10051510287,2948,18287944117
US-CT-09190,CT,Western Connecticut Planning Region,61211814940,21442619283,5943337939,88597772162,215541,73481554826,20541270865,12579166761,106601992452,32834,195199764614
US-TX-48289,TX,Leon,789604188,234645775,63562152,1087812115,7200,606779375,226339018,124967346,958085739,537,2045897854
US-CA-06109,CA,Tuolumne,4800301796,1449347437,397673230,6647322463,24492,4061333169,1128490028,802170415,5991993612,1988,12639316075
US-VA-51047,VA,Culpeper,4283637228,1548501700,420309763,6252448691,18327,2742429877,920726350,500450053,4163606280,1758,10416054971
US-SD-46071,SD,Jackson,75837722,22825785,6627993,105291500,847,80261973,22525375,21599888,124387236,71,229678736
US-FL-12037,FL,Franklin,1013845002,267737916,72593044,1354175962,6402,437599549,130494010,89813734,657907293,496,2012083255
US-NE-31179,NE,Wayne,567573459,204736579,56669144,828979182,3616,593141775,244292731,116912637,954347143,413,1783326325
US-TX-48205,TX,Hartley,236485203,87687239,22918378,347090820,1608,173861870,62720232,30235657,266817759,181,613908579
US-LA-22105,LA,Tangipahoa,7656750537,2550972908,706795524,10914518969,52203,6602430903,2321699918,1218119906,10142250727,4277,21056769696
US-ID-16025,ID,Camas,100009020,22611593,6350706,128971319,512,14076340,5252117,2239122,21567579,44,150538898
US-VA-51141,VA,Patrick,818219928,272574735,72227828,1163022491,8399,527100512,236789759,101493604,865383875,406,2028406366
US-CO-08065,CO,Lake,763433364,229179022,63224238,1055836624,3240,470258279,116610160,83760806,670629245,368,1726465869
US-NC-37159,NC,Rowan,8389519384,2918106527,802923178,12110549089,58240,8722074129,3237664314,1549328263,13509066706,4637,25619615795
US-GA-13267,GA,Tattnall,672081334,213541373,59950055,945572762,8072,504112697,195900619,87603820,787617136,460,1733189898
US-PA-42023,PA,Cameron,211400025,59802974,16358336,287561335,2936,293242323,140054673,58056999,491353995,170,778915330
US-MS-28051,MS,Holmes,385971113,132525608,37182307,555679028,6404,325651155,113288892,63809349,502749396,400,1058428424
US-PR-72017,PR,Barceloneta,815818815,284557159,78588096,1178964070,9143,992537398,369505306,151234038,1513276742,47,2692240812
US-TX-48161,TX,Freestone,813725506,254112707,69439213,1137277426,7485,549703260,179924230,112129478,841756968,562,1979034394
US-VA-51111,VA,Lunenburg,491587630,158647932,44150613,694386175,5210,235793269,104177610,43517452,383488331,235,1077874506
US-TX-48379,TX,Rains,724420643,241020619,64119334,1029560596,4920,247325408,85696554,50009493,383031455,307,1412592051
US-OR-41069,OR,Wheeler,122108084,34368448,10064640,166541172,779,21411917,5698329,5988392,33098638,31,199639810
US-OH-39113,OH,Montgomery,26826700245,9605985206,2698051047,39130736498,225445,46023083557,15130915556,7993544858,69147543971,19668,108278280469
US-VT-50015,VT,Lamoille,2406827892,768514536,213349833,3388692261,11938,5189884635,1315531624,1377221271,7882637530,1551,11271329791
US-OH-39043,OH,Erie,4573914590,1553834360,428233774,6555982724,33180,9217744114,2856639409,1988402417,14062785940,3015,20618768664
US-TX-48105,TX,Crockett,150123229,45259882,12469860,207852971,1437,187695695,52545834,45118525,285360054,166,493213025
US-GA-13161,GA,Jeff Davis,401424137,136951379,37718994,576094510,5475,601059373,273817599,122800875,997677847,409,1573772357
US-IL-17007,IL,Boone,2530557682,935996853,249258141,3715812676,18412,3400280595,1627779598,659487043,5687547236,1346,9403359912
US-WV-54095,WV,Tyler,354824991,118056552,30783586,503665129,3362,200936418,86457826,38605705,325999949,172,829665078
US-TX-48429,TX,Stephens,306325034,107657105,27839979,441822118,3703,385136490,154205583,75909830,615251903,360,1057074021
US-AR-05075,AR,Lawrence,528864683,182060341,51354181,762279205,6939,597056685,195947885,91063919,884068489,421,1646347694
US-SD-46025,SD,Clark,176440161,60524710,16081538,253046409,1359,124663271,44929102,20633861,190226234,177,443272643
US-IL-17201,IL,Winnebago,11425187323,4160175601,1162934391,16748297315,114559,26363741097,9575279201,4662289829,40601310127,10564,57349607442
US-MN-27139,MN,Scott,14532396444,5596203077,1443668516,21572268037,49168,15239688141,4667195344,3084618941,22991502426,5528,44563770463
US-OR-41043,OR,Linn,9112025010,3122113957,890753901,13124892868,47814,8192171708,3017857623,1458296287,12668325618,4433,25793218486
US-GA-13305,GA,Wayne,1070557968,364294224,101750794,1536602986,11516,1063998396,413624525,204264105,1681887026,944,3218490012
US-NM-35019,NM,Guadalupe,140752238,40857984,11111015,192721237,1639,346251886,95632392,93175236,535059514,144,727780751
US-OK-40083,OK,Logan,3142397316,1127835658,296404598,4566637572,16954,1358982589,406733558,232752391,1998468538,1346,6565106110
US-TX-48093,TX,Comanche,605690901,199345727,53682490,858719118,5869,369106883,145924276,66859358,581890517,438,1440609635
US-AR-05097,AR,Montgomery,444502291,129746182,34887982,609136455,4226,343853304,90272925,92795508,526921737,181,1136058192
US-TX-48367,TX,Parker,11795469249,4227263411,1125209985,17147942645,52736,6034309015,2068068288,1088961309,9191338612,5190,26339281257
US-TN-47083,TN,Houston,402940252,134946203,35981756,573868211,3336,154358587,55013165,26003869,235375621,163,809243832
US-PR-72131,PR,San Sebastián,1344593992,443988663,123617841,1912200496,16228,1766780884,667697624,270452732,2704931240,38,4617131736
US-GA-13153,GA,Houston,8741217398,3094344360,856844019,12692405777,62356,7849756785,2624546518,1541296678,12015599981,4971,24708005758
US-NE-31085,NE,Hayes,39087813,12076379,3414353,54578545,417,5864246,2029744,972300,8866290,19,63444835
US-IA-19033,IA,Cerro Gordo,2421333083,847986221,231552258,3500871562,19567,3642347844,1332583368,683893451,5658824663,2239,9159696225
US-TX-48183,TX,Gregg,5567085529,1940295921,549179008,8056560458,47614,11277800870,3939886909,2072324192,17290011971,6635,25346572429
US-PA-42085,PA,Mercer,5236303816,1898574290,515615503,7650493609,45180,9524886849,3386391358,1685649913,14596928120,4256,22247421729
US-NC-37081,NC,Guilford,30755145776,11150786390,3077040058,44982972224,204723,51089196655,16726049658,8980683464,76795929777,25463,121778902001
US-MO-29049,MO,Clinton,1371197162,477927936,132042995,1981168093,8394,445211008,158258375,82940102,686409485,590,2667577578
US-MN-27167,MN,Wilkin,344848091,132407708,33905427,511161226,2458,204746210,66342007,32778393,303866610,223,815027836
US-LA-22099,LA,St. Martin,2382231752,802049508,217005172,3401286432,20778,1865283437,696788807,366621711,2928693955,1375,6329980387
US-TX-48083,TX,Coleman,290374514,90460571,24246587,405081672,3959,247136588,89076752,48930454,385143794,292,790225466
US-MO-29155,MO,Pemiscot,515811014,170586693,50530250,736927957,7026,686705857,236816495,132513106,1056035458,507,1792963415
US-MS-28079,MS,Leake,729495265,248853791,66528767,1044877823,7742,653160868,298696388,132728286,1084585542,514,2129463365
US-CT-09120,CT,Greater Bridgeport Planning Region,22456657999,7746137303,2199540830,32402336132,113485,32348415364,9662541430,5143699729,47154656523,11801,79556992655
US-GA-13065,GA,Clinch,172815426,60989010,16492102,250296538,2619,312956710,149306996,62171551,524435257,201,774731795
US-FL-12001,FL,Alachua,14497610156,5228333344,1454835320,21180778820,103701,19608635593,5688131009,3468202645,28764969247,12151,49945748067
US-NJ-34029,NJ,Ocean,53293330304,18125482828,4829194377,76248007509,247699,42198751756,12600638495,6967670718,61767060969,23167,138015068478
US-IN-18165,IN,Vermillion,615578732,219872502,60451602,895902836,6636,500455485,217887735,97521863,815865083,411,1711767919
US-OR-41029,OR,Jackson,19060242310,6343947410,1831571935,27235761655,87458,17663873909,5709072999,3357638533,26730585441,10346,53966347096
US-WI-55007,WI,Bayfield,1825999060,496506581,131026407,2453532048,9677,758715842,209530044,168630258,1136876144,716,3590408192
US-GA-13269,GA,Taylor,199888000,66505315,18702710,285096025,3409,134084532,49365156,23866376,207316064,207,492412089
US-TX-48255,TX,Karnes,472747978,149744385,42966284,665458647,5180,683915762,223330043,144604594,1051850399,496,1717309046
US-MN-27157,MN,Wabasha,1655885335,595845118,157379898,2409110351,8848,1158894893,412463940,204684964,1776043797,875,4185154148
US-NE-31003,NE,Antelope,285938945,99885796,27252794,413077535,2815,262570161,96045403,42766363,401381927,329,814459462
US-VA-51035,VA,Carroll,1349410844,435749771,116663389,1901824004,13868,996436436,395189843,204358180,1595984459,664,3497808463
US-AL-01117,AL,Shelby,19130529033,7150753463,1866496298,28147778794,81472,13977308045,4266805905,2388505145,20632619095,8986,48780397889
US-MN-27115,MN,Pine,2284666955,710845797,186870878,3182383630,13189,2566458744,688350853,616794399,3871603996,989,7053987626
US-MS-28129,MS,Smith,535115777,179786864,47066901,761969542,5479,343457025,159245012,65443789,568145826,238,1330115368
US-KS-20197,KS,Wabaunsee,416055556,140383516,38158529,594597601,2775,113169554,47285881,20443814,180899249,184,775496850
US-PR-72019,PR,Barranquitas,910870036,312764594,87849677,1311484307,10369,1096561944,410850124,167422910,1674834978,38,2986319285
US-SD-46067,SD,Hutchinson,418797380,154326247,40941525,614065152,2850,349248837,137270236,61806376,548325449,372,1162390601
US-TX-48087,TX,Collingsworth,102877076,30483241,8419937,141780254,1216,64953917,22844461,11572118,99370496,102,241150750
US-AZ-04025,AZ,Yavapai,23235174026,7770358221,2142333914,33147866161,106548,15287898321,4386040266,2997750287,22671688874,10074,55819555035
US-TX-48079,TX,Cochran,60489859,20494718,5739540,86724117,1123,30978609,11499530,5327882,47806021,56,134530138
US-NE-31077,NE,Greeley,85996399,29258921,7809647,123064967,1037,50186690,18466140,8143955,76796785,111,199861752
US-OH-39149,OH,Shelby,2691874362,959771416,264768666,3916414444,18669,4658745983,2183259430,927603292,7769608705,1590,11686023149
US-OH-39139,OH,Richland,5742270815,2065984480,572002751,8380258046,49643,7940860681,2938013370,1452296803,12331170854,4392,20711428900
US-MI-26069,MI,Iosco,1549589747,442102928,115964878,2107657553,14546,1320840611,528727701,247614882,2097183194,983,4204840747
US-MS-28031,MS,Covington,579446821,201203551,53876789,834527161,7216,686860463,319090489,137650418,1143601370,509,1978128531
US-TX-48115,TX,Dawson,321467335,114449602,31738911,467655848,4580,312590827,112399931,61784269,486775027,404,954430875
US-PR-72105,PR,Naranjito,788333768,266735915,75351073,1130420756,9948,1027500953,390705324,157578475,1575784752,18,2706205508
US-MS-28093,MS,Marshall,1799787586,607523222,163552037,2570862845,13358,1325348478,525747421,215755865,2066851764,748,4637714609
US-PA-42033,PA,Clearfield,3239036941,1144547601,304684547,4688269089,32447,5297325052,1912812820,975587113,8185724985,3071,12873994074
US-OH-39045,OH,Fairfield,11446112550,4124384984,1124241222,16694738756,57797,7101147484,2507967692,1313541877,10922657053,4690,27617395809
US-MD-24009,MD,Calvert,9135309488,3385340116,883131368,13403780972,32273,3392662122,1055762107,611695311,5060119540,2604,18463900512
US-MT-30071,MT,Phillips,274489186,84595600,23956734,383041520,1940,173061708,57647005,39260560,269969273,196,653010793
US-ND-38053,ND,McKenzie,1290985454,398734102,111231078,1800950634,5711,1163348124,322292130,216212664,1701852918,849,3502803552
US-KY-21211,KY,Shelby,3684067551,1321359392,358188771,5363615714,17284,3345726145,1415164383,622786530,5383677058,1821,10747292772
US-CA-06079,CA,San Luis Obispo,31799112494,9634519722,2884928088,44318560304,109104,29463053292,8557012936,5954194247,43974260475,14369,88292820779
US-VA-51121,VA,Montgomery,5243873257,1791281548,507214010,7542368815,35596,7348640589,2383389177,1377593491,11109623257,3642,18651992072
US-KS-20089,KS,Jewell,89312908,29683361,7928548,126924817,1472,57598353,21364334,9389242,88351929,123,215276746
US-VA-51145,VA,Powhatan,2900404720,1095715710,281483319,4277603749,11051,991313692,317476775,165521726,1474312193,1008,5751915942
US-NC-37121,NC,Mitchell,1032716703,326183260,87540343,1446440306,7187,566694355,213888826,111107145,891690326,568,2338130632
US-WV-54109,WV,Wyoming,595836685,201238929,52918711,849994325,8136,310546294,120408508,58907433,489862235,414,1339856560
US-TX-48195,TX,Hansford,207072017,69479219,18989398,295540634,2046,162875993,58573925,26982185,248432103,202,543972737
US-TX-48461,TX,Upton,113874800,38119309,10509093,162503202,1440,105799964,42344436,17483585,165627985,114,328131187
US-MT-30029,MT,Flathead,14930858201,4912934394,1352486427,21196279022,44036,9085974105,2745162409,1756104947,13587241461,7379,34783520483
US-MI-26109,MI,Menominee,1266380745,423536058,111542581,1801459384,10609,1122014328,462054921,211149926,1795219175,717,3596678559
US-PA-42071,PA,Lancaster,37724881929,13675918080,3762496735,55163296744,197929,54659284361,18783716825,9743996511,83186997697,22253,138350294441
US-IA-19057,IA,Des Moines,1935552171,705442455,192061282,2833055908,16912,3438744381,1280494024,700310708,5419549113,1726,8252605021
US-MO-29059,MO,Dallas,805715332,269948396,75375253,1151038981,6853,343571282,119245180,67859228,530675690,407,1681714671
US-AK-02020,AK,Anchorage,25762579023,8484151899,2437692929,36684423851,105219,36841662637,10835650366,6803847772,54481160775,14593,91165584626
US-AL-01007,AL,Bibb,760993624,260219956,69383229,1090596809,7542,558387575,221886788,100585741,880860104,496,1971456913
US-KY-21203,KY,Rockcastle,590371459,207705041,55755680,853832180,6336,474340996,163462948,94208789,732012733,343,1585844913
US-MT-30055,MT,McCone,156524284,50090752,13323131,219938167,901,44652955,17077877,8139988,69870820,78,289808987
US-AR-05077,AR,Lee,209318431,65368708,18889554,293576693,3224,111756277,41627873,19986724,173370874,174,466947567
US-MN-27117,MN,Pipestone,420987071,159294933,41716975,621998979,3843,548288170,222003995,101224521,871516686,455,1493515665
US-VT-50011,VT,Franklin,4208183652,1436364312,388107266,6032655230,19710,2447058132,975607084,483678253,3906343469,1673,9938998699
US-KS-20037,KS,Crawford,1550199408,537994749,154634546,2242828703,16469,3068863450,1049325628,579178136,4697367214,1581,6940195917
US-MS-28073,MS,Lamar,3941111871,1409845320,383286658,5734243849,24079,3462621100,1037392362,661260892,5161274354,2485,10895518203
US-MO-29171,MO,Putnam,219290728,64470222,17492703,301253653,2275,88490936,36715488,17548693,142755117,136,444008770
US-IL-17181,IL,Union,626273580,227029345,60698213,914001138,6862,648714918,235225527,125598979,1009539424,551,1923540562
US-AL-01119,AL,Sumter,347839095,109080177,30397800,487317072,5265,374288818,146805594,67443835,588538247,310,1075855319
US-FL-12073,FL,Leon,16580870143,5764159014,1638222519,23983251676,114289,20993326473,5663140293,3658567157,30315033923,13795,54298285599
US-MS-28029,MS,Copiah,913632879,296707414,81668326,1292008619,10680,994747922,442677193,191874101,1629299216,688,2921307835
US-CA-06069,CA,San Benito,5990039689,1973600351,577898130,8541538170,19696,3143740462,1199724934,592943535,4936408931,1720,13477947101
US-KS-20079,KS,Harvey,1881726596,661125637,185010743,2727862976,13652,2325459160,861048122,413413524,3599920806,1198,6327783782
US-OH-39041,OH,Delaware,21946139315,8169915225,2154560462,32270615002,74184,19235955208,5686746032,3367572878,28290274118,8737,60560889120
US-MI-26005,MI,Allegan,8626876904,3058997474,797042625,12482917003,44271,8966754772,3494612295,1613277391,14074644458,3957,26557561461
US-NM-35017,NM,Grant,1369997348,425760841,116398271,1912156460,11610,928059726,285750947,180005991,1393816664,864,3305973124
US-KY-21137,KY,Lincoln,1074769377,380811607,102370268,1557951252,9723,406681363,159206402,77995400,643883165,457,2201834417
US-IL-17077,IL,Jackson,1686138691,605761738,173500254,2465400683,23529,3462775696,1128488622,637615988,5228880306,2083,7694280989
US-LA-22003,LA,Allen,736970243,241766359,66377846,1045114448,8246,572872510,231550003,114626513,919049026,466,1964163474
US-OR-41027,OR,Hood River,2691306961,877040666,247675663,3816023290,8975,3687307034,1032269691,674989850,5394566575,1623,9210589865
US-ND-38027,ND,Eddy,113084637,41404932,11006810,165496379,1115,76188692,23141697,12244430,111574819,117,277071198
US-GA-13039,GA,Camden,3211827535,1101293003,311391521,4624512059,21314,1999481971,568090668,400408987,2967981626,1577,7592493685
US-KY-21131,KY,Leslie,261233989,87388969,23069430,371692388,3978,101290738,36498882,20306542,158096162,136,529788550
US-TX-48241,TX,Jasper,1182393668,398343028,107182456,1687919152,13670,1257551920,501244180,246805182,2005601282,1031,3693520434
US-MT-30007,MT,Broadwater,829400383,291809492,78117746,1199327621,2861,201742232,76631256,39995553,318369041,282,1517696662
US-OR-41025,OR,Harney,359548569,123020571,33669309,516238449,3151,445732889,129496913,100511714,675741516,326,1191979965
US-AL-01017,AL,Chambers,1408501588,482594876,131119477,2022215941,13775,1453165960,567539099,282405436,2303110495,1002,4325326436
US-AR-05121,AR,Randolph,749223281,247155176,69074264,1065452721,7660,543619699,213202850,112865159,869687708,495,1935140429
US-SD-46097,SD,Miner,110339085,37693129,9844394,157876608,984,70409309,26088186,12839732,109337227,110,267213835
US-MS-28099,MS,Neshoba,865866919,300687307,81842264,1248396490,10576,4157965846,1026390607,1151999658,6336356111,798,7584752601
US-GA-13321,GA,Worth,630177758,212520586,58629733,901328077,8120,361559027,125597828,65787560,552944415,442,1454272492
US-SD-46095,SD,Mellette,36590517,12260440,3546704,52397661,702,9062158,4125800,1965347,15153305,28,67550966
US-MS-28159,MS,Winston,726017580,246777488,69176023,1041971091,7436,888910111,358832398,185522691,1433265200,609,2475236291
US-IL-17133,IL,Monroe,2357902380,889225877,231902412,3479030669,13068,2070801732,590583812,355021934,3016407478,1388,6495438147
US-TX-48391,TX,Refugio,205807269,67445460,17897809,291150538,2729,152288077,57352332,29453425,239093834,202,530244372
US-OH-39097,OH,Madison,2570686797,923769593,251598563,3746054953,14916,3134482754,1344842692,560680650,5040006096,1169,8786061049
US-NE-31013,NE,Box Butte,612679680,215456359,58207958,886343997,4597,547434504,179211379,101122240,827768123,483,1714112120
US-KY-21007,KY,Ballard,342700796,115516723,31439116,489656635,3185,217458793,98475670,41219123,357153586,224,846810221
US-IN-18067,IN,Howard,4333452841,1561584343,422098526,6317135710,34800,5479822415,2159397836,1036049694,8675269945,3031,14992405655
US-KY-21055,KY,Crittenden,367803086,123543570,33568222,524914878,3798,248563660,106306509,47029007,401899176,217,926814054
US-AR-05105,AR,Perry,438826682,141877603,38381841,619086126,4163,90861945,29836290,16738400,137436635,166,756522761
US-AR-05079,AR,Lincoln,310283023,100892844,27364940,438540807,3656,166524102,70846616,32706790,270077508,226,708618315
US-NC-37155,NC,Robeson,2626345239,931488384,258790333,3816623956,43096,5143068639,2168397868,1070948282,8382414789,2916,12199038745
US-AR-05095,AR,Monroe,219107940,70642423,19791429,309541792,3208,229619026,79437944,46782680,355839650,275,665381442
US-CO-08099,CO,Prowers,471569396,162953810,44508657,679031863,4674,534124901,193671302,108124335,835920538,521,1514952401
US-TX-48393,TX,Roberts,44690647,14851486,3910158,63452291,337,6579907,2238469,921585,9739961,27,73192252
US-LA-22097,LA,St. Landry,3446650107,1161505109,323680034,4931835250,32890,3733121333,1313337412,728092435,5774551180,2511,10706386430
US-OK-40089,OK,McCurtain,1212996809,390554411,109904085,1713455305,12269,1493946530,598156090,322014422,2414117042,1022,4127572347
US-MO-29089,MO,Howard,449681259,148281764,39992477,637955500,3743,262948909,104912576,49685656,417547141,272,1055502641
US-NC-37065,NC,Edgecombe,1620028580,536739080,156016228,2312783888,21083,2141799186,900203861,370549267,3412552314,1198,5725336202
US-LA-22043,LA,Grant,785519590,257710553,68328937,1111559080,7529,299568339,130033480,52119446,481721265,277,1593280345
US-IN-18041,IN,Fayette,947330545,334879599,92388779,1374598923,9837,789780614,310638988,150088659,1250508261,669,2625107184
US-MD-24003,MD,Anne Arundel,53134277379,19766890475,5255145735,78156313589,205093,55200876264,16616868633,10047604890,81865349787,24397,160021663376
US-TX-48283,TX,La Salle,137170538,47768748,12035784,196975070,1732,404330527,114112701,102211507,620654735,234,817629805
US-SC-45081,SC,Saluda,691818169,228695626,61207670,981721465,7860,697689748,339978299,138282368,1175950415,377,2157671880
US-OH-39135,OH,Preble,2302713027,834456235,225087936,3362257198,16677,1961027317,846820367,403918663,3211766347,1021,6574023545
US-OR-41045,OR,Malheur,1309986852,422311207,122533096,1854831155,10237,1797100138,689080871,376739371,2862920380,1174,4717751535
US-KY-21215,KY,Spencer,1671698808,616731249,161081032,2449511089,6821,206961115,59588190,34050317,300599622,350,2750110711
US-OR-41021,OR,Gilliam,101642033,32771534,9008317,143421884,938,117129931,34515401,24110842,175756174,97,319178058
US-WA-53025,WA,Grant,4918061232,1614559642,458176928,6990797802,34211,5594945946,2063349661,1091391069,8749686676,3266,15740484478
US-TX-48147,TX,Fannin,1903862927,653728638,178343607,2735935172,13211,909338829,349079799,177985338,1436403966,821,4172339138
US-WA-53069,WA,Wahkiakum,417790836,151636222,39864345,609291403,1934,59485392,24050407,11726963,95262762,126,704554165
US-TX-48043,TX,Brewster,673569401,209596550,62171705,945337656,5314,779870594,199212088,193399201,1172481883,458,2117819539
US-MI-26133,MI,Osceola,1149029177,368691722,96274614,1613995513,9947,1340089912,588554851,273402014,2202046777,680,3816042290
US-TX-48127,TX,Dimmit,195212732,63254936,18101443,276569111,3463,372138247,133064733,77682659,582885639,313,859454750
US-IA-19111,IA,Lee,1491112261,549874180,147301993,2188288434,13979,2248990723,895869414,442195749,3587055886,1236,5775344320
US-VA-51195,VA,Wise,1124570346,392492896,106009560,1623072802,14449,1266835258,441891673,243481598,1952208529,963,3575281331
US-CA-06051,CA,Mono,1862952862,355194406,102027784,2320175052,8252,4580455287,1076718888,1271962626,6929136801,1015,9249311853
US-GA-13239,GA,Quitman,95712524,23401100,6330254,125443878,1240,14234202,4275801,2134443,20644446,46,146088324
US-GA-13301,GA,Warren,130107909,43010572,11611348,184729829,2143,101286076,46765524,19959256,168010856,107,352740685
US-TX-48011,TX,Armstrong,111928912,38431885,10366469,160727266,814,25068807,7383417,3614739,36066963,60,196794229
US-KS-20041,KS,Dickinson,1033118648,374031112,100421610,1507571370,7983,893314498,353157291,176105227,1422577016,697,2930148386
US-TX-48015,TX,Austin,2092263860,716135301,192155874,3000555035,12272,1350113622,502791832,229468717,2082374171,1066,5082929206
US-ME-23021,ME,Piscataquis,1322445369,348328274,93441389,1764215032,10744,889236641,343213147,178221685,1410671473,684,3174886505
US-WV-54061,WV,Monongalia,7118458172,2452265574,689920218,10260643964,41117,8673881254,2589606338,1690283928,12953771520,4430,23214415484
US-OH-39023,OH,Clark,6459169082,2311487392,638279393,9408935867,54941,8526878153,2947894075,1505455252,12980227480,3809,22389163347
US-WI-55029,WI,Door,4060751336,1164398266,306082730,5531232332,17150,3077873057,937956986,656581450,4672411493,2167,10203643825
US-FL-12085,FL,Martin,14487445139,5014896212,1327347406,20829688757,67582,12714765818,3749592639,2247717401,18712075858,10459,39541764615
US-IL-17091,IL,Kankakee,4735832311,1686892560,465905004,6888629875,40575,8453029947,3019678552,1473795700,12946504199,3806,19835134074
US-PR-72101,PR,Morovis,928380023,318705785,88612635,1335698443,10988,1181184008,442864848,180427434,1804476290,20,3140174733
US-MO-29141,MO,Morgan,1544849193,398185579,106358156,2049392928,10838,587193690,215933574,110474854,913602118,789,2962995046
US-AK-02290,AK,Yukon-Koyukuk,248833175,69102571,19406255,337342001,3162,75232707,27124026,15171927,117528660,122,454870661
US-KS-20019,KS,Chautauqua,95579596,29796881,7900069,133276546,1552,52225103,20061406,10237556,82524065,87,215800611
US-GA-13299,GA,Ware,1023665043,341766579,97423169,1462854791,13945,2259261804,846949225,433304313,3539515342,1463,5002370133
US-VA-51037,VA,Charlotte,467769947,152316585,41461760,661548292,5121,342650602,149140581,62421938,554213121,331,1215761413
US-MI-26077,MI,Kalamazoo,15119924729,5685282522,1522532019,22327739270,94962,24972568526,8262573524,4587840422,37822982472,10350,60150721742
US-AK-02130,AK,Ketchikan Gateway,1430208919,450933684,130137817,2011280420,5744,1733939777,508114122,380575236,2622629135,962,4633909555
US-PA-42101,PA,Philadelphia,93025816022,30860261088,9220182017,133106259127,661354,197372836223,49523677971,29474007874,276370522068,52338,409476781195
US-CT-09110,CT,Capitol Planning Region,57826518370,21068265058,5781566624,84676350052,360744,108231126676,35268410682,19056927162,162556464520,41291,247232814572
US-MN-27141,MN,Sherburne,8143579375,3139074694,803858759,12086512828,31603,4723562267,1713061958,837566085,7274190310,3295,19360703138
US-TX-48239,TX,Jackson,700759516,220803160,62023990,983586666,5967,771812697,329606125,152371347,1253790169,512,2237376835
US-TX-48113,TX,Dallas,127738799127,48246096531,13193349018,189178244676,844723,304971171485,90606612188,52665996618,448243780291,126417,637422024967
US-VA-51750,VA,Radford city,567873088,201424646,58052514,827350248,5181,788616602,301193406,149553470,1239363478,600,2066713726
US-MO-29041,MO,Chariton,320429649,99272813,26799779,446502241,3093,219926365,77354798,36180990,333462153,304,779964394
US-WV-54055,WV,Mercer,2358035433,810905087,221025003,3389965523,24739,2652242192,902186200,523573559,4078001951,1945,7467967474
US-MI-26007,MI,Alpena,1514662722,531372160,139899602,2185934484,13035,1915559982,720704796,377318993,3013583771,1250,5199518255
US-AL-01077,AL,Lauderdale,5458464721,1912583265,522348600,7893396586,38639,4595178365,1523449794,854927068,6973555227,3494,14866951813
US-OK-40013,OK,Bryan,2121054296,722033597,204926346,3048014239,18386,2097314029,769701950,394260000,3261275979,1535,6309290218
US-TX-48109,TX,Culberson,55030154,17952689,4924628,77907471,822,222133777,60589518,61154013,343877308,83,421784779
US-IL-17101,IL,Lawrence,380673721,136520066,36774735,553968522,5547,562817214,230990600,102769948,896577762,360,1450546284
US-MS-28039,MS,George,1301717427,467388291,122974370,1892080088,9176,518596795,198919039,105773441,823289275,546,2715369363
US-AR-05085,AR,Lonoke,3944129845,1383742961,379410175,5707282981,27628,1935146611,695351386,357663555,2988161552,1787,8695444533
US-IL-17071,IL,Henderson,224634402,76946468,20241086,321821956,2845,125349612,45283936,21637990,192271538,162,514093494
US-IL-17131,IL,Mercer,668450153,243662697,64400124,976512974,6448,512666365,203565711,93597828,809829904,411,1786342878
US-KY-21005,KY,Anderson,1638951268,576095178,158472961,2373519407,9599,657334841,278148182,120676493,1056159516,523,3429678923
US-MS-28151,MS,Washington,1434267357,493834209,141793309,2069894875,18544,2584863592,802293510,513852416,3901009518,1749,5970904393
US-OK-40141,OK,Tillman,205927850,67246495,18212921,291387266,3116,95556495,33591922,16312957,145461374,186,436848640
US-ND-38055,ND,McLean,955945092,308622603,81254279,1345821974,4656,317153195,108195361,56152653,481501209,398,1827323183
US-GA-13177,GA,Lee,1937109293,689542541,189117686,2815769520,12108,682346062,255635191,122227737,1060208990,686,3875978510
US-OR-41031,OR,Jefferson,1779065135,564948555,158601423,2502615113,8996,1186362535,436127143,236850447,1859340125,706,4361955238
US-IL-17041,IL,Douglas,799848841,295130269,79189379,1174168489,7782,1519016454,674982759,307108564,2501107777,905,3675276266
US-OR-41047,OR,Marion,24032064156,8445651778,2381435936,34859151870,115041,25594006221,8081272987,4404140578,38079419786,14806,72938571656
US-PR-72143,PR,Vega Alta,1365917137,458175830,130261440,1954354407,14706,1596509620,590766949,241965850,2429242419,107,4383596826
US-VA-51097,VA,King and Queen,468988656,151927905,41652547,662569108,3109,84140175,28688075,15477617,128305867,154,790874975
US-LA-22075,LA,Plaquemines,1544900863,479150744,137342479,2161394086,8494,1537708373,526786542,248354759,2312849674,959,4474243760
US-NM-35051,NM,Sierra,615557278,162319232,46178040,824054550,6257,496964383,145490955,122509768,764965106,332,1589019656
US-MS-28017,MS,Chickasaw,582005537,196130944,55726640,833863121,7232,789407966,406525872,161329098,1357262936,493,2191126057
US-VA-51053,VA,Dinwiddie,1721518891,602908137,161959715,2486386743,10883,1146823460,456251087,198877380,1801951927,545,4288338670
US-WV-54025,WV,Greenbrier,1713737093,583574615,157988859,2455300567,15050,2917283807,808284780,715792937,4441361524,1404,6896662091
US-IL-17089,IL,Kane,32379805054,12052743050,3231348305,47663896409,171662,43189024715,15152303539,7522935372,65864263626,21591,113528160035
US-IN-18035,IN,Delaware,4632911618,1681527386,463344564,6777783568,45580,6767533913,2317728009,1281555736,10366817658,4004,17144601226
US-AZ-04001,AZ,Apache,1330885187,426111368,113932926,1870929481,23063,1397243510,414515896,302469477,2114228883,738,3985158364
US-KS-20195,KS,Trego,149301731,50682346,13740472,213724549,1455,133869893,44322740,28822081,207014714,187,420739263
US-WV-54107,WV,Wood,4613450505,1638136939,443948790,6695536234,35304,4830648969,1674584698,927904881,7433138548,3158,14128674782
US-UT-49017,UT,Garfield,551245846,138565525,38706335,728517706,2768,1016854990,246774155,290651777,1554280922,307,2282798628
US-NY-36101,NY,Steuben,2755363388,991020757,265072942,4011457087,39853,7010567781,2417224799,1390821546,10818614126,2888,14830071213
US-PR-72021,PR,Bayamón,7143452577,2535109051,696987179,10375548807,73145,8674221322,3096501550,1299951057,13070673929,789,23446222736
US-TX-48419,TX,Shelby,765963877,255011429,68868749,1089844055,9726,1037110805,448756260,214986005,1700853070,780,2790697125
US-CT-09180,CT,Southeastern Connecticut Planning Region,17381644713,6108447622,1702495643,25192587978,110095,36588515748,10895503467,8295566657,55779585872,10388,80972173850
US-LA-22071,LA,Orleans,30861025652,8980734905,2764182042,42605942599,167016,52170507294,12095988980,8809457184,73075953458,17089,115681896057
US-MS-28061,MS,Jasper,663924596,219453009,57663242,941040847,6737,483345687,236674518,98286701,818306906,331,1759347753
US-TX-48303,TX,Lubbock,14768490425,5178716691,1487011791,21434218907,122174,21919504164,6876845358,3941915984,32738265506,13278,54172484413
US-MT-30101,MT,Toole,280136178,87276590,24889581,392302349,1960,319770032,97003796,69754348,486528176,268,878830525
US-TX-48257,TX,Kaufman,9285301884,3354282291,902492144,13542076319,48402,5183704303,1901256022,947501198,8032461523,3740,21574537842
US-TX-48171,TX,Gillespie,3085980431,954045050,267281583,4307307064,12222,2210852803,654953297,446830335,3312636435,1782,7619943499
US-ND-38097,ND,Traill,527065426,192618216,51304786,770988428,3158,427217512,170084123,76763041,674064676,457,1445053104
US-KS-20199,KS,Wallace,58108850,20275510,5676267,84060627,707,42599727,14755664,7619779,64975170,86,149035797
US-IL-17165,IL,Saline,682728874,254324206,67748111,1004801191,10012,1027182027,364131172,201091254,1592404453,850,2597205644
US-MO-29181,MO,Ripley,400434701,130872642,35349286,566656629,4346,301316046,124742285,64015929,490074260,419,1056730889
US-UT-49043,UT,Summit,10841447704,2868813516,771199273,14481460493,18572,12021810523,2770538885,2439482492,17231831900,4303,31713292393
US-IL-17115,IL,Macon,3616651892,1365142296,364242489,5346036677,42592,9720613444,3559516141,1737153757,15017283342,3854,20363320019
US-AL-01075,AL,Lamar,529803403,159280696,43963117,733047216,5809,501736876,243364903,99412877,844514656,375,1577561872
US-NE-31131,NE,Otoe,987473911,358448255,95926226,1441848392,6321,993946784,363327630,186166212,1543440626,703,2985289018
US-PR-72145,PR,Vega Baja,2022838040,682013674,187782062,2892633776,22793,2453867061,927762440,375004251,3756633752,80,6649267528
US-MS-28083,MS,Leflore,885584195,285114460,84960959,1255659614,11522,1936189869,706481994,387340840,3030012703,1107,4285672317
US-MD-24035,MD,Queen Anne's,5221005760,1865843142,496483752,7583332654,19325,2721154083,926407835,488569921,4136131839,2219,11719464493
US-AR-05135,AR,Sharp,661301939,209500166,56355555,927157660,7791,430394843,157726198,85583229,673704270,502,1600861930
US-NV-32009,NV,Esmeralda,26579887,9786780,2570939,38937606,477,18567537,2447562,3171678,24186777,19,63124383
US-TX-48085,TX,Collin,92659625548,34667911766,9232154132,136559691446,356240,95829640541,26049319670,16727841522,138606801733,51032,275166493179
US-KY-21189,KY,Owsley,112827566,37129103,10154236,160110905,1697,47597770,18210427,10290371,76098568,64,236209473
US-AL-01071,AL,Jackson,2456332879,839192554,228358579,3523884012,21915,2176654648,994263029,442576144,3613493821,1385,7137377833
US-NE-31079,NE,Hall,3494270268,1267571091,354095483,5115936842,23055,6235199047,2421830754,1163120301,9820150102,3025,14936086944
US-KS-20047,KS,Edwards,90042296,30745800,8195627,128983723,1320,93951840,40975309,16713654,151640803,116,280624526
US-TN-47139,TN,Polk,798765566,269856230,70851867,1139473663,7243,322320845,98621108,64697240,485639193,376,1625112856
US-AZ-04017,AZ,Navajo,5373455162,1544811931,433166816,7351433909,45772,4885542318,1457011828,1097353559,7439907705,2862,14791341614
US-ND-38041,ND,Hettinger,124370423,41366168,11094849,176831440,1200,79301319,26635979,13067296,119004594,140,295836034
US-VA-51149,VA,Prince George,2157686689,775279721,212117113,3145083523,12881,1828377229,674810139,347461626,2850648994,737,5995732517
US-MT-30087,MT,Rosebud,467149856,141909759,41541645,650601260,3293,520368070,119083378,76852948,716304396,283,1366905656
US-TN-47007,TN,Bledsoe,600581125,196786092,53191508,850558725,4878,108515996,40781252,21970986,171268234,193,1021826959
US-VA-51125,VA,Nelson,1403698627,400106097,109333688,1913138412,7958,1423601060,366458275,354312862,2144372197,538,4057510609
US-SC-45005,SC,Allendale,183392141,64953015,17754496,266099652,3488,215914545,102846693,43213452,361974690,194,628074342
US-NE-31069,NE,Garden,82775586,26057999,7100276,115933861,960,42703533,11837647,5790678,60331858,63,176265719
US-WY-56039,WY,Teton,8934888204,2341323674,699788354,11976000232,10687,7668201176,1690206524,1596159731,10954567431,3650,22930567663
US-NC-37049,NC,Craven,5879130010,2012836153,556749600,8448715763,42404,5171372452,1802138232,993115585,7966626269,3608,16415342032
US-NY-36041,NY,Hamilton,580592136,92016521,24422261,697030918,4767,546026425,122934469,119108523,788069417,282,1485100335
US-CO-08015,CO,Chaffee,3314721722,1029130787,290471852,4634324361,9984,2085429431,565670132,439490680,3090590243,1602,7724914604
US-KS-20059,KS,Franklin,1498170623,527374312,145170854,2170715789,10229,1859187051,632272896,281638613,2773098560,832,4943814349
US-NJ-34041,NJ,Warren,7872534942,2921681891,786437948,11580654781,42078,7064007862,2416186458,1225929632,10706123952,3872,22286778733
US-CA-06091,CA,Sierra,272871750,72699278,19794654,365365682,1525,105882144,25828826,28789725,160500695,101,525866377
US-OK-40143,OK,Tulsa,38114319036,13590129555,3790665309,55495113900,252868,60491933559,18740517716,10804310476,90036761751,33219,145531875651
US-KY-21223,KY,Trimble,430308583,144778760,38878444,613965787,3254,85329245,32048545,16156719,133534509,124,747500296
US-GA-13237,GA,Putnam,1527516842,493835873,128191588,2149544303,10592,889334184,342984556,165975539,1398294279,797,3547838582
US-MO-29117,MO,Livingston,644869770,216670425,61781335,923321530,5892,981012030,349426991,177880254,1508319275,609,2431640805
US-OH-39029,OH,Columbiana,4474431142,1597696380,436903505,6509031027,41574,4790853834,1885904987,893494975,7570253796,3062,14079284823
US-AK-02100,AK,Haines,251462308,73972179,19659271,345093758,1005,197982910,54013174,34691481,286687565,203,631781323
US-OK-40045,OK,Ellis,183489517,56018411,14989466,254497394,1712,106343555,38886782,17198061,162428398,162,416925792
US-NE-31075,NE,Grant,33883240,10057647,2876513,46817400,361,6162393,2090997,893736,9147126,28,55964526
US-TX-48099,TX,Coryell,3167346683,1055115394,310972213,4533434290,27881,1655970642,513509888,313854690,2483335220,1334,7016769510
US-IN-18153,IN,Sullivan,799011635,284185460,76852758,1160049853,7796,611088977,213353120,101733708,926175805,533,2086225658
US-WY-56027,WY,Niobrara,188406915,60989231,17228172,266624318,1217,50991942,17349202,9032057,77373201,91,343997519
US-NV-32003,NV,Clark,162002326862,54571034198,15696182246,232269543306,805545,368079428454,92654570977,87922541604,548656541035,95519,780926084341
US-MN-27055,MN,Houston,1414905143,524502167,137211351,2076618661,7750,823411127,272271040,138553948,1234236115,639,3310854776
US-OH-39027,OH,Clinton,2280397524,808479487,223535589,3312412600,16261,3560658818,1395821085,609503386,5565983289,1208,8878395889
US-KY-21151,KY,Madison,5472798069,1920750352,539110829,7932659250,35310,4907778836,1644831443,895153884,7447764163,3183,15380423413
US-VA-51735,VA,Poquoson city,1214378170,444306477,117735557,1776420204,4671,232013490,71996976,41273071,345283537,325,2121703741
US-WY-56021,WY,Laramie,10645029996,3665139189,1026279440,15336448625,41417,6980097399,2183355904,1340139483,10503592786,5635,25840041411
US-WV-54081,WV,Raleigh,3483580906,1187223799,322761112,4993565817,29584,4398917593,1396354736,882521960,6677794289,2640,11671360106
US-CO-08055,CO,Huerfano,603916847,161974289,44569552,810460688,3608,199464010,70077716,44265101,313806827,233,1124267515
US-OR-41005,OR,Clackamas,46880177623,16934085640,4558721632,68372984895,147802,35917050354,11281146802,6335033121,53533230277,20580,121906215172
US-KS-20185,KS,Stafford,162498599,53828276,14437174,230764049,1801,67172638,23244738,11449929,101867305,172,332631354
US-OH-39093,OH,Lorain,18978075789,6911379120,1870482313,27759937222,121624,17927207339,6245493023,3148711931,27321412293,9495,55081349515
US-VA-51051,VA,Dickenson,437227143,145770007,39214002,622211152,6231,273666225,100924773,54867488,429458486,290,1051669638
US-MN-27009,MN,Benton,2400470114,935055576,243046009,3578571699,14071,3139642602,1194450630,557926766,4892019998,1567,8470591697
US-CO-08091,CO,Ouray,1010204873,311929440,84112815,1406247128,2755,618351491,163650424,143636385,925638300,524,2331885428
US-GA-13081,GA,Crisp,672052891,216587788,64152043,952792722,8763,1552691785,593069146,327587316,2473348247,853,3426140969
US-AK-02050,AK,Bethel,511580175,161284346,47045880,719910401,5349,604524368,221958433,106369872,932852673,354,1652763074
US-MI-26125,MI,Oakland,108292332394,40453082701,10730171311,159475586406,478266,141810431117,43401556704,25127570267,210339558088,67935,369815144494
US-WI-55011,WI,Buffalo,924634840,322971377,86912139,1334518356,5736,553631647,210538261,90747776,854917684,457,2189436040
US-FL-12105,FL,Polk,39404511179,13091648741,3621052589,56117212509,282693,42389683649,14078252267,7432828816,63900764732,22252,120017977241
US-NJ-34009,NJ,Cape May,14679052348,3343625848,911562197,18934240393,65980,8675591302,2488743744,1846102581,13010437627,5960,31944678020
US-LA-22059,LA,LaSalle,562666496,183946608,48867250,795480354,5182,590849897,206333262,108487563,905670722,546,1701151076
US-NE-31011,NE,Boone,322669422,113226286,30474640,466370348,2270,270405468,103309296,51678899,425393663,293,891764011
US-OH-39005,OH,Ashland,2837303992,1029656508,276445399,4143405899,20313,4281443706,1418023026,721395616,6420862348,1674,10564268247
US-GA-13053,GA,Chattahoochee,152927712,39902536,13280188,206110436,2526,185136998,51160239,30271159,266568396,142,472678832
US-GA-13149,GA,Heard,455448765,161465983,43868878,660783626,4362,182077916,88633643,36723621,307435180,180,968218806
US-SD-46083,SD,Lincoln,6022751013,2288424136,601851669,8913026818,23527,5241036588,1487485336,935565701,7664087625,3333,16577114443
US-AL-01023,AL,Choctaw,520981526,161292624,42806637,725080787,5692,400626769,182186759,79419149,662232677,380,1387313464
US-FL-12099,FL,Palm Beach,120868865734,41796990436,11358968800,174024824970,579194,130615224433,34353451713,22388058791,187356734937,92780,361381559907
US-CA-06047,CA,Merced,13178223156,4169968014,1297323607,18645514777,84820,11286476584,4234240538,2161759785,17682476907,5943,36327991684
US-MO-29057,MO,Dade,414610894,132600493,36950028,584161415,3336,206401963,91071442,34727268,332200673,211,916362088
US-IA-19045,IA,Clinton,2475060055,889983083,242475751,3607518889,19354,3072473091,1180423689,621207454,4874104234,1836,8481623123
US-IA-19071,IA,Fremont,373220016,131648679,35557196,540425891,2857,243638674,111751035,46387606,401777315,287,942203206
US-TX-48467,TX,Van Zandt,3067479383,1063891933,285815383,4417186699,22763,1596858053,568204166,308233497,2473295716,1483,6890482415
US-GA-13087,GA,Decatur,1123023956,352999076,102286805,1578309837,11723,1245807911,490271764,249251660,1985331335,961,3563641172
US-IL-17037,IL,DeKalb,4815002124,1797548807,494334573,7106885504,35841,6499684279,2299024107,1159473699,9958182085,3613,17065067589
US-PR-72133,PR,Santa Isabel,669741873,235368672,63025827,968136372,7962,882538078,331278904,134868553,1348685535,34,2316821907
US-CO-08025,CO,Crowley,100475902,36109167,9950465,146535534,1390,39627624,13379201,7148726,60155551,51,206691085
US-MA-25017,MA,Middlesex,182121399183,62477618926,17692520092,262291538201,572567,284881624968,74836462440,44116953949,403835041357,75203,666126579558
US-TX-48279,TX,Lamb,326603053,112232453,31001365,469836871,5332,296669241,117159415,54345109,468173765,348,938010636
US-NC-37041,NC,Chowan,858533638,279196318,78167755,1215897711,6463,714350096,290476324,139890895,1144717315,581,2360615026
US-OH-39147,OH,Seneca,2360257778,865572395,235261662,3461091835,21857,3771880812,1326733822,610941575,5709556209,1697,9170648044
US-LA-22027,LA,Claiborne,383813197,121936020,33737125,539486342,5716,283954399,111669532,55592162,451216093,297,990702435
US-LA-22087,LA,St. Bernard,2423760256,822373591,230257982,3476391829,16609,1456100818,559434688,270453350,2285988856,1110,5762380685
US-CO-08061,CO,Kiowa,62147917,20813094,5768575,88729586,617,44059583,18518116,8713967,71291666,52,160021252
US-PA-42059,PA,Greene,1552329696,542822765,146794334,2241946795,14075,1693499745,515483515,261125620,2470108880,1041,4712055675
US-KY-21177,KY,Muhlenberg,1195371353,429876290,113561528,1738809171,11679,862241157,338428893,169164614,1369834664,872,3108643835
US-OH-39049,OH,Franklin,82667439196,28833787426,8309932390,119811159012,508991,137074925283,40802719073,23612806455,201490450811,56847,321301609823
US-PR-72147,PR,Vieques,329574528,83912801,23474630,436961959,3888,498220670,188742252,76329214,763292136,10,1200254095
US-OK-40015,OK,Caddo,908337415,291530827,82474072,1282342314,10164,731487710,210347267,119100244,1060935221,642,2343277535
US-MI-26053,MI,Gogebic,726634868,234399433,61526096,1022560397,8098,1352586668,389650961,340268718,2082506347,581,3105066744
US-OK-40095,OK,Marshall,735475349,203759673,55649852,994884874,6792,801999422,352867416,161856881,1316723719,486,2311608593
US-MS-28139,MS,Tippah,918820809,300637417,82004255,1301462481,8663,1074826612,473350056,197762069,1745938737,574,3047401218
US-WI-55021,WI,Columbia,4793319694,1712370431,459309812,6964999937,23514,6506503155,2071112651,1491089082,10068704888,2339,17033704825
US-KY-21003,KY,Allen,1072361618,369439801,99016820,1540818239,7874,681889838,283750488,124361107,1090001433,416,2630819672
US-IL-17199,IL,Williamson,2829888868,1003838089,279310940,4113037897,29316,5160559135,1927793771,1002694903,8091047809,2504,12204085706
US-KY-21105,KY,Hickman,145506299,47435277,12967720,205909296,1835,125391835,55261655,21876154,202529644,109,408438940
US-TX-48211,TX,Hemphill,220829018,72887503,19829406,313545927,1494,170820892,62178887,29994201,262993980,185,576539907
US-MI-26003,MI,Alger,621314141,173959091,45371316,840644548,4463,478960161,156144109,116135822,751240092,350,1591884640
US-MN-27057,MN,Hubbard,2063669818,602129439,155573238,2821372495,10559,928936170,341547674,185845173,1456329017,920,4277701512
US-CO-08101,CO,Pueblo,11143259861,3923842429,1091549355,16158651645,66272,10401207161,3488431965,1938824752,15828463878,5278,31987115523
US-KY-21073,KY,Franklin,3108217349,1108086463,310419858,4526723670,21497,3253789873,1064048627,576457322,4894295822,2178,9421019492
US-PR-72069,PR,Humacao,1933021559,622646373,169035980,2724703912,21737,2595699408,966075402,395097916,3956872726,86,6681576638
US-GA-13229,GA,Pierce,703978170,254440941,67094244,1025513355,7429,569174747,223973402,95198482,888346631,535,1913859986
US-NC-37007,NC,Anson,732238447,245156227,69170337,1046565011,8989,683979601,298434841,135768792,1118183234,573,2164748245
US-NC-37141,NC,Pender,4616674482,1518637815,397618834,6532931131,25520,1718288579,592696678,315689077,2626674334,2073,9159605465
US-NM-35037,NM,Quay,318033330,103917650,28346417,450297397,4554,515448131,150696551,123433863,789578545,352,1239875942
US-NE-31031,NE,Cherry,265870149,79402510,23303236,368575895,2571,314727000,100771703,71432047,486930750,335,855506645
US-LA-22101,LA,St. Mary,1898054632,632644646,176453970,2707153248,19691,3431336640,1217045297,722978233,5371360170,1776,8078513418
US-WA-53067,WA,Thurston,25696254008,9087698851,2513135783,37297088642,108768,20924051680,5981882162,3681257118,30587190960,10956,67884279602
US-TN-47123,TN,Monroe,2683419389,916583105,253415640,3853418134,19097,2448309258,1127622111,499426004,4075357373,1251,7928775507
US-NE-31007,NE,Banner,40467163,12152065,3422321,56041549,300,100617,7268,2628,110513,4,56152062
US-VA-51570,VA,Colonial Heights city,1117767188,399473496,110792863,1628033547,7601,1785176580,597562713,374376701,2757115994,1060,4385149541
US-SC-45021,SC,Cherokee,2026312279,730035390,194932786,2951280455,21478,3501606212,1407775121,611544443,5520925776,1558,8472206231
US-IA-19123,IA,Mahaska,1019662803,359301695,101119619,1480084117,9028,1398521138,480549696,225948770,2105019604,860,3585103721
US-IL-17167,IL,Sangamon,9227034197,3377063958,917371931,13521470086,82663,17855304709,5386420762,3195232961,26436958432,8000,39958428518
US-PR-72037,PR,Ceiba,454527776,129329169,35009335,618866280,5377,702700991,262265333,107094040,1072060364,27,1690926644
US-PR-72087,PR,Loíza,813199355,272222884,75375464,1160797703,9813,1093938100,409130256,166985154,1670053510,24,2830851213
US-UT-49023,UT,Juab,989743364,354089789,95786825,1439619978,3716,539121584,208195187,113213139,860529910,364,2300149888
US-SD-46121,SD,Todd,122727606,46447995,13867030,183042631,2710,147005674,43750097,22563371,213319142,101,396361773
US-NE-31049,NE,Deuel,80843949,28030095,7523778,116397822,889,40711037,16178322,6739183,63628542,77,180026364
US-NE-31175,NE,Valley,199124151,69652669,19158073,287934893,1903,162459175,62347372,30417340,255223887,273,543158780
US-MO-29021,MO,Buchanan,4000180227,1396224133,389073367,5785477727,33560,7615430570,3006926578,1452630629,12074987777,3473,17860465504
US-NC-37055,NC,Dare,6918181710,1589414618,436920108,8944516436,24936,3661276330,1051506917,847571405,5560354652,3174,14504871088
US-WV-54027,WV,Hampshire,1694668568,506130135,134121280,2334919983,9714,471365082,151128760,99135561,721629403,487,3056549386
US-MO-29183,MO,St. Charles,33863630321,12833782546,3357703161,50055116028,145820,28341035441,9201158335,5124317316,42666511092,14772,92721627120
US-IL-17105,IL,Livingston,1319011095,488736328,132277379,1940024802,14433,2353368397,956217842,425296544,3734882783,1317,5674907585
US-IN-18005,IN,Bartholomew,5173362751,1899797489,511327874,7584488114,30833,8371459522,3290280552,1640581146,13302321220,3245,20886809334
US-MO-29083,MO,Henry,1139891804,389723403,107650328,1637265535,9423,1220686506,478635965,250887524,1950209995,947,3587475530
US-AK-02158,AK,Kusilvak,140621505,48719173,13618978,202959656,2144,183226791,63686992,27126822,274040605,101,477000261
US-MO-29069,MO,Dunklin,920057799,308319870,89612622,1317990291,12426,928807680,345456994,179693224,1453957898,1007,2771948189
US-NC-37177,NC,Tyrrell,161718123,48580886,13143460,223442469,1632,89192838,38591895,17272012,145056745,100,368499214
US-OR-41065,OR,Wasco,1873936779,600686514,171340461,2645963754,10298,1714599601,578387996,346660200,2639647797,1166,5285611551
US-VA-51153,VA,Prince William,41214289230,15330327005,4085579969,60630196204,145090,23784155271,7019173816,4170484223,34973813310,15084,95604009514
US-NE-31093,NE,Howard,433713838,144977774,40435720,619127332,2638,165369329,59960201,30093537,255423067,254,874550399
US-PA-42047,PA,Elk,1511083478,518896674,138460252,2168440404,14298,2818176475,1248314876,549863486,4616354837,1414,6784795241
US-MS-28161,MS,Yalobusha,448316338,143232734,40183389,631732461,5620,310110028,142733975,62376041,515220044,271,1146952505
US-TX-48381,TX,Randall,7992457859,2905123869,786846983,11684428711,53744,6431468845,2145589904,1102304648,9679363397,4695,21363792108
US-SD-46065,SD,Hughes,1182353263,444347054,115585476,1742285793,6590,1380394266,386326880,243143135,2009864281,1034,3752150074
US-VA-51045,VA,Craig,285264284,89463254,23990559,398718097,2020,45037614,17603249,8575114,71215977,89,469934074
US-TN-47003,TN,Bedford,3352748657,1184051391,327095808,4863895856,18548,2458969357,1028279106,441610925,3928859388,1401,8792755244
US-VA-51620,VA,Franklin city,479179602,152592790,46220667,677993059,3688,569756246,210984507,115989251,896730004,437,1574723063
US-OK-40107,OK,Okfuskee,373549387,121325912,34438742,529314041,4220,206206433,84328645,44196154,334731232,242,864045273
US-TN-47175,TN,Van Buren,302414210,103657072,27533853,433605135,2496,54039584,28013481,11623966,93677031,64,527282166
US-MI-26141,MI,Presque Isle,911375601,279601477,72109265,1263086343,7523,312523924,113153141,61044221,486721286,487,1749807629
US-NC-37137,NC,Pamlico,864474038,268355639,71107933,1203937610,5829,508097118,160249665,95364269,763711052,390,1967648662
US-KS-20143,KS,Ottawa,342485778,118734029,32597332,493817139,2468,131290611,50056473,22770367,204117451,206,697934590
US-TN-47189,TN,Wilson,15415532595,5562130408,1484648421,22462311424,53640,10301275246,3482725377,1735803958,15519804581,5260,37982116005
US-AL-01063,AL,Greene,218008438,67519007,18446740,303974185,3262,301015915,106636178,51448601,459100694,146,763074879
US-OH-39143,OH,Sandusky,2874669104,1036778839,283915540,4195363483,24219,4148508332,1780197007,806185027,6734890366,2028,10930253849
US-MO-29025,MO,Caldwell,479272667,162989810,44030088,686292565,3730,188446798,78021470,35065307,301533575,234,987826140
US-CA-06045,CA,Mendocino,7195836373,2152808595,643005405,9991650373,35578,7358026999,2292337741,1557947968,11208312708,3930,21199963081
US-MN-27029,MN,Clearwater,478040508,154833315,40553664,673427487,3470,360723369,141034219,67372071,569129659,300,1242557146
US-AL-01049,AL,DeKalb,2913961683,994953239,268713387,4177628309,27072,3227776350,1442912120,643329951,5314018421,1883,9491646730
US-NY-36001,NY,Albany,14321035905,5127011017,1449975365,20898022287,126777,49517372952,14529392625,8388135957,72434901534,16275,93332923821
US-AL-01031,AL,Coffee,2999613947,1002538851,280803300,4282956098,21990,2394268176,908522572,465675488,3768466236,1694,8051422334
US-AR-05047,AR,Franklin,685746109,237029604,66089377,988865090,7033,635585288,278395398,130900535,1044881221,487,2033746311
US-MI-26163,MI,Wayne,86115692526,30190406713,8395907045,124702006284,688690,137359971655,45866802128,25502071650,208728845433,58165,333430851717
US-KY-21079,KY,Garrard,1001777830,353750893,95884993,1451413716,6645,200814430,72331587,38198603,311344620,352,1762758336
US-TX-48111,TX,Dallam,248321205,81513909,22628713,352463827,2575,364841971,128768887,70372868,563983726,314,916447553
US-GA-13059,GA,Clarke,7074193302,2405517479,731546350,10211257131,50362,10212787668,3184752372,1851517362,15249057402,6080,25460314533
US-VT-50007,VT,Chittenden,16129560862,5694468211,1586538492,23410567565,64067,20247874057,6048553836,3551242428,29847670321,9554,53258237886
US-MI-26015,MI,Barry,4758966565,1710324523,447280728,6916571816,24173,2297414562,897820229,444735482,3639970273,1428,10556542089
US-MO-29039,MO,Cedar,752589796,239788520,67361833,1059740149,6079,449975542,163456516,81579180,695011238,471,1754751387
US-VA-51079,VA,Greene,1602172000,573687307,153574192,2329433499,7972,637542621,204151039,130307810,972001470,559,3301434969
US-UT-49019,UT,Grand,1310430158,423465473,117183989,1851079620,4521,2136365509,532200103,530127055,3198692667,862,5049772287
US-KY-21149,KY,McLean,417336684,150686061,39292050,607314795,3487,179307442,62250613,29907962,271466017,261,878780812
US-MT-30091,MT,Sheridan,163594213,51227767,13920060,228742040,1645,117945143,40111254,21267287,179323684,217,408065724
US-NY-36073,NY,Orleans,1138531182,421629442,112850716,1673011340,16198,1924889828,747891473,356657836,3029439137,1061,4702450477
US-MS-28137,MS,Tate,1377728449,480407508,133324139,1991460096,10718,700063567,217553055,111891024,1029507646,637,3020967742
US-NV-32007,NV,Elko,2840952706,970159136,265990928,4077102770,18849,7575798430,1964870588,1962446594,11503115612,1919,15580218382
US-IN-18017,IN,Cass,1532280766,558034479,151493255,2241808500,15001,2081570991,924104324,414825500,3420500815,1064,5662309315
US-PA-42003,PA,Allegheny,77926301623,28066099139,7702289726,113694690488,520151,168248534205,46464126727,27046150405,241758811337,57333,355453501825
US-PR-72091,PR,Manatí,1360828612,478482756,128529139,1967840507,15657,1871779504,681802900,283358058,2836940462,154,4804780969
US-AR-05035,AR,Crittenden,2082868050,708023732,203461266,2994353048,18606,3004414601,1019012507,556676887,4580103995,1613,7574457043
US-ND-38025,ND,Dunn,329823979,99566746,27149823,456540548,1725,322387992,107680654,54839173,484907819,280,941448367
US-VA-51161,VA,Roanoke,6399213842,2424524102,633605630,9457343574,36967,6727620694,2054680122,1168941091,9951241907,3658,19408585481
US-IN-18029,IN,Dearborn,3606489023,1379007109,357261701,5342757833,18662,3505760885,1053182553,744086139,5303029577,1558,10645787410
US-NC-37135,NC,Orange,13266056293,4671641863,1278861198,19216559354,52875,10101102255,2895929487,1838472108,14835503850,5925,34052063204
US-ME-23023,ME,Sagadahoc,3640875892,1240575769,333464206,5214915867,16242,2855599997,1251332914,565728956,4672661867,1534,9887577734
US-TN-47017,TN,Carroll,1123849027,390445852,106443387,1620738266,11518,1113030349,361706284,176242630,1650979263,721,3271717529
US-SC-45049,SC,Hampton,538617955,176467434,49055098,764140487,7442,466120607,188536713,90664972,745322292,455,1509462779
US-MA-25015,MA,Hampshire,12226669857,4293729792,1188645299,17709044948,58809,17343476445,4463993711,2370890030,24178360186,5915,41887405134
US-PA-42027,PA,Centre,10494442549,3707066576,1017697464,15219206589,54498,11014537870,3292723027,2025151990,16332412887,5894,31551619476
US-ND-38023,ND,Divide,158552086,48382459,12900316,219834861,1068,49175610,15545800,8039358,72760768,123,292595629
US-PA-42067,PA,Juniata,1353033577,465536392,126370987,1944940956,9061,1402895370,569939762,246219248,2219054380,805,4163995336
US-IA-19133,IA,Monona,419165545,150625201,40721925,610512671,3941,373435634,118315144,67164772,558915550,347,1169428221
US-WA-53071,WA,Walla Walla,4526207369,1551206441,437850480,6515264290,22477,6220541197,1895789129,1039257329,9155587655,2434,15670851945
US-WA-53057,WA,Skagit,12910818446,4411897567,1225830137,18548546150,49975,10880835153,3616290349,2176720621,16673846123,5670,35222392273
US-CT-09130,CT,Lower Connecticut River Valley Planning Region,14337846307,5140873025,1372667506,20851386838,70644,16750272278,5450795766,2904279558,25105347602,7447,45956734440
US-CO-08069,CO,Larimer,39579517124,13771383373,3842643667,57193544164,140850,32263327696,9679752485,5844865971,47787946152,19652,104981490316
US-WA-53031,WA,Jefferson,4498554574,1495041420,403960399,6397556393,16362,1979756024,568298877,388824434,2936879335,1528,9334435728
US-VA-51610,VA,Falls Church city,1688865799,635259410,171922122,2496047331,4820,2534329281,577557210,390506948,3502393439,1451,5998440770
US-GA-13189,GA,McDuffie,814681558,281291157,78211521,1174184236,8441,1175527789,478973612,233912153,1888413554,722,3062597790
US-AR-05111,AR,Poinsett,784637597,267159800,77090105,1128887502,9744,520722951,225911336,101852647,848486934,519,1977374436
US-KY-21231,KY,Wayne,806615348,263371930,72140509,1142127787,8600,686483326,291768475,146754099,1125005900,460,2267133687
US-NY-36003,NY,Allegany,1111765515,379408968,99176453,1590350936,18752,4253344525,1125443091,639434518,6018222134,1204,7608573070
US-NC-37101,NC,Johnston,14857584012,5323055766,1435595425,21616235203,81257,7580123478,2829032662,1446116975,11855273115,6001,33471508318
US-MO-29015,MO,Benton,1354522276,375928839,100122609,1830573724,10037,415587016,140018043,78343940,633948999,607,2464522723
US-PR-72103,PR,Naguabo,750074404,250723104,67822439,1068619947,9270,1095189669,406233347,166720740,1668143756,52,2736763703
US-MN-27113,MN,Pennington,764945452,288294765,75643604,1128883821,5639,2464588809,912744035,450859648,3828192492,607,4957076313
US-MN-27099,MN,Mower,2020071390,753303445,199699531,2973074366,14816,2861233657,1090348096,541058657,4492640410,1297,7465714776
US-GA-13021,GA,Bibb,6628340979,2217324094,646436410,9492101483,62596,14830444950,4686586810,2641983736,22159015496,7415,31651116979
US-NE-31123,NE,Morrill,195923479,67479413,18287887,281690779,1993,120270605,47087765,21155968,188514338,176,470205117
US-SD-46107,SD,Potter,138995887,41281124,11162479,191439490,1234,90236003,31169501,17528528,138934032,146,330373522
US-WY-56001,WY,Albany,3509908115,1063312873,328188091,4901409079,16387,2567226680,694946715,503477675,3765651070,1903,8667060149
US-TN-47117,TN,Marshall,2489121027,880176355,238496982,3607794364,13153,1405522243,626053009,277435359,2309010611,913,5916804975
US-CA-06041,CA,Marin,42745712637,14276868409,4048973791,61071554837,93668,32073477514,8145322793,5290190656,45508990963,16632,106580545800
US-MI-26059,MI,Hillsdale,2500624164,872523707,229958665,3603106536,18156,2460415413,919082610,417073589,3796571612,1243,7399678148
US-OH-39121,OH,Noble,561398880,189769450,49883382,801051712,4776,319302516,118536164,62756509,500595189,319,1301646901
US-MN-27059,MN,Isanti,3257493754,1231894020,318300956,4807688730,14708,1940944243,693891597,361011641,2995847481,1465,7803536211
US-NH-33003,NH,Carroll,6517702881,1733737418,461770834,8713211133,28568,5251337769,1500738974,1221251301,7973328044,2941,16686539177
US-VA-51660,VA,Harrisonburg city,2227419716,725085504,227733973,3180239193,16887,5532901383,1812442928,1020355979,8365700290,2938,11545939483
US-CO-08027,CO,Custer,742582504,200186491,52874591,995643586,3153,168359166,49290138,31155250,248804554,243,1244448140
US-KY-21163,KY,Meade,1551659019,525828421,146024867,2223512307,10917,505802517,167621957,94169605,767594079,558,2991106386
US-KS-20177,KS,Shawnee,9540190281,3443504200,950902266,13934596747,72131,12871647167,4247394119,2388864569,19507905855,6982,33442502602
US-OK-40115,OK,Ottawa,1107207182,379018313,106931883,1593157378,12298,3388817310,904501034,876508678,5169827022,875,6762984400
US-ID-16057,ID,Latah,3182847641,1097426771,307845820,4588120232,14560,2505961636,663667197,438391279,3608020112,1767,8196140344
US-VA-51678,VA,Lexington city,343382809,103868010,31071380,478322199,2263,2020574734,414648279,232313505,2667536518,431,3145858717
US-NC-37183,NC,Wake,105846487946,38251924192,10350980584,154449392722,412459,103709074492,28184284491,17757807897,149651166880,56283,304100559602
US-VA-51061,VA,Fauquier,8373751558,2926934084,799372841,12100058483,26809,3886174949,1129763121,668863390,5684801460,2963,17784859943
US-PA-42073,PA,Lawrence,3789099713,1392653089,374117799,5555870601,35289,5185713801,1776706680,904267352,7866687833,3007,13422558434
US-ID-16043,ID,Fremont,1384922103,344618860,91029581,1820570544,6253,474474077,151122778,102219529,727816384,549,2548386928
US-LA-22055,LA,Lafayette,15942213887,5580628511,1539661004,23062503402,97404,21584923997,6884492886,4026315627,32495732510,14380,55558235912
US-IN-18011,IN,Boone,6829600171,2588204497,676009610,10093814278,25611,6107218284,2313140189,1032102766,9452461239,2972,19546275517
US-MS-28125,MS,Sharkey,125848938,42321854,12015715,180186507,1512,105585387,33998038,16755657,156339082,151,336525589
US-NC-37113,NC,Macon,3298477390,958518861,259361667,4516357918,21114,2141574575,621059241,441944153,3204577969,1903,7720935887
US-TX-48075,TX,Childress,195884626,65166944,18046796,279098366,2397,381227644,119010237,90047274,590285155,287,869383521
US-WA-53059,WA,Skamania,1328193396,440412759,119018535,1887624690,5015,702631390,200069610,182552533,1085253533,305,2972878223
US-NY-36021,NY,Columbia,3866874309,1268920230,343852643,5479647182,27861,3916881035,1363225821,722825635,6002932491,2801,11482579673
US-GA-13173,GA,Lanier,382714382,124873771,34680951,542269104,3655,118772042,51166135,24127465,194065642,146,736334746
US-MI-26091,MI,Lenawee,5529767127,1996152290,530002614,8055922031,38025,5406537756,1840093827,889773865,8136405448,2962,16192327479
US-SD-46033,SD,Custer,1054819845,341089605,89966988,1485876438,4120,340939882,85708898,64729015,491377795,464,1977254233
US-WA-53077,WA,Yakima,12620217865,4300636677,1246326335,18167180877,84342,17151417048,5937905158,3194214684,26283536890,8016,44450717767
US-OR-41003,OR,Benton,8584425415,2887517427,838167002,12310109844,35384,6681124357,1828347925,1167114845,9676587127,3860,21986696971
US-IN-18073,IN,Jasper,2145660872,784667700,207181089,3137509661,12312,1489390829,590839227,272533441,2352763497,1188,5490273158
US-MD-24017,MD,Charles,14434316806,5384923287,1418507649,21237747742,56646,6773042008,2174622763,1226813766,10174478537,4399,31412226279
US-OH-39099,OH,Mahoning,10557732909,3878415915,1054629760,15490778584,96212,15524177441,5374536558,2800100624,23698814623,8966,39189593207
US-NC-37045,NC,Cleveland,4828778487,1640856373,449685241,6919320101,39194,6121920627,2202465911,1045192240,9369578778,3253,16288898879
US-MT-30077,MT,Powell,488514588,151156903,42434209,682105700,2514,265985259,80552922,48486854,395025035,238,1077130735
US-NE-31145,NE,Red Willow,541888421,187910626,51627951,781426998,4552,690374327,249508075,134786784,1074669186,622,1856096184
US-KS-20119,KS,Meade,171520161,56231515,15645416,243397092,1678,103656192,38885525,16584502,159126219,164,402523311
US-FL-12027,FL,DeSoto,1127809479,368565622,101963403,1598338504,12594,1063459764,395213322,191313949,1649987035,887,3248325539
US-PA-42097,PA,Northumberland,4543902896,1597285462,434297458,6575485816,38427,4824355622,1845019161,824368300,7493743083,2559,14069228899
US-WI-55003,WI,Ashland,974937839,305636725,83845508,1364420072,7582,1274759379,439659557,224079168,1938498104,771,3302918176
US-MO-29055,MO,Crawford,1271870166,416070180,116202930,1804143276,10075,1107284750,427423138,233231042,1767938930,786,3572082206
US-NC-37147,NC,Pitt,7758914685,2794077903,790400604,11343393192,69168,11426935319,3832610980,2141780594,17401326893,7214,28744720085
US-WV-54105,WV,Wirt,221703997,70737743,18786114,311227854,2207,37863364,15959774,8023205,61846343,75,373074197
US-PR-72149,PR,Villalba,667582343,235861332,63421989,966865664,8124,876318175,331042654,134108363,1341469192,19,2308334856
US-IN-18183,IN,Whitley,2266232092,837823619,221478006,3325533717,13342,2377956831,1051141895,457859810,3886958536,1138,7212492253
US-VA-51069,VA,Frederick,7271077865,2637293178,707520311,10615891354,33706,6362493723,2458186117,1168639617,9989319457,2624,20605210811
US-AL-01037,AL,Coosa,420537672,126682908,33632358,580852938,4658,149959668,70840776,30024160,250824604,155,831677542
US-IA-19079,IA,Hamilton,704898370,260284941,69542508,1034725819,6210,809797457,321928691,145281861,1277008009,588,2311733828
US-PA-42051,PA,Fayette,5380165873,1922065198,525252545,7827483616,55419,7290960140,2438121794,1494575512,11223657446,3997,19051141062
US-LA-22085,LA,Sabine,972646023,256876256,69624747,1299147026,10079,640406454,262788368,129507446,1032702268,687,2331849294
US-KS-20117,KS,Marshall,447891872,160670206,42463151,651025229,4149,712473026,302826827,144254034,1159553887,562,1810579116
US-OK-40121,OK,Pittsburg,2184137711,706828651,196835048,3087801410,19028,1557441200,568346039,308241169,2434028408,1495,5521829818
US-CO-08001,CO,Adams,41695375582,15356175008,4142162547,61193713137,165005,41320969746,13997787700,7087977080,62406734526,18675,123600447663
US-IN-18107,IN,Montgomery,2041886495,757950537,202027614,3001864646,14792,2835736674,1103411867,505253830,4444402371,1421,7446267017
US-ND-38073,ND,Ransom,319399700,118058996,31195268,468653964,2140,289519182,92270248,49933683,431723113,317,900377077
US-ND-38037,ND,Grant,104462472,32827977,8496998,145787447,1231,58941250,20832196,11010625,90784071,113,236571518
US-IL-17079,IL,Jasper,343306222,125448995,33252719,502007936,3758,266003829,103851519,45294164,415149512,330,917157448
US-VA-51730,VA,Petersburg city,1248958119,436763975,129800891,1815522985,15050,2275428399,787653027,423995417,3487076843,1311,5302599828
US-WV-54093,WV,Tucker,451634380,127787976,34197343,613619699,3523,533595020,143032246,122542854,799170120,242,1412789819
US-UT-49021,UT,Iron,4426053411,1468071399,410872868,6304997678,19843,3712085612,1188161545,736460806,5636707963,2859,11941705641
US-VA-51083,VA,Halifax,1424669359,461051670,127901078,2013622107,15053,2027421160,745094482,370724568,3143240210,1029,5156862317
US-TX-48463,TX,Uvalde,890233216,303389970,84452426,1278075612,8991,1460472612,466542219,317483092,2244497923,982,3522573535
US-FL-12041,FL,Gilchrist,666368652,230660478,60797153,957826283,6399,335304415,109716212,73335125,518355752,416,1476182035
US-GA-13223,GA,Paulding,12245474836,4462187100,1198899489,17906561425,58705,3574723858,1236669060,670360532,5481753450,3594,23388314875
US-IN-18109,IN,Morgan,4939382415,1797120016,478388792,7214891223,27018,2172354559,802503608,401292217,3376150384,1893,10591041607
US-IA-19103,IA,Johnson,10434374491,3818505161,1042146746,15295026398,54552,14190121047,4234164942,2687173451,21111459440,6443,36406485838
US-TX-48175,TX,Goliad,390893358,129662968,34451470,555007796,3000,105031842,38193435,18119312,161344589,179,716352385
US-SD-46027,SD,Clay,804211909,277114342,79346513,1160672764,5178,831497010,255977414,154948665,1242423089,574,2403095853
US-NJ-34023,NJ,Middlesex,58957585945,21615226990,5925771023,86498583958,273193,105021993595,34640033889,17913945817,157575973301,39191,244074557259
US-ID-16031,ID,Cassia,1583256878,538202406,151457039,2272916323,8286,1744222988,673004456,348610363,2765837807,1194,5038754130
US-ND-38095,ND,Towner,115782425,39430782,10392511,165605718,1012,80947159,28760787,13798356,123506302,132,289112020
US-IL-17193,IL,White,442288069,156426539,42450237,641164845,5988,610688817,222638118,117315484,950642419,516,1591807264
US-TX-48483,TX,Wheeler,167962089,54792606,14580042,237334737,2148,212045732,65486056,48174086,325705874,244,563040611
US-MN-27133,MN,Rock,600599045,221236030,59306689,881141764,3809,593571933,232257357,110027443,935856733,444,1816998497
US-VA-51135,VA,Nottoway,691234115,225778214,63880891,980893220,6034,493249544,186370513,100040396,779660453,458,1760553673
US-VA-51167,VA,Russell,922761496,315268511,85347295,1323377302,11183,859609146,346450485,172464316,1378523947,699,2701901249
US-PR-72041,PR,Cidra,1517258752,504335642,146109739,2167704133,15827,1574554018,599657060,241579008,2415790086,30,4583494219
US-MO-29211,MO,Sullivan,215070327,64761521,17787470,297619318,2451,330256071,170674056,68900843,569830970,153,867450288
US-NE-31143,NE,Polk,334357546,113676948,30391395,478425889,2180,127358987,47758494,21414090,196531571,214,674957460
US-VA-51005,VA,Alleghany,590705141,208000388,54246370,852951899,6562,472747201,150064179,94707574,717518954,381,1570470853
US-AK-02170,AK,Matanuska-Susitna,10596881877,3389266259,925897616,14912045752,42884,5809043430,1800519553,1129290826,8738853809,4106,23650899561
US-VT-50003,VT,Bennington,3237512992,988999394,268053185,4494565571,16543,4265327626,1243671257,825699788,6334698671,2044,10829264242
US-KS-20127,KS,Morris,266098744,91572908,24661264,382332916,2581,181008827,68900085,34078337,283987249,225,666320165
US-MO-29145,MO,Newton,3013327058,1065030439,287531101,4365888598,21928,3901740442,1432300990,794650267,6128691699,1949,10494580297
US-ND-38013,ND,Burke,138264978,42160322,11230175,191655475,1081,53412269,18810697,9088970,81311936,124,272967411
US-OH-39083,OH,Knox,3904188117,1362080076,373971385,5640239578,23790,4589654299,1440334545,688766455,6718755299,1772,12358994877
US-GA-13265,GA,Taliaferro,47081630,13942229,3779563,64803422,775,7300851,2750239,1323980,11375070,27,76178492
US-NM-35031,NM,McKinley,1305158760,454824963,126603135,1886586858,22002,3256236960,1019186114,625864540,4901287614,1557,6787874472
US-TN-47173,TN,Union,1114010951,369246053,97391062,1580648066,8065,333195411,148753953,65103144,547052508,346,2127700574
US-WA-53015,WA,Cowlitz,7913187033,2771219589,776190633,11460597255,40489,7375012589,2751123899,1384774864,11510911352,3772,22971508607
US-SC-45023,SC,Chester,1346589472,466704661,126874235,1940168368,13120,1375420519,613005984,268992515,2257419018,844,4197587386
US-UT-49047,UT,Uintah,2220512776,752444420,206900642,3179857838,12038,1793382874,588741316,343330360,2725454550,1647,5905312388
US-IL-17019,IL,Champaign,8366893452,3185467172,866157190,12418517814,74706,17197809893,5331700108,3155496827,25685006828,8104,38103524642
US-MT-30023,MT,Deer Lodge,814025354,265425402,74446978,1153897734,4790,474554055,155043770,101530156,731127981,483,1885025715
US-MT-30033,MT,Garfield,80175383,18790981,5354717,104321081,568,17654530,7867846,3537360,29059736,37,133380817
US-IN-18051,IN,Gibson,1814368685,638670865,173851503,2626891053,13189,3712687046,1774760039,720996335,6208443420,1113,8835334473
US-TN-47015,TN,Cannon,997586879,344788721,93832479,1436208079,5793,259584622,98854831,44225133,402664586,328,1838872665
US-MO-29101,MO,Johnson,3250965820,1080626622,313637879,4645230321,20979,1943495826,701998152,367389238,3012883216,1550,7658113537
US-NE-31127,NE,Nemaha,309461057,106611543,29591732,445664332,2957,209044261,77036028,38609993,324690282,267,770354614
US-SD-46077,SD,Kingsbury,314248570,104060495,27592546,445901611,2167,191803791,77786859,35396987,304987637,257,750889248
US-TN-47079,TN,Henry,1529132307,491451171,133222203,2153805681,13969,1472197101,583992067,279358842,2335548010,1098,4489353691
US-IN-18177,IN,Wayne,2866653836,1012851116,279550509,4159055461,27515,4748740013,1788524556,882596596,7419861165,2317,11578916626
US-PR-72029,PR,Canóvanas,1421846511,495500538,137868962,2055216011,16500,1711904642,645410414,261228255,2618543311,61,4673759322
US-WI-55045,WI,Green,2761569563,1011279571,272797933,4045647067,14825,2494667780,1015790107,484424464,3994882351,1592,8040529418
US-NC-37163,NC,Sampson,1890237032,635283157,172394606,2697914795,21862,2037571050,833373762,386770401,3257715213,1573,5955630008
US-NC-37021,NC,Buncombe,22833266821,7234238284,1993116925,32060622030,106485,27487753964,8326152322,5327819826,41141726112,15914,73202348142
US-KY-21167,KY,Mercer,1413024343,489756522,133379453,2036160318,9257,1075415227,455465898,209022328,1739903453,577,3776063771
US-KY-21197,KY,Powell,487016373,164082327,44626200,695724900,4729,303363918,123163104,59297454,485824476,342,1181549376
US-LA-22029,LA,Concordia,616595667,192024163,53442900,862062730,7558,521443161,195822800,101301391,818567352,569,1680630082
US-NV-32023,NV,Nye,3086587959,1034360202,281794172,4402742333,21365,3293577211,845735064,728530725,4867843000,1287,9270585333
US-IN-18139,IN,Rush,843011188,298179392,82045911,1223236491,6647,668919763,261963246,111274227,1042157236,619,2265393727
US-IN-18099,IN,Marshall,2637555745,926007875,249385059,3812948679,17573,3619469657,1451042383,678102343,5748614383,1738,9561563062
US-SD-46057,SD,Hamlin,441996456,145503791,38733416,626233663,2370,223494473,97304293,40904548,361703314,261,987936977
US-NE-31039,NE,Cuming,541253495,189237120,52723942,783214557,3849,493790443,180704501,84360263,758855207,530,1542069764
US-NM-35003,NM,Catron,309447540,71846018,18713249,400006807,2288,57974077,21489565,11387607,90851249,90,490858056
US-IN-18015,IN,Carroll,1185726831,409509578,109680830,1704917239,8331,805346367,379271156,157573486,1342191009,606,3047108248
US-IN-18085,IN,Kosciusko,5164140202,1750127455,470901635,7385169292,32596,7294766337,2839546314,1329961914,11464274565,3238,18849443857
US-VT-50013,VT,Grand Isle,1091805702,303097580,78704613,1473607895,3902,205977985,61176068,42891576,310045629,262,1783653524
US-TX-48053,TX,Burnet,4048690875,1313630830,354547235,5716868940,20694,2907065694,893297768,602765699,4403129161,2337,10119998101
US-AZ-04007,AZ,Gila,3815000209,1127535385,308768316,5251303910,25435,2430948899,687318639,503041877,3621309415,1608,8872613325
US-TX-48383,TX,Reagan,128192367,40835985,11097427,180125779,1144,190139057,61282345,40687940,292109342,148,472235121
US-WY-56031,WY,Platte,799837625,257955665,71265488,1129058778,4064,413598676,131032545,94839902,639471123,413,1768529901
US-AL-01107,AL,Pickens,718115418,232755476,63989311,1014860205,7410,333140581,142538925,64006923,539686429,369,1554546634
US-MT-30073,MT,Pondera,336853137,105869524,30538810,473261471,2417,180715946,61833656,30877321,273426923,271,746688394
US-OK-40049,OK,Garvin,1125661499,369616566,104937096,1600215161,10804,1153570369,461121508,218255228,1832947105,1051,3433162266
US-WA-53009,WA,Clallam,6957455812,2394729692,655956640,10008142144,32885,4653343041,1403345745,907013202,6963701988,3215,16971844132
US-WV-54037,WV,Jefferson,5656041657,2003021966,536288234,8195351857,21624,5162729255,1232053164,980963021,7375745440,1558,15571097297
US-KY-21051,KY,Clay,534556633,185705111,49662494,769924238,7237,351915624,134020521,69125307,555061452,355,1324985690
US-ID-16009,ID,Benewah,739884322,247508342,67094486,1054487150,3933,387248133,156840503,73491764,617580400,381,1672067550
US-PA-42125,PA,Washington,14075263237,5008487984,1351554444,20435305665,86165,15580643815,5283708277,2799817158,23664169250,8300,44099474915
US-OK-40133,OK,Seminole,703452064,236368070,65965635,1005785769,9371,837708000,324798491,162482477,1324988968,645,2330774737
US-MI-26111,MI,Midland,4668606533,1764433867,462266206,6895306606,32020,7260745618,2473117864,1358950272,11092813754,2988,17988120360
US-WV-54057,WV,Mineral,1663032756,578214591,154313048,2395560395,10775,1064373448,447821137,214336178,1726530763,716,4122091158
US-PR-72119,PR,Río Grande,1844238444,581259774,161226722,2586724940,19283,2171631520,820732278,332374707,3324738505,38,5911463445
US-ID-16061,ID,Lewis,256714656,84358098,23515737,364588491,1630,208997342,74896847,45939131,329833320,145,694421811
US-WI-55099,WI,Price,1019455115,297744965,78314068,1395514148,8061,760808351,327887324,163206304,1251901979,572,2647416127
US-IA-19161,IA,Sac,544666185,188280419,50767646,783714250,4472,418186734,164607665,80126979,662921378,516,1446635628
US-CA-06001,CA,Alameda,177261619821,58470783344,17131103876,252863507041,522539,207381856321,60802518799,34683727852,302868102972,72673,555731610013
US-IA-19019,IA,Buchanan,1189358937,427960468,114776699,1732096104,8122,902498171,386048184,176212993,1464759348,731,3196855452
US-NC-37087,NC,Haywood,5058887215,1570566691,430314543,7059768449,29754,2885591154,966566833,556601547,4408759534,2357,11468527983
US-TX-48413,TX,Schleicher,98553327,31824112,8351589,138729028,1052,30881550,9810017,4873907,45565474,58,184294502
US-WI-55049,WI,Iowa,1960254815,688179856,187096415,2835531086,9950,1877767547,784532743,368825791,3031126081,898,5866657167
US-IN-18169,IN,Wabash,1562893632,565736926,150649335,2279279893,12506,2146039158,747371620,379207734,3272618512,1171,5551898405
US-SD-46127,SD,Union,1395782971,523020267,139135917,2057939155,6428,1928061237,684579479,357497343,2970138059,951,5028077214
US-TN-47143,TN,Rhea,1793329786,601684522,166631689,2561645997,13731,1759628588,709312897,323642038,2792583523,821,5354229520
US-TX-48221,TX,Hood,4611130817,1616360733,427348341,6654839891,24801,2588292817,792830600,465545870,3846669287,2318,10501509178
US-PR-72033,PR,Cataño,817539510,292199172,80846604,1190585286,9119,1163614570,405753989,174237604,1743606163,130,2934191449
US-MS-28149,MS,Warren,2011955235,679818915,181779899,2873554049,17429,4224186346,1268864446,1014293271,6507344063,1652,9380898112
US-TX-48417,TX,Shackelford,175847110,61244836,16287045,253378991,1349,84748606,31601353,14001046,130351005,141,383729996
US-KS-20173,KS,Sedgwick,28329336587,9919922903,2795657524,41044917014,201065,41751188508,14468413206,7606781230,63826382944,21006,104871299958
US-MS-28135,MS,Tallahatchie,322997170,106108669,29823927,458929766,4788,190716648,61992454,34490865,287199967,239,746129733
US-MN-27041,MN,Douglas,3682455700,1268113915,331240785,5281810400,17245,4125240944,1485201381,831006168,6441448493,2189,11723258893
US-FL-12051,FL,Hendry,1477491510,508477753,139619779,2125589042,13916,1047308494,397315882,212665942,1657290318,1116,3782879360
US-CO-08123,CO,Weld,29396539066,10669670495,2880602796,42946812357,112114,18225643600,6303279753,3236299308,27765222661,11441,70712035018
US-SC-45059,SC,Laurens,2729549041,908840459,249596624,3887986124,27279,3327830125,1368251855,601458727,5297540707,1594,9185526831
US-GA-13037,GA,Calhoun,104106086,33517319,9511552,147134957,1734,80548319,30926345,11283526,122758190,96,269893147
US-FL-12047,FL,Hamilton,335347335,105538927,29216335,470102597,4681,296695957,136934673,56241270,489871900,251,959974497
US-IN-18059,IN,Hancock,6429732201,2395830786,637252258,9462815245,30573,4312095850,1618290243,802196135,6732582228,2495,16195397473
US-CA-06093,CA,Siskiyou,2721399525,869928389,246036982,3837364896,19382,2538013809,766020668,534558441,3838592918,1661,7675957814
US-GA-13079,GA,Crawford,413421652,139296564,36760893,589479109,4211,94247967,30315568,16314491,140878026,179,730357135
US-TX-48385,TX,Real,145128874,35682358,9803543,190614775,1375,153288503,37466406,28356302,219111211,135,409725986
US-FL-12035,FL,Flagler,11096518770,3824404662,1030534973,15951458405,52808,4020377838,1215593892,754807993,5990779723,4060,21942238128
US-MI-26065,MI,Ingham,13484283635,5127466714,1387680304,19999430653,104276,23120167153,6890673467,3958320139,33969160759,11314,53968591412
US-OR-41013,OR,Crook,2515542478,857328774,237895608,3610766860,10309,1268577162,479918838,237921371,1986417371,935,5597184231
US-TX-48321,TX,Matagorda,1714652208,570320838,156353736,2441326782,15624,1358045503,472970736,273140558,2104156797,1235,4545483579
US-OK-40019,OK,Carter,2262253867,754987332,215522731,3232763930,19666,3435925375,1277797797,638524396,5352247568,2468,8585011498
US-CT-09150,CT,Northeastern Connecticut Planning Region,6422169626,2319943747,630645642,9372759015,38165,5776077541,2245105655,1066746732,9087929928,2858,18460688943
US-IN-18087,IN,LaGrange,2602010893,891863091,238892948,3732766932,13060,2804022680,1371912781,576715115,4752650576,1478,8485417508
US-TX-48167,TX,Galveston,24258557011,8580125198,2319567942,35158250151,134568,19145681289,5441258294,3667260436,28254200019,11172,63412450170
US-SC-45041,SC,Florence,5733463289,1972131862,547733313,8253328464,53643,11472788812,4093603168,2319523790,17885915770,5518,26139244234
US-AK-02240,AK,Southeast Fairbanks,595028446,168562926,46835155,810426527,2859,283557281,89176874,63911528,436645683,251,1247072210
US-KY-21023,KY,Bracken,291704345,100899728,26960142,419564215,3213,135401653,56037457,26596784,218035894,153,637600109
US-TX-48123,TX,DeWitt,872319320,259442301,73608863,1205370484,7771,754406511,255875672,143405088,1153687271,681,2359057755
US-NV-32001,NV,Churchill,1605477464,510932172,149656771,2266066407,10014,1330226592,418298049,242541353,1991065994,745,4257132401
US-ID-16015,ID,Boise,1361779447,386633429,101919640,1850332516,4236,197336405,54472158,39766749,291575312,272,2141907828
US-IA-19139,IA,Muscatine,2320137774,834990848,228220269,3383348891,16715,3670975972,1553268163,714060149,5938304284,1511,9321653175
US-MI-26039,MI,Crawford,951941898,262982723,70064511,1284989132,7727,651202764,262854964,143483962,1057541690,482,2342530822
US-FL-12033,FL,Escambia,18300945543,6247481673,1756597512,26305024728,131509,20612004134,6352277421,3793250068,30757531623,12564,57062556351
US-VA-51025,VA,Brunswick,592976767,194831514,53783122,841591403,6925,344064077,124677941,58254692,526996710,383,1368588113
US-TN-47089,TN,Jefferson,3296111668,1083280343,299586918,4678978929,21947,2387855678,839686688,390834519,3618376885,1229,8297355814
US-MN-27143,MN,Sibley,963605331,358498056,93439689,1415543076,5586,715527146,304352348,129839006,1149718500,559,2565261576
US-MT-30047,MT,Lake,3774120980,1110203595,312512725,5196837300,13630,1733451226,527816531,325428525,2586696282,1411,7783533582
US-TN-47075,TN,Haywood,669542881,219487736,65772998,954803615,7785,820018161,375875854,165021039,1360915054,486,2315718669
US-CA-06111,CA,Ventura,75709637726,25463313653,7299478790,108472430169,256168,71793396879,22240759438,12696454955,106730611272,37277,215203041441
US-NV-32029,NV,Storey,454943288,167222593,42249720,664415601,1784,2897390034,1559516945,583112397,5040019376,218,5704434977
US-KS-20167,KS,Russell,311032994,109026010,29590708,449649712,3271,280485688,102391402,57532930,440410020,349,890059732
US-FL-12011,FL,Broward,121545107399,43838463544,11982225755,177365796698,685624,175733437157,47282025363,30357374540,253372837060,116994,430738633758
US-OH-39109,OH,Miami,6902109013,2491753855,683996010,10077858878,43621,7308215195,3012318074,1374508284,11695041553,3564,21772900431
US-MI-26087,MI,Lapeer,6033092144,2255312096,585573008,8873977248,32428,3820622941,1519392995,741468115,6081484051,2797,14955461299
US-AR-05071,AR,Johnson,1064396840,366185957,102154283,1532737080,10431,1193352124,536009640,231805093,1961166857,650,3493903937
US-VT-50019,VT,Orleans,2227298071,686701016,184563947,3098563034,13300,2551713091,780290524,619976328,3951979943,1181,7050542977
US-PA-42037,PA,Columbia,3734818675,1279036164,353722209,5367577048,26275,4667773822,1795195854,901791898,7364761574,2301,12732338622
US-CO-08005,CO,Arapahoe,60899526289,22773339262,6090360819,89763226370,220500,67916795236,17790161011,11635856781,97342813028,34652,187106039398
US-IN-18003,IN,Allen,21846115066,8076127674,2186208927,32108451667,144759,35046905618,12193448434,6229201288,53469555340,16232,85578007007
US-MS-28095,MS,Monroe,1429023712,477638879,130246167,2036908758,14672,1151692916,510593749,229244116,1891530781,963,3928439539
US-MS-28047,MS,Harrison,11779522352,4025945820,1132866927,16938335099,81456,21831631813,5752825000,5366877869,32951334682,7595,49889669781
US-GA-13297,GA,Walton,7442195739,2682713942,726534456,10851444137,35194,3367473136,1223613843,573316330,5164403309,2910,16015847446
US-NM-35001,NM,Bernalillo,48665057837,17476881308,4826457088,70968396233,262016,52867689082,15294673576,9959811031,78122173689,27699,149090569922
US-OK-40081,OK,Lincoln,1501859197,524174868,141807533,2167841598,12687,867581315,297164306,148082707,1312828328,839,3480669926
US-KY-21049,KY,Clark,2230603299,787361327,217160896,3235125522,14623,1876083772,731268048,364415218,2971767038,1315,6206892560
US-TX-48325,TX,Medina,2423236426,851790485,225023196,3500050107,16902,1246477763,442233436,233573932,1922285131,1299,5422335238
US-VA-51520,VA,Bristol city,767670640,284030870,76140564,1127842074,7145,1801520284,597675598,372913960,2772109842,983,3899951916
US-SC-45051,SC,Horry,27085343306,8527190981,2274125491,37886659778,162786,27383196179,7616734384,5825541719,40825472282,17615,78712132060
US-PR-72049,PR,Culebra,97624469,16793095,4676744,119094308,832,139829343,52330409,21330683,213490435,4,332584743
US-IL-17123,IL,Marshall,529537464,186513448,50280477,766331389,5229,519621316,230078516,97230207,846930039,365,1613261428
US-OK-40011,OK,Blaine,390925944,120675171,33784918,545386033,3836,479539843,182442708,83889707,745872258,345,1291258291
US-TN-47035,TN,Cumberland,4712301187,1646290472,441201891,6799793550,27030,2715086413,977627088,501571395,4194284896,1786,10994078446
US-NY-36065,NY,Oneida,7788239869,2877172132,787737224,11453149225,93027,29072121499,8754015796,5956911793,43783049088,7925,55236198313
US-TN-47041,TN,DeKalb,1348391600,434003422,123678395,1906073417,9065,829875596,348205596,166436678,1344517870,503,3250591287
US-MN-27147,MN,Steele,2510768081,947641623,247914744,3706324448,13812,3736265870,1450630770,710900031,5897796671,1583,9604121119
US-TN-47183,TN,Weakley,1413880314,476445017,136933209,2027258540,13855,1523794825,627477878,289396741,2440669444,926,4467927984
US-MS-28049,MS,Hinds,10526655266,3619477121,1023698936,15169831323,91809,15371196338,4471824917,2644270234,22487291489,8903,37657122812
US-OH-39159,OH,Union,5049243580,1869168889,498795738,7417208207,22222,5135787687,1979331988,951955120,8067074795,1977,15484283002
US-WI-55065,WI,Lafayette,999270622,362112466,97489725,1458872813,6556,687020723,292876284,129043444,1108940451,538,2567813264
US-OR-41011,OR,Coos,4934892958,1675964715,466100794,7076958467,27643,4702659167,1419208255,946686363,7068553785,2529,14145512252
US-WY-56007,WY,Carbon,1225697739,371051736,100750921,1697500396,6660,1207121768,364182369,299590417,1870894554,795,3568394950
US-MO-29045,MO,Clark,267892585,82303692,22369710,372565987,2673,154142062,60910797,27053415,242106274,209,614672261
US-OK-40005,OK,Atoka,568127976,182939173,50849958,801917107,5237,309302849,115782578,63429591,488515018,414,1290432125
US-TX-48341,TX,Moore,664024114,232638215,66083719,962746048,7504,1688374171,814975149,354779940,2858129260,727,3820875308
US-AL-01113,AL,Russell,2658075686,902515424,257048260,3817639370,24464,2068209660,742769677,397879362,3208858699,1606,7026498069
US-SD-46015,SD,Brule,335873957,111256000,30464267,477594224,1975,398992205,122737987,86729872,608460064,337,1086054288
US-IN-18163,IN,Vanderburgh,9657779648,3507279269,964297642,14129356559,73835,20401158497,6804293711,3727212686,30932664894,8729,45062021453
US-NE-31099,NE,Kearney,488934416,171982433,46897439,707814288,2760,266957943,106896729,48501673,422356345,261,1130170633
US-NC-37031,NC,Carteret,7774641183,2095685118,575886106,10446212407,38941,4064017398,1230353826,800283445,6094654669,3442,16540867076
US-VA-51171,VA,Shenandoah,3063530363,1044677881,284569545,4392777789,18583,2661343321,932316187,504333063,4097992571,1524,8490770360
US-TN-47031,TN,Coffee,3677841629,1266287486,351954986,5296084101,22558,3430553840,1377516011,689015286,5497085137,2141,10793169238
US-OR-41041,OR,Lincoln,5414769967,1558034429,435561858,7408366254,24753,5373212050,1436294262,1259995370,8069501682,2604,15477867936
US-WV-54091,WV,Taylor,794833904,291027045,75942804,1161803753,6283,318612757,117138231,59442691,495193679,363,1656997432
US-WI-55089,WI,Ozaukee,9108589615,3397818821,903311598,13409720034,34156,9678400317,3052547630,1595014006,14325961953,4854,27735681987
US-NC-37191,NC,Wayne,4839632834,1652380837,469248561,6961262232,47955,5876054980,2079275388,1065299909,9020630277,3582,15981892509
US-MT-30095,MT,Stillwater,1138336715,374088913,101459492,1613885120,4053,359459420,133719140,68301456,561480016,375,2175365136
US-KS-20083,KS,Hodgeman,61598571,21293539,5717641,88609751,718,44041394,16620086,6669940,67331420,59,155941171
US-NY-36105,NY,Sullivan,3988920884,1137198555,310123226,5436242665,36583,8270408069,2380879623,1850887081,12502174773,3271,17938417438
US-WI-55001,WI,Adams,1823865406,483856383,126519745,2434241534,12067,1077808967,295842164,252121158,1625772289,532,4060013823
US-MO-29197,MO,Schuyler,151457415,45110962,12177367,208745744,1500,42459983,16321732,7702972,66484687,106,275230431
US-MI-26089,MI,Leelanau,3693243439,1078352855,279467304,5051063598,11739,1197833009,347452026,261738661,1807023696,1176,6858087294
US-OH-39001,OH,Adams,1215208999,398189312,109416264,1722814575,10848,749672245,300902348,152748369,1203322962,641,2926137537
US-PA-42079,PA,Luzerne,16417712537,5680714506,1594103134,23692530177,136618,30372258659,10816323898,5465840155,46654422712,11685,70346952889
US-FL-12021,FL,Collier,41008585019,12903031840,3450515767,57362132626,168887,36981847357,9327360067,6605861767,52915069191,24011,110277201817
US-UT-49009,UT,Daggett,120163153,14598765,3828922,138590840,684,108591761,26227429,31889401,166708591,31,305299431
US-MO-29119,MO,McDonald,829492154,278421629,78707538,1186621321,8661,918120825,450708015,191081579,1559910419,517,2746531740
US-NC-37127,NC,Nash,4354023926,1470469883,418870606,6243364415,39242,6558049393,2477220718,1233975062,10269245173,3489,16512609588
US-AK-02122,AK,Kenai Peninsula,6209669695,1919667983,523757053,8653094731,26761,4558572681,1430364206,940054477,6928991364,3533,15582086095
US-SD-46019,SD,Butte,642224025,225822422,59726170,927772617,3973,369051016,130352540,74720622,574124178,557,1501896795
US-FL-12019,FL,Clay,13723836327,4965040167,1339449147,20028325641,79548,7770973483,2461205261,1406184124,11638362868,7014,31666688509
US-TX-48307,TX,McCulloch,286977771,91190870,25542202,403710843,3643,305158578,102041759,61706559,468906896,322,872617739
US-CA-06037,CA,Los Angeles,718771246579,237638531068,70905300981,1027315078628,2907682,1235657221267,335983857869,203546786599,1775187865735,539754,2802502944363
US-NJ-34017,NJ,Hudson,34924003872,10725255769,3590497295,49239756936,244350,81204819866,20296178506,12459276674,113960275046,29500,163200031982
US-ND-38081,ND,Sargent,219670921,77990878,20989726,318651525,1706,499044570,254116979,100372102,853533651,186,1172185176
US-OH-39127,OH,Perry,1715154685,616162769,163916917,2495234371,13026,812038419,292581241,142156381,1246776041,728,3742010412
US-VA-51093,VA,Isle of Wight,3133375137,1144403075,301309031,4579087243,15038,1868162061,689714573,352799636,2910676270,1249,7489763513
US-AK-02150,AK,Kodiak Island,1261475963,361359687,108802659,1731638309,4984,1223814933,462095706,245650118,1931560757,656,3663199066
US-GA-13191,GA,McIntosh,607611211,185199244,48273336,841083791,5277,206699332,66568765,41393192,314661289,286,1155745080
US-PA-42053,PA,Forest,382342122,63647609,16954462,462944193,4123,188983337,67960468,44114761,301058566,150,764002759
US-WA-53013,WA,Columbia,325271824,110087525,30055102,465414451,1992,288297863,89146614,51053605,428498082,173,893912533
US-ND-38103,ND,Wells,183639060,63365381,17137798,264142239,1892,213472973,74194030,40571139,328238142,265,592380381
US-SD-46013,SD,Brown,2446361914,914119490,242033760,3602515164,14633,3939391154,1292662780,762603566,5994657500,2083,9597172664
US-KY-21233,KY,Webster,411113686,145598061,39583267,596295014,5067,248468213,97834543,43265847,389568603,334,985863617
US-KS-20189,KS,Stevens,188623816,60401172,16837632,265862620,1940,193370480,68589982,35106970,297067432,203,562930052
US-NY-36123,NY,Yates,970067277,304467541,81796600,1356331418,10462,1634539693,536178071,277911123,2448628887,839,3804960305
US-NY-36037,NY,Genesee,1962957820,747315414,201841365,2912114599,23866,4749773026,1737179466,892049151,7379001643,2047,10291116242
US-NE-31005,NE,Arthur,30576720,9632564,2710216,42919500,205,164647,11894,4300,180841,8,43100341
US-CO-08115,CO,Sedgwick,108958713,37609035,10387580,156955328,1061,71812137,28052189,14462803,114327129,111,271282457
US-WY-56009,WY,Converse,1284997656,438408411,118088077,1841494144,5649,691412163,201741112,144377572,1037530847,680,2879024991
US-AR-05007,AR,Benton,22072511548,7564996659,2118014388,31755522595,106164,22303293710,7321570292,3893609755,33518473757,12386,65273996352
US-TN-47179,TN,Washington,8545416443,2996575121,836611329,12378602893,53587,9465295958,3181665250,1834531422,14481492630,5371,26860095523
US-OH-39063,OH,Hancock,4246898671,1543053312,422659643,6212611626,30063,8669347058,3244975191,1533038825,13447361074,2940,19659972700
US-IA-19013,IA,Black Hawk,7136278351,2565827792,709625946,10411732089,51714,12015440644,4349446865,2299287761,18664175270,5387,29075907359
US-OK-40145,OK,Wagoner,5111034778,1834126087,488942301,7434103166,29709,1539126191,576880060,282623956,2398630207,1645,9832733373
US-TX-48295,TX,Lipscomb,125452457,39938036,10769437,176159930,1278,70325809,23801669,11910365,106037843,108,282197773
US-AL-01133,AL,Winston,924900847,277246331,76005661,1278152839,10510,1014844340,508252089,203598133,1726694562,641,3004847401
US-ID-16045,ID,Gem,1920659355,676455453,185209446,2782324254,7182,532314525,201745302,102737769,836797596,712,3619121850
US-VA-51173,VA,Smyth,1115745225,389201635,105830434,1610777294,13236,1554128664,668860928,312176404,2535165996,823,4145943290
US-TX-48149,TX,Fayette,1974954436,615109430,167048244,2757112110,10906,1297550676,448073667,237046035,1982670378,1172,4739782488
US-MD-24037,MD,St. Mary's,9242283672,3276712041,887417598,13406413311,40284,6567458855,1871674967,1199490097,9638623919,3423,23045037230
US-MN-27043,MN,Faribault,630754365,232453171,61890758,925098294,6154,721157000,290364673,131630296,1143151969,635,2068250263
US-GA-13179,GA,Liberty,2575196634,835205761,250486929,3660889324,24652,2673655552,979762462,518811151,4172229165,1693,7833118489
US-CO-08089,CO,Otero,824872215,287957256,79980348,1192809819,7720,809067174,290247115,167456543,1266770832,655,2459580651
US-CA-06009,CA,Calaveras,4669863709,1340171203,359113731,6369148643,20810,1919442400,582038479,395009916,2896490795,1467,9265639438
US-OK-40103,OK,Noble,521289661,176491627,47741614,745522902,4388,676212991,298182514,137193129,1111588634,301,1857111536
US-WI-55105,WI,Rock,10631935613,3856137526,1054259127,15542332266,63625,12561563359,4636076946,2291816550,19489456855,5675,35031789121
US-WI-55117,WI,Sheboygan,7798135155,2852554679,772748436,11423438270,46397,12639824772,4651849064,2471601075,19763274911,4561,31186713181
US-FL-12113,FL,Santa Rosa,13739032950,4910029909,1315597195,19964660054,71662,5518270658,1719903289,1008698551,8246872498,5191,28211532552
US-TN-47161,TN,Stewart,786476144,260746206,68025169,1115247519,5430,269357316,122003863,54728956,446090135,275,1561337654
US-IA-19099,IA,Jasper,2104236126,760414598,205319293,3069970017,14445,1416668160,490850958,263896717,2171415835,1230,5241385852
US-WI-55095,WI,Polk,3869753513,1274673876,338384982,5482812371,19907,2919530059,1143536457,561649288,4624715804,1816,10107528175
US-NJ-34015,NJ,Gloucester,18125974156,6839594115,1799938527,26765506798,104088,23878774015,8659121421,4243434009,36781329445,10318,63546836243
US-SC-45091,SC,York,22033420560,8192135332,2169170392,32394726284,104230,18217265249,5819096996,3223467707,27259829952,10141,59654556236
US-IL-17119,IL,Madison,12343872343,4520776588,1227259014,18091907945,108246,20072679761,7133529812,3524974680,30731184253,9130,48823092198
US-KY-21063,KY,Elliott,200506577,63270547,16899643,280676767,2428,35556423,13548160,7678989,56783572,58,337460339
US-ID-16019,ID,Bonneville,10190853616,3562211955,985224351,14738289922,42227,11247014734,3699990985,2224347025,17171352744,6331,31909642666
US-IL-17023,IL,Clark,589694674,219427008,57871856,866993538,6442,681323320,280924078,128744936,1090992334,518,1957985872
US-CA-06059,CA,Orange,293149612694,98940829535,28511688272,420602130501,944145,468497423385,130715923624,82513319812,681726666821,179776,1102328797322
US-WV-54063,WV,Monroe,670892679,216186731,57665484,944744894,5207,178826718,72001560,33136889,283965167,230,1228710061
US-AL-01033,AL,Colbert,3241001956,1112520100,308624372,4662146428,25387,3469140322,1367533879,665108133,5501782334,2040,10163928762
US-GA-13295,GA,Walker,3379506763,1194482030,323694800,4897683593,26944,2786095199,1064392040,470789961,4321277200,1188,9218960793
US-TN-47045,TN,Dyer,1811569378,610868688,178376800,2600814866,15631,2260564689,984639034,454765556,3699969279,1297,6300784145
US-CO-08117,CO,Summit,7678082746,1608639737,434934078,9721656561,17919,10003018319,2220996199,2148456374,14372470892,3642,24094127453
US-GA-13259,GA,Stewart,87344897,32979790,9012132,129336819,1797,109358085,30076795,21050866,160485746,90,289822565
US-SD-46135,SD,Yankton,1578146673,578253973,155738042,2312138688,9218,2237761465,837059861,433557783,3508379109,1136,5820517797
US-FL-12133,FL,Washington,915623200,311701373,83370056,1310694629,9389,723002269,235244817,121651183,1079898269,646,2390592898
US-TX-48451,TX,Tom Green,5709225231,2062769776,561212045,8333207052,45551,7408694380,2357531584,1360146975,11126372939,4729,19459579991
US-WI-55025,WI,Dane,47386555801,17813774081,4824689766,70025019648,207709,67575965872,19322539842,11819037801,98717543515,26412,168742563163
US-VA-51760,VA,Richmond city,14302841129,4927229709,1447370258,20677441096,93505,30382727613,7966956326,5059256417,43408940356,11809,64086381452
US-OH-39059,OH,Guernsey,1913873977,659976523,181357634,2755208134,16573,2497945797,976028062,516652304,3990626163,1372,6745834297
US-AZ-04021,AZ,Pinal,30056468153,10281783209,2778615182,43116866544,156182,11979387562,3846807957,2336277107,18162472626,7108,61279339170
US-KY-21035,KY,Calloway,2052158050,660733798,190167102,2903058950,15803,2344532967,915534400,440887428,3700954795,1489,6604013745
US-MN-27105,MN,Nobles,1016568927,373097186,100507448,1490173561,7445,1887158575,814320978,364722813,3066202366,918,4556375927
US-AR-05147,AR,Woodruff,221256631,75315383,21445242,318017256,2880,158425888,64292384,27888191,250606463,201,568623719
US-MN-27123,MN,Ramsey,35269596550,13464565913,3595990554,52330153017,186982,73896664254,20470216875,11622699591,105989580720,23818,158319733737
US-AL-01055,AL,Etowah,5301904156,1803341955,489799047,7595045158,41142,4557780322,1645924526,866422174,7070127022,3229,14665172180
US-IL-17075,IL,Iroquois,1060605615,382795275,103339831,1546740721,11593,1097664079,420923351,206200341,1724787771,977,3271528492
US-NH-33011,NH,Hillsborough,33884761525,12292639092,3353486509,49530887126,152525,41439120693,13004672535,7237509302,61681302530,18706,111212189656
US-ND-38061,ND,Mountrail,663721686,195178742,57106125,916006553,4111,737966653,238726647,137043666,1113736966,568,2029743519
US-MS-28071,MS,Lafayette,4121827516,1116087328,322173177,5560088021,22030,3102083103,988556694,603064250,4693704047,2357,10253792068
US-TN-47061,TN,Grundy,548414230,184653756,49135117,782203103,5139,219351090,80731544,43255399,343338033,264,1125541136
US-OK-40007,OK,Beaver,205751919,61486373,16883133,284121425,2025,99712214,32428962,15021550,147162726,188,431284151
US-ID-16001,ID,Ada,62280257720,21956674822,6062930692,90299863234,186835,45306535293,13897967421,8146499166,67351001880,26512,157650865114
US-IA-19001,IA,Adair,398622511,140454470,38980339,578057320,3360,334399947,126508274,64464907,525373128,320,1103430448
US-NC-37095,NC,Hyde,228383290,63687577,18249882,310320749,2622,155102853,52288751,35847642,243239246,229,553559995
US-MO-29159,MO,Pettis,2135332147,760494537,209880576,3105707260,16855,2830049764,1169648072,551340533,4551038369,1718,7656745629
US-IN-18093,IN,Lawrence,2482102081,926690725,244144875,3652937681,18154,2270049520,911523125,442932358,3624505003,1458,7277442684
US-IL-17095,IL,Knox,1547440637,586535654,157179234,2291155525,20788,3754173290,1204220500,622722163,5581115953,1639,7872271478
US-NM-35035,NM,Otero,2807363880,813485457,237432911,3858282248,27368,2937257691,849361105,680725716,4467344512,1501,8325626760
US-KY-21219,KY,Todd,560061784,191205008,52512218,803779010,4545,288607268,123263664,53041703,464912635,321,1268691645
US-KS-20007,KS,Barber,176308749,58156972,15478825,249944546,2037,172992372,67585714,33166041,273744127,247,523688673
US-TN-47125,TN,Montgomery,14486369308,4961295979,1422873767,20870539054,83261,9267173505,3159676873,1772976761,14199827139,5923,35070366193
US-PA-42015,PA,Bradford,3282872062,1098221046,302187778,4683280886,25294,3592121242,1378852502,710455409,5681429153,2104,10364710039
US-TN-47013,TN,Campbell,2167031798,701242111,198190065,3066463974,17630,1181289726,447536532,234025942,1862852200,978,4929316174
US-VA-51073,VA,Gloucester,2830211020,990366790,265786800,4086364610,15478,1535832774,496319537,278219325,2310371636,1338,6396736246
US-CO-08009,CO,Baca,145573357,49128855,13497930,208200142,1698,105617609,38745582,19376940,163740131,133,371940273
US-GA-13205,GA,Mitchell,606644086,213359512,60537780,880541378,8189,914394427,395842697,187039772,1497276896,605,2377818274
US-NC-37011,NC,Avery,1603864956,368344681,99337694,2071547331,9706,1486956847,345614729,241375396,2073946972,795,4145494303
US-MO-29011,MO,Barton,514102613,166722623,47757831,728583067,4849,330921043,134103853,64292461,529317357,347,1257900424
US-MS-28067,MS,Jones,2525654563,878044961,238083106,3641782630,24908,3416101868,1411945526,662633094,5490680488,2136,9132463118
US-TX-48495,TX,Winkler,279911415,100975705,26417942,407305062,2852,341779742,116727725,66131911,524639378,263,931944440
US-TX-48361,TX,Orange,3634362171,1258888554,339802898,5233053623,32247,3205164548,1222733192,610022504,5037920244,2123,10270973867
US-MO-29177,MO,Ray,1402182143,492137764,135181502,2029501409,9223,448642609,161376847,78961622,688981078,530,2718482487
US-OK-40079,OK,Le Flore,1785530512,607260372,167291146,2560082030,18471,977196581,333921651,191237111,1502355343,1262,4062437373
US-KY-21103,KY,Henry,875588249,306957968,84684318,1267230535,6125,281494986,111061748,52414190,444970924,337,1712201459
US-GA-13005,GA,Bacon,320492286,107785539,29584241,457862066,4239,419906160,184448616,81157134,685511910,347,1143373976
US-SC-45001,SC,Abbeville,1040154316,343018732,93742622,1476915670,9983,857510122,338032181,151412324,1346954627,553,2823870297
US-CT-09140,CT,Naugatuck Valley Planning Region,27468277068,9698901253,2704875693,39872054014,172318,33243072254,11390169544,5856205161,50489446959,15713,90361500973
US-MS-28015,MS,Carroll,369880901,128321303,34318660,532520864,4167,74156512,23847168,11665481,109669161,172,642190025
US-OR-41057,OR,Tillamook,3439079685,899226164,253199680,4591505529,14394,2012866261,666502765,441780091,3121149117,1143,7712654646
US-WI-55111,WI,Sauk,4844335820,1700907543,459767932,7005011295,26533,11347942936,3303637796,2761655615,17413236347,3043,24418247642
US-NE-31063,NE,Frontier,138443828,43704717,12299036,194447581,1200,56774576,19697048,8963468,85435092,100,279882673
US-IL-17157,IL,Randolph,1088582289,388453355,104476427,1581512071,11813,2099218499,848226846,386111644,3333556989,990,4915069060
US-KS-20051,KS,Ellis,1889108824,638153954,184614546,2711877324,12311,2236830615,747845316,449855921,3434531852,1711,6146409176
US-WV-54053,WV,Mason,1112467245,386460087,102110975,1601038307,10157,550804647,203612153,102138534,856555334,539,2457593641
US-VA-51157,VA,Rappahannock,982203338,301583501,83392948,1367179787,3374,455037016,115931916,110805047,681773979,286,2048953766
US-TN-47021,TN,Cheatham,3365273838,1214222087,323017715,4902513640,15322,1287181602,483914725,238645867,2009742194,1032,6912255834
US-KS-20171,KS,Scott,285309056,90998682,28888673,405196411,2376,255644671,83820383,49052886,388517940,316,793714351
US-MT-30011,MT,Carter,84089733,24596416,7068277,115754426,674,9775553,3187812,1697203,14660568,39,130414994
US-LA-22051,LA,Jefferson,29330263020,10344036758,2884446863,42558746641,172089,34468425287,10501163945,6022267490,50991856722,19951,93550603363
US-VA-51063,VA,Floyd,980514498,338788823,89198494,1408501815,6918,520043392,196768055,96969185,813780632,479,2222282447
US-AL-01115,AL,St. Clair,5745810402,2022368979,537351091,8305530472,34200,2677960284,1055564718,509424662,4242949664,2281,12548480136
US-OH-39095,OH,Lucas,19396633079,7106444658,1967848001,28470925738,174848,36977214051,12338580696,6583162631,55898957378,16699,84369883116
US-AL-01045,AL,Dale,1966971365,651869475,189552578,2808393418,21009,1302772992,414747642,241115413,1958636047,1200,4767029465
US-CA-06087,CA,Santa Cruz,32473946942,9905736534,3001606968,45381290444,94127,24241794152,6850373274,4375746262,35467913688,11560,80849204132
US-NV-32011,NV,Eureka,87968973,20660949,5629234,114259156,614,51714951,15376272,10747170,77838393,48,192097549
US-TX-48503,TX,Young,948914845,328153914,92246451,1369315210,8183,815188944,341779135,157599616,1314567695,811,2683882905
US-FL-12003,FL,Baker,1177928572,415566038,109937567,1703432177,8716,952376065,365160402,173336107,1490872574,675,3194304751
US-VA-51800,VA,Suffolk city,7155507999,2569705842,702351061,10427564902,36235,5728837781,1887495574,996780922,8613114277,3036,19040679179
US-TX-48137,TX,Edwards,45175094,12053833,3093881,60322808,649,38263215,12009650,5692884,55965749,49,116288557
US-SD-46021,SD,Campbell,61701274,20898025,5546871,88146170,745,48759084,20710705,8357492,77827281,87,165973451
US-DE-10005,DE,Sussex,27380096139,8363369403,2217614778,37961080320,114548,15180453287,5315315081,2961729186,23457497554,10172,61418577874
US-KY-21141,KY,Logan,1355758373,466546397,128479724,1950784494,11195,1205039938,559044986,239581214,2003666138,769,3954450632
US-TX-48227,TX,Howard,1256293220,446843344,121286656,1824423220,11987,1635949787,524348981,331253984,2491552752,1141,4315975972
US-PR-72015,PR,Arroyo,534289755,183533594,49822448,767645797,7078,767540352,291063070,117567522,1176170944,18,1943816741
US-IL-17137,IL,Morgan,1187809369,427214999,116643552,1731667920,13404,3219685565,1098050397,560503676,4878239638,1261,6609907558
US-KY-21061,KY,Edmonson,541235686,174335030,45819415,761390131,5141,152011387,44372962,35993639,232377988,176,993768119
US-IA-19007,IA,Appanoose,528072309,178744533,49076162,755893004,5309,812006026,296161130,179343393,1287510549,484,2043403553
US-MI-26029,MI,Charlevoix,2533615596,791647895,207957411,3533220902,13538,2673483347,835844294,646192672,4155520313,1370,7688741215
US-OH-39131,OH,Pike,1076074121,373222056,104760430,1554056607,10838,1103099773,380757351,217689553,1701546677,661,3255603284
US-WI-55115,WI,Shawano,2572957487,887613991,236694577,3697266055,17273,2474859857,852298599,525691674,3852850130,1413,7550116185
US-PA-42005,PA,Armstrong,3268256661,1163609034,311318822,4743184517,28260,2679780436,953940352,477869315,4111590103,1996,8854774620
US-ND-38033,ND,Golden Valley,81014825,26197402,7093343,114305570,740,67249249,23945645,11205288,102400182,97,216705752
US-OK-40067,OK,Jefferson,165408160,55651623,15453822,236513605,2420,103088613,38728896,19684557,161502066,152,398015671
US-IA-19169,IA,Story,5383202084,2003286737,547998252,7934487073,33636,6750748641,2114826061,1244071991,10109646693,3966,18044133766
US-SC-45013,SC,Beaufort,20820820344,6843736311,1823535178,29488091833,82006,13937926517,3526590972,2664622165,20129139654,9875,49617231487
US-AR-05015,AR,Carroll,1791164639,582883541,158856584,2532904764,11953,2018769659,686476728,459838571,3165084958,1141,5697989722
US-MI-26083,MI,Keweenaw,255826902,65078462,16812387,337717751,1614,132686916,32780536,27123533,192590985,82,530308736
US-OK-40057,OK,Harmon,78259800,24629371,6865163,109754334,1159,40098388,13168469,7451030,60717887,68,170472221
US-LA-22061,LA,Lincoln,2310981660,740580447,222715002,3274277109,18986,2770473579,870336337,509466284,4150276200,1897,7424553309
US-MN-27027,MN,Clay,3992988448,1549974577,406693434,5949656459,22472,4685222507,1273405732,704531681,6663159920,2256,12612816379
US-IA-19183,IA,Washington,1412501610,498993122,138916698,2050411430,8966,1829118809,543677905,429142929,2801939643,1049,4852351073
US-GA-13271,GA,Telfair,303041618,92089976,24784547,419916141,3734,253525025,89930310,47263340,390718675,308,810634816
US-ID-16041,ID,Franklin,1136796499,395403504,110188491,1642388494,4892,451066829,189343375,92889352,733299556,537,2375688050
US-SD-46011,SD,Brookings,2240473292,779476545,218001940,3237951777,12544,2917491839,1096022269,555609602,4569123710,1623,7807075487
US-MI-26113,MI,Missaukee,900859083,274053891,71630384,1246543358,6736,457676577,186839022,78648678,723164277,447,1969707635
US-PA-42103,PA,Pike,5981596301,1717095661,452486881,8151178843,30404,3241942932,862457057,740826706,4845226695,1526,12996405538
US-NC-37063,NC,Durham,25908173672,9219936033,2578081496,37706191201,126999,51164884202,13717698661,7765599533,72648182396,14793,110354373597
US-WV-54051,WV,Marshall,1641788842,565433436,153166708,2360388986,13064,1227138343,415611021,239740989,1882490353,769,4242879339
US-PA-42087,PA,Mifflin,2062910452,719999570,197836087,2980746109,19091,2885607595,1195199283,553256584,4634063462,1603,7614809571
US-MO-29510,MO,St. Louis city,16636482632,5310737753,1620088987,23567309372,145141,42863197908,11707975759,7087879340,61659053007,16020,85226362379
US-IN-18137,IN,Ripley,1837223837,664252907,177779075,2679255819,11093,1911795677,696837687,332959596,2941592960,1017,5620848779
US-AR-05027,AR,Columbia,982049968,312054643,86425403,1380530014,8949,1180114284,453630975,231538166,1865283425,856,3245813439
US-MD-24043,MD,Washington,9468756774,3348058834,934617101,13751432709,57639,13632281701,4857137132,2447942391,20937361224,5837,34688793933
US-MN-27121,MN,Pope,1000049242,339882041,88727558,1428658841,5191,740006408,291468654,138313191,1169788253,584,2598447094
US-VA-51193,VA,Westmoreland,1506514654,465854034,125526214,2097894902,9451,498590085,179934188,90609644,769133917,506,2867028819
US-NM-35039,NM,Rio Arriba,2401352178,704507039,193489177,3299348394,15888,1237644613,354605199,281974861,1874224673,790,5173573067
US-PA-42011,PA,Berks,26714539190,9539051841,2637422530,38891013561,157015,34723513428,12511338292,6388758650,53623610370,13891,92514623931
US-KS-20043,KS,Doniphan,303339757,102182298,27152884,432674939,2861,232224405,104045575,43352733,379622713,235,812297652
US-GA-13171,GA,Lamar,987536657,346870810,94741863,1429149330,7112,777849263,268003898,124102607,1169955768,408,2599105098
US-NC-37125,NC,Moore,9275930993,3163545000,858253688,13297729681,43881,7988431088,2265047510,1703503084,11956981682,3908,25254711363
US-GA-13099,GA,Early,384548738,124304002,35065510,543918250,4342,450092037,202372301,90654569,743118907,314,1287037157
US-MI-26055,MI,Grand Traverse,8256898525,2877544129,765649880,11900092534,38692,10883124093,3444366679,2187984174,16515474946,5585,28415567480
US-WY-56005,WY,Campbell,3656747878,1287956034,342763115,5287467027,16814,2869266642,914668420,546039010,4329974072,2244,9617441099
US-MT-30059,MT,Meagher,221151220,60259382,16144442,297555044,1112,52328494,18892884,11422837,82644215,124,380199259
US-MD-24041,MD,Talbot,3924713157,1286716222,355256490,5566685869,16857,4271590394,1253163264,849721595,6374475253,2377,11941161122
US-WV-54035,WV,Jackson,1411519078,492669353,132768755,2036957186,11248,1031193459,430301000,205929402,1667423861,745,3704381047
US-OK-40109,OK,Oklahoma,45841071259,15853222024,4524826785,66219120068,314272,71485697819,21348759354,12550426902,105384884075,41352,171604004143
US-ID-16065,ID,Madison,2170854226,720860640,210127189,3101842055,11052,9240502064,1981728683,1041322657,12263553404,1852,15365395459
US-FL-12077,FL,Liberty,205085350,68077725,17926570,291089645,2624,146491709,66476907,29339473,242308089,114,533397734
US-AL-01109,AL,Pike,1415427638,441781136,126248899,1983457673,13608,2110585538,826702771,389736464,3327024773,1067,5310482446
US-KS-20179,KS,Sheridan,132969555,45810686,12696893,191477134,1057,106766659,38787790,17252430,162806879,157,354284013
US-MT-30003,MT,Big Horn,452905076,145854814,41198875,639958765,3888,353065012,110820645,73571179,537456836,295,1177415601
US-NM-35053,NM,Socorro,567799318,159842319,43838064,771479701,5726,453903619,142137428,105344625,701385672,363,1472865373
US-VA-51720,VA,Norton city,90827499,36744860,10034351,137606710,1493,567911451,246523841,121578168,936013460,328,1073620170
US-IL-17185,IL,Wabash,354778661,133113333,35334746,523226740,4706,485700150,170841768,84576497,741118415,385,1264345155
US-IN-18057,IN,Hamilton,34655328649,12919067602,3403910710,50978306961,121968,31919922783,8743078681,5851644857,46514646321,17062,97492953282
US-CO-08013,CO,Boulder,41740846227,14667085026,4081696048,60489627301,121824,38943709893,10793861822,6619871630,56357443345,22177,116847070646
US-TN-47171,TN,Unicoi,947487594,332934333,90769241,1371191168,7679,765578529,316020934,151109587,1232709050,414,2603900218
US-KY-21065,KY,Estill,515861916,181459298,49242589,746563803,5821,257286529,97086211,48214233,402586973,311,1149150776
US-NY-36077,NY,Otsego,2182331609,716204221,194460359,3092996189,24598,5485406463,1652646821,1029293472,8167346756,2097,11260342945
US-NE-31053,NE,Dodge,2161933676,744662110,209679318,3116275104,14952,3133423234,1132237951,534730910,4800392095,1624,7916667199
US-WY-56017,WY,Hot Springs,372698448,118996757,33308286,525003491,2175,306620000,90228360,68044671,464893031,253,989896522
US-MO-29107,MO,Lafayette,2050862285,703985263,193215821,2948063369,12846,1131687345,419315863,199666345,1750669553,1123,4698732922
US-TX-48365,TX,Panola,931601684,307276996,82126155,1321004835,9032,848188813,304973286,164225339,1317387438,705,2638392273
US-WV-54011,WV,Cabell,4688354636,1640999179,451474206,6780828021,38402,7222302145,2490546794,1420565329,11133414268,4072,17914242289
US-KS-20073,KS,Greenwood,231896835,75267328,20119273,327283436,3008,141343039,54688108,24370960,220402107,225,547685543
US-KY-21175,KY,Morgan,380350578,130137350,34554290,545042218,4665,259049159,100322071,50883269,410254499,236,955296717
US-PA-42123,PA,Warren,1756318262,579475401,155244438,2491038101,17784,2974608985,1070023496,506217407,4550849888,1310,7041887989
US-WA-53061,WA,Snohomish,88382476867,31843148075,8656621991,128882246933,281185,69543439700,22910417881,12786957244,105240814825,32807,234123061758
US-GA-13315,GA,Wilcox,161857332,51699090,14027753,227584175,2852,60951956,22470178,10977148,94399282,119,321983457
US-KY-21125,KY,Laurel,2400716576,843082429,230230295,3474029300,23225,3920193599,1516871905,770865136,6207930640,2082,9681959940
US-MO-29077,MO,Greene,17338599286,6234363418,1775085610,25348048314,123476,31637979893,10249256939,5632129828,47519366660,14622,72867414974
US-WV-54087,WV,Roane,577263643,186492346,49970648,813726637,5847,240453843,94676432,48070765,383201040,308,1196927677
US-NE-31029,NE,Chase,240124421,76918433,21036793,338079647,1613,206738977,70227290,37379220,314345487,268,652425134
US-PR-72013,PR,Arecibo,2880275141,949335061,271591186,4101201388,36637,4022448075,1498007021,613255380,6133710476,152,10234911864
US-MI-26081,MI,Kent,43931030765,16391334400,4389977949,64712343114,231335,84542639643,28000179619,14484279315,127027098577,29577,191739441691
US-WV-54021,WV,Gilmer,178325332,54752278,14852175,247929785,2460,111139678,51464553,22836694,185440925,140,433370710
US-MO-29219,MO,Warren,2594906218,892384438,237329229,3724619885,13675,1258728968,450321836,208409419,1917460223,955,5642080108
US-OK-40029,OK,Coal,179870471,59343344,16736609,255950424,2309,101057098,40230225,20063454,161350777,128,417301201
US-FL-12059,FL,Holmes,502851551,169722191,45682666,718256408,7276,293372787,107896554,57246693,458516034,414,1176772442
US-AK-02013,AK,Aleutians East,110608170,36802007,10701118,158111295,1048,541071793,311087879,115968425,968128097,96,1126239392
US-IN-18115,IN,Ohio,383599386,137937364,37380383,558917133,2499,473759903,112708414,130742221,717210538,135,1276127671
US-MO-29007,MO,Audrain,950933043,323483358,90218540,1364634941,9519,1191430614,445598312,201828932,1838857858,771,3203492799
US-NY-36099,NY,Seneca,1042645828,374818719,101691150,1519155697,13995,3372734964,1097643264,732149632,5202527860,1139,6721683557
US-UT-49045,UT,Tooele,6118735617,2256091776,596521563,8971348956,21861,2962841560,1037583057,539179961,4539604578,1789,13510953534
US-LA-22013,LA,Bienville,416982641,136543810,37797796,591324247,5767,431182422,188566168,81048616,700797206,320,1292121453
US-MS-28013,MS,Calhoun,448160095,154419234,42971853,645551182,6133,297637621,126338020,53050976,477026617,369,1122577799
US-MO-29151,MO,Osage,912286554,309158799,81657533,1303102886,5419,648972047,313089815,128517237,1090579099,414,2393681985
US-IN-18049,IN,Fulton,967762872,332764151,89029509,1389556532,8153,899421483,392691344,170921398,1463034225,720,2852590757
US-TX-48069,TX,Castro,185472360,64750795,17664156,267887311,2625,243888050,89418547,38124206,371430803,250,639318114
US-VA-51115,VA,Mathews,1017521801,316310159,83356383,1417188343,4464,227993220,75182729,40612562,343788511,286,1760976854
US-NV-32033,NV,White Pine,440860900,144753115,39716827,625330842,3541,616001817,178431345,156550644,950983806,306,1576314648
US-TN-47167,TN,Tipton,3759638134,1323916945,363272707,5446827786,22363,1568165833,613619152,286842549,2468627534,1168,7915455320
US-KS-20011,KS,Bourbon,539900449,187974011,51717823,779592283,5972,728580686,299014554,143799470,1171394710,554,1950986993
US-SC-45053,SC,Jasper,1936947674,688551318,182258066,2807757058,11622,1768951055,557533458,335014422,2661498935,1245,5469255993
US-MI-26145,MI,Saginaw,8503171560,3137276238,841378300,12481826098,75457,15239020318,5406731184,3015780792,23661532294,6909,36143358392
US-CO-08119,CO,Teller,3205883449,1091041241,290169050,4587093740,11538,2854410549,638186657,594373428,4086970634,1287,8674064374
US-MI-26095,MI,Luce,284938128,81821920,21676299,388436347,3018,318195530,111912814,69218502,499326846,247,887763193
US-VA-51143,VA,Pittsylvania,2728186852,943388672,252656503,3924232027,26088,1696850259,622161883,282778511,2601790653,1272,6526022680
US-MN-27021,MN,Cass,3462271761,901800462,236794832,4600867055,17205,2839859995,752600531,690043375,4282503901,1314,8883370956
US-WI-55139,WI,Winnebago,10273249309,3814800331,1033736269,15121785909,66049,17966002485,6716204054,3339574917,28021781456,6757,43143567365
US-TN-47127,TN,Moore,523995464,186155499,48956064,759107027,2613,229266544,120335892,48206920,397809356,121,1156916383
US-MN-27067,MN,Kandiyohi,2870116042,1023656390,273415623,4167188055,16859,3916913157,1339079388,739012323,5995004868,2223,10162192923
US-SC-45045,SC,Greenville,36582572692,13381615513,3597717649,53561905854,204489,49068786982,15263450876,8598378528,72930616386,25426,126492522240
US-MN-27109,MN,Olmsted,12762278756,4735023591,1267686654,18764989001,60524,20443919838,6017470107,4008612284,30470002229,6105,49234991230
US-NC-37039,NC,Cherokee,2194118296,680445542,179301344,3053865182,14723,2389345412,714601056,612298419,3716244887,949,6770110069
US-OK-40025,OK,Cimarron,85656539,21739197,5958755,113354491,1019,56964914,17417274,12594100,86976288,92,200330779
US-TN-47107,TN,McMinn,2979151374,1029316510,282206162,4290674046,21270,3182878430,1340339475,615892868,5139110773,1542,9429784819
US-VA-51013,VA,Arlington,22053165690,8448436448,2294682975,32796285113,84066,49659857593,9396512694,7576915563,66633285850,11812,99429570963
US-VA-51131,VA,Northampton,996358443,296435457,83127285,1375921185,6238,652877049,201287123,130265647,984429819,502,2360351004
US-MS-28069,MS,Kemper,265632262,91304541,24481302,381418105,3358,130723046,53671646,25699624,210094316,150,591512421
US-IL-17017,IL,Cass,358763301,134391754,36235170,529390225,5134,927576855,427131615,181385910,1536094380,365,2065484605
US-TX-48363,TX,Palo Pinto,1362404576,418316661,115851775,1896573012,12338,1007387460,346798438,193874717,1548060615,976,3444633627
US-AL-01125,AL,Tuscaloosa,13835712456,4752583029,1306104361,19894399846,85189,14632304426,5234232208,2767765283,22634301917,7499,42528701763
US-AL-01025,AL,Clarke,925523322,289583270,78166877,1293273469,9540,1064879542,426437416,205271149,1696588107,936,2989861576
US-TX-48399,TX,Runnels,358485890,117530784,32356946,508373620,4442,333355357,132278430,59839197,525472984,321,1033846604
US-CO-08041,CO,El Paso,63671436204,22779018281,6281444485,92731898970,262006,63630058534,16864891001,10695548536,91190498071,31411,183922397041
US-MS-28011,MS,Bolivar,1200458704,413575403,118395707,1732429814,12461,1441590444,494643630,283337384,2219571458,1196,3952001272
US-NE-31033,NE,Cheyenne,443889765,161732204,44257159,649879128,4272,560682996,198083744,114680438,873447178,465,1523326306
US-PR-72117,PR,Rincón,732282993,203371486,57787609,993442088,6860,877378382,330309414,133940693,1341628489,26,2335070577
US-VA-51027,VA,Buchanan,556706262,175464940,46167531,778338733,8215,478894859,185116907,89248874,753260640,532,1531599373
US-IN-18135,IN,Randolph,967555035,351279414,94551928,1413386377,10355,910845123,360860556,171269932,1442975611,750,2856361988
US-ND-38039,ND,Griggs,128364019,40682609,10849532,179896160,1074,89712601,34098134,15572122,139382857,121,319279017
US-NH-33013,NH,Merrimack,11412462712,4108879442,1100751659,16622093813,55925,14890892125,4586037097,2489553388,21966482610,6893,38588576423
US-PR-72073,PR,Jayuya,412725388,134103436,39283853,586112677,5672,604490933,226568600,92258349,923317882,22,1509430559
US-IL-17053,IL,Ford,482789635,180729994,48753105,712272734,5658,842156401,331418618,163010667,1336585686,532,2048858420
US-SC-45015,SC,Berkeley,15428497612,5661886710,1501252548,22591636870,84968,11081075600,3754100069,1954192184,16789367853,6790,39381004723
US-GA-13277,GA,Tift,1468992788,500732098,143978838,2113703724,16131,3112749106,1160653864,592891560,4866294530,1787,6979998254
US-CO-08079,CO,Mineral,208673784,36294069,10077978,255045831,835,76941429,19340887,18428547,114710863,108,369756694
US-MD-24029,MD,Kent,1675844311,557371062,153274432,2386489805,8877,1974826184,552407279,298013078,2825246541,953,5211736346
US-KS-20149,KS,Pottawatomie,1602496290,568890739,151722944,2323109973,8923,1547058176,601248176,283788405,2432094757,1011,4755204730
US-IA-19189,IA,Winnebago,528377140,191543441,51989314,771909895,4630,1283436221,513502979,208338545,2005277745,485,2777187640
US-OK-40003,OK,Alfalfa,192397384,63012481,17101919,272511784,2113,95083025,33777221,15514755,144375001,180,416886785
US-WI-55005,WI,Barron,3241799691,1103388810,296193243,4641381744,20183,3269522451,1373422696,656032556,5298977703,2159,9940359447
US-LA-22093,LA,St. James,1180862776,407711919,108084972,1696659667,7599,1168883292,519976028,202342821,1891202141,515,3587861808
US-OH-39155,OH,Trumbull,8592747112,3142630435,858215424,12593592971,85298,10758954101,3914939916,2066638740,16740532757,6247,29334125728
US-OK-40093,OK,Major,364852909,127060790,34219424,526133123,3261,204009111,70580116,34841314,309430541,340,835563664
US-VA-51099,VA,King George,2411756909,832844807,231723468,3476325184,10229,940750267,294171499,178671091,1413592857,736,4889918041
US-TX-48145,TX,Falls,500150433,174282108,46576183,721008724,6466,276540329,106336733,51153366,434030428,369,1155039152
US-MI-26155,MI,Shiawassee,3619159153,1333269158,353000057,5305428368,26811,3009895305,1028096533,512866571,4550858409,1874,9856286777
US-CO-08085,CO,Montrose,3523125195,1200230972,329473952,5052830119,17246,2495950262,901277597,500081662,3897309521,2233,8950139640
US-MS-28089,MS,Madison,9186846836,3299269361,891002031,13377118228,41769,9535445581,3064750243,1681827423,14282023247,5814,27659141475
US-AR-05069,AR,Jefferson,2144052412,718668872,201979235,3064700519,25840,4093661062,1349790479,899163033,6342614574,2061,9407315093
US-MS-28053,MS,Humphreys,237387455,82668669,23761593,343817717,3292,182631420,76410380,34965770,294007570,214,637825287
US-WA-53037,WA,Kittitas,4712776515,1474024797,419539054,6606340366,19982,4391173615,1120819989,834009230,6346002834,2279,12952343200
US-ID-16037,ID,Custer,514861983,140279335,37354608,692495926,2365,274947193,70694060,67400855,413042108,277,1105538034
US-KY-21193,KY,Perry,804273914,274384688,75998639,1154657241,11357,1170265507,443025635,244587273,1857878415,892,3012535656
US-NE-31133,NE,Pawnee,86791716,29440749,7884267,124116732,1209,120571950,60930139,25381892,206883981,102,331000713
US-WV-54071,WV,Pendleton,454880857,128596715,34662612,618140184,2884,233041163,79996004,48099208,361136375,210,979276559
US-PR-72141,PR,Utuado,898600526,292912681,85904049,1277417256,12316,1257719175,477875555,192719419,1928314149,28,3205731405
US-ID-16075,ID,Payette,2035957391,714777942,197228623,2947963956,9053,1207725498,482472602,207565179,1897763279,898,4845727235
US-IA-19101,IA,Jefferson,857152636,289791558,82798292,1229742486,7125,1575069584,463938658,240431882,2279440124,1011,3509182610
US-OH-39133,OH,Portage,9185472416,3320829192,899222146,13405523754,61104,9837133790,3634924335,1815134221,15287192346,5253,28692716100
US-WI-55101,WI,Racine,13615470802,4922142662,1343000723,19880614187,75322,13827549298,5153837262,2528399362,21509785922,7006,41390400109
US-IA-19097,IA,Jackson,1178573779,418543437,112847249,1709964465,8330,856631838,328288956,166622461,1351543255,803,3061507720
US-MI-26161,MI,Washtenaw,29416186714,10708742019,2926621844,43051550577,132434,32911310786,9854494816,5916051924,48681857526,15519,91733408103
US-ND-38059,ND,Morton,2505359542,921211555,238814045,3665385142,12476,2196179026,685667080,387381281,3269227387,1442,6934612529
US-OH-39055,OH,Geauga,8073504898,3006720672,785555719,11865781289,33926,5869714374,2188175979,1050205815,9108096168,4300,20973877457
US-LA-22103,LA,St. Tammany,21154260896,7720704744,2043209377,30918175017,101176,14195215861,4417538751,2561611336,21174365948,11177,52092540965
US-WI-55015,WI,Calumet,3989970580,1517525882,393736838,5901233300,19250,2847149806,1105273988,521024684,4473448478,1640,10374681778
US-AK-02275,AK,Wrangell City and,195033937,52954780,15795466,263784183,1024,98313489,32243741,16863810,147421040,154,411205223
US-GA-13291,GA,Union,2316827901,744529592,195542576,3256900069,12042,1230050448,440885857,235673391,1906609696,989,5163509765
US-NE-31111,NE,Lincoln,2039749207,686928020,195610625,2922287852,14994,2297310507,718398571,454255033,3469964111,1618,6392251963
US-VA-51163,VA,Rockbridge,1537163589,528743272,141859082,2207765943,9991,1413971476,477115600,304136680,2195223756,693,4402989699
US-SC-45039,SC,Fairfield,882099591,286754327,79024309,1247878227,9453,714300635,285390273,132605486,1132296394,509,2380174621
US-OH-39145,OH,Scioto,2838385621,985535670,273315009,4097236300,29134,3275323361,1199027810,669522064,5143873235,2068,9241109535
US-MT-30041,MT,Hill,932023912,303268123,86699971,1321992006,6487,1092204761,328217306,218356622,1638778689,761,2960770695
US-ND-38015,ND,Burleigh,8371572735,3111279565,820233841,12303086141,35737,10039231574,2853947835,1728659108,14621838517,5217,26924924658
US-NC-37079,NC,Greene,521212957,179316571,49896826,750426354,7050,364996038,133147141,65884188,564027367,425,1314453721
US-SC-45019,SC,Charleston,43955941794,14901806779,4091442908,62949191481,169841,47589255067,13302255702,9051090249,69942601018,26430,132891792499
US-SD-46059,SD,Hand,186267131,58943213,17048365,262258709,1503,161391735,56863458,31270511,249525704,208,511784413
US-OK-40023,OK,Choctaw,584130610,191373601,54881940,830386151,6298,411551330,149850995,83531986,644934311,456,1475320462
US-MI-26123,MI,Newaygo,2822712036,942587236,245596192,4010895464,19967,1932927022,764542159,379123299,3076592480,1303,7087487944
US-UT-49003,UT,Box Elder,4643893031,1640520360,449935360,6734348751,18784,4019108505,1763283740,782317777,6564710022,2016,13299058773
US-NC-37153,NC,Richmond,1510803572,516528892,145750897,2173083361,18006,1865224601,796772275,374193009,3036189885,1315,5209273246
US-ND-38003,ND,Barnes,659229666,240349933,62967210,962546809,4594,694121608,232448784,128487014,1055057406,563,2017604215
US-CA-06071,CA,San Bernardino,128113839575,42277080889,12235574959,182626495423,635856,177163294027,60762590025,29913647419,267839531471,69519,450466026894
US-TX-48401,TX,Rusk,2182473966,742943648,200702058,3126119672,18618,1474065679,573812623,282057284,2329935586,1246,5456055258
US-MT-30013,MT,Cascade,6419308818,2217316532,610548424,9247173774,34025,6557416360,1966381936,1247448854,9771247150,3985,19018420924
US-OR-41053,OR,Polk,7143557681,2466234943,696538815,10306331439,30644,5040294726,1417592158,1075020938,7532907822,2627,17839239261
US-GA-13303,GA,Washington,603880160,202062331,56503439,862445930,7776,671486696,275154111,124022426,1070663233,528,1933109163
US-IL-17177,IL,Stephenson,1692718904,633802989,171862082,2498383975,19163,3131117623,1138983060,590919772,4861020455,1672,7359404430
US-IN-18149,IN,Starke,1215069537,409233307,107874903,1732177747,9357,553625917,221800578,102453953,877880448,497,2610058195
US-KS-20085,KS,Jackson,825804327,288328982,79079586,1193212895,5197,1196694744,315183077,320171650,1832049471,382,3025262366
US-MT-30099,MT,Teton,492674977,161824626,44743771,699243374,2574,168935862,52395056,28419761,249750679,324,948994053
US-AL-01065,AL,Hale,554276841,169791154,45457601,769525596,5971,280036181,111470543,52733986,444240710,283,1213766306
US-NM-35043,NM,Sandoval,12106510511,4376068171,1165973219,17648551901,54256,5292694888,1669363290,1125919589,8087977767,2945,25736529668
US-TN-47071,TN,Hardin,1522193548,462969474,126934818,2112097840,12350,1244532405,540139194,246475541,2031147140,817,4143244980
US-NY-36019,NY,Clinton,2674699021,988841631,267812721,3931353373,32181,6709517095,2678064361,1344978752,10732560208,2955,14663913581
US-ND-38099,ND,Walsh,506049769,182540680,48217950,736808399,4396,556902479,219171649,98540255,874614383,570,1611422782
US-MI-26139,MI,Ottawa,21969099998,8205857478,2158631409,32333588885,101284,26085579925,9837909537,4664948947,40588438409,10968,72922027294
US-IL-17129,IL,Menard,644745393,237254347,63503161,945502901,5137,248728044,77824583,40962916,367515543,298,1313018444
US-ID-16035,ID,Clearwater,664923066,210022623,56357023,931302712,3664,355707726,129124848,72786459,557619033,346,1488921745
US-GA-13319,GA,Wilkinson,257211463,86648276,22706850,366566589,3498,230360906,96057568,39036563,365455037,225,732021626
US-MI-26107,MI,Mecosta,2222408559,728043049,195579581,3146031189,17208,1908903368,710978581,364730840,2984612789,1196,6130643978
US-VA-51101,VA,King William,1372110804,514148048,133374386,2019633238,7032,441995360,163254514,81198103,686447977,509,2706081215
US-CO-08033,CO,Dolores,188408851,59842865,15743124,263994840,1278,114090346,33217533,28188191,175496070,96,439490910
US-IN-18143,IN,Scott,1032883123,365457512,99883350,1498223985,9368,1256992003,530908297,260251535,2048151835,683,3546375820
US-TX-48117,TX,Deaf Smith,542092969,188693391,53153641,783940001,6482,1151023420,508224728,228716832,1887964980,558,2671904981
US-KS-20175,KS,Seward,731145225,245288576,71082446,1047516247,7449,1597869884,701526246,320303481,2619699611,873,3667215858
US-PA-42019,PA,Butler,14876323204,5390300127,1445238444,21711861775,76252,17981870727,6218398012,3219426563,27419695302,8052,49131557077
US-TX-48229,TX,Hudspeth,47295869,14452510,4049140,65797519,905,11538938,5499831,2241923,19280692,37,85078211
US-TX-48323,TX,Maverick,1882298703,668614478,185930737,2736843918,18384,2561771934,800522609,499447866,3861742409,1452,6598586327
US-NE-31015,NE,Boyd,91482684,27767240,7390444,126640368,953,37320991,15656145,7519534,60496670,78,187137038
US-VA-51510,VA,Alexandria city,12376051231,4691298463,1314065861,18381415555,58308,25940331211,5007288197,3734833387,34682452795,8816,53063868350
US-IL-17113,IL,McLean,7500417148,2889175961,767635004,11157228113,62326,18368907309,5596825171,3275825684,27241558164,6367,38398786277
US-WI-55013,WI,Burnett,1881293904,448064084,117908051,2447266039,10503,662875826,261021057,136021095,1059917978,631,3507184017
US-TX-48055,TX,Caldwell,1980660610,680029164,189949984,2850639758,15260,1001406293,365979515,194848946,1562234754,1081,4412874512
US-TN-47019,TN,Carter,2841227698,981725613,267063592,4090016903,24095,1842958372,601880548,310038801,2754877721,1278,6844894624
US-NE-31065,NE,Furnas,183791607,63238762,17112579,264142948,2193,168555752,71096692,32129456,271781900,225,535924848
US-TN-47085,TN,Humphreys,1069364061,351428939,93382521,1514175521,7278,799065682,330147821,159263385,1288476888,531,2802652409
US-ID-16049,ID,Idaho,1591008017,493296604,132974012,2217278633,7246,701777201,254805951,140237622,1096820774,757,3314099407
US-VA-51023,VA,Botetourt,2427077197,872903129,227576992,3527557318,13350,2041719084,829417929,381207770,3252344783,1158,6779902101
US-SD-46061,SD,Hanson,207650771,74765001,19515037,301930809,1137,52271981,22446306,9408711,84126998,115,386057807
US-KY-21207,KY,Russell,934705079,284073670,77350534,1296129283,8183,807398426,334333486,154772041,1296503953,539,2592633236
US-MN-27071,MN,Koochiching,709325293,242123385,63112862,1014561540,5984,747209708,270173689,159099917,1176483314,574,2191044854
US-OH-39067,OH,Harrison,601793461,201676756,54680203,858150420,6383,471127812,178701496,86845134,736674442,369,1594824862
US-ND-38101,ND,Ward,4933090452,1708481349,470101150,7111672951,26449,5009894819,1480433707,895171228,7385499754,3313,14497172705
US-OH-39047,OH,Fayette,1397970759,478816044,138717454,2015504257,12009,1882900532,721176459,375492960,2979569951,1007,4995074208
US-ID-16039,ID,Elmore,2214340107,699558270,205751032,3119649409,11423,886665648,327452052,181300736,1395418436,734,4515067845
US-IN-18151,IN,Steuben,2508059350,789984286,210043738,3508087374,15266,3041961965,1147922016,523449119,4713333100,1517,8221420474
US-MO-29043,MO,Christian,6500108326,2329705237,637797619,9467611182,33543,2784617187,928923137,488157200,4201697524,3160,13669308706
US-NE-31083,NE,Harlan,192620472,57248205,15131187,264999864,1467,93246141,31270440,18384183,142900764,138,407900628
US-CA-06089,CA,Shasta,11044343289,3644909678,1050578834,15739831801,69632,14506855263,4397891049,2794201599,21698947911,7245,37438779712
US-MN-27033,MN,Cottonwood,585925075,211394598,57210629,854530302,4675,738113827,312953707,138592847,1189660381,492,2044190683
US-MO-29185,MO,St. Clair,490939812,156869198,42805827,690614837,4440,188318326,70761916,37664554,296744796,247,987359633
US-ID-16007,ID,Bear Lake,575719117,161307192,42524737,779551046,2915,207558773,71640950,48486718,327686441,229,1107237487
US-NY-36011,NY,Cayuga,2619184433,943880604,254928449,3817993486,31560,5164567462,1816912981,976344928,7957825371,2398,11775818857
US-OH-39167,OH,Washington,3284200602,1158190224,315052075,4757442901,24978,4140171137,1499063905,751252400,6390487442,2139,11147930343
US-WV-54103,WV,Wetzel,567530207,194521650,51499897,813551754,6050,666124491,264348643,140204817,1070677951,477,1884229705
US-VA-51127,VA,New Kent,2272672731,861901977,221858277,3356432985,8883,718064930,215943749,122125498,1056134177,634,4412567162
US-MN-27081,MN,Lincoln,331382646,114300004,30107367,475790017,2568,217362628,73071566,37045317,327479511,277,803269528
US-PR-72007,PR,Aguas Buenas,905880238,289467350,85118908,1280466496,9852,1008131576,382783836,154366638,1545282050,18,2825748546
US-CO-08097,CO,Pitkin,4246566565,1210671430,340515895,5797753890,9292,8476234752,1755559372,1713737738,11945531862,2819,17743285752
US-KS-20147,KS,Phillips,203011910,69140617,18726865,290879392,2393,247808923,86227842,46638525,380675290,334,671554682
US-UT-49029,UT,Morgan,1503870003,554177216,145109970,2203157189,3529,274525007,101147725,45838760,421511492,508,2624668681
US-FL-12111,FL,St. Lucie,25373096536,8711726901,2354590185,36439413622,135314,13099673834,4196480896,2346033682,19642188412,11338,56081602034
US-MI-26045,MI,Eaton,6404399627,2464951705,643232241,9512583573,40453,9697903567,3531601516,1691338153,14920843236,3772,24433426809
US-ND-38011,ND,Bowman,212755811,68504612,18323101,299583524,1349,200188130,65925158,42088237,308201525,219,607785049
US-ND-38063,ND,Nelson,154823687,50112255,13441234,218377176,1448,110056206,39638706,20033730,169728642,184,388105818
US-AR-05113,AR,Polk,846501471,288013129,76515624,1211030224,8103,708111054,294600196,140528441,1143239691,650,2354269915
US-VT-50009,VT,Essex,481905983,129348285,34088191,645342459,3520,115480794,41524096,21810403,178815293,157,824157752
US-IL-17149,IL,Pike,473941248,163155116,43881504,680977868,6312,684353264,239084462,134194945,1057632671,527,1738610539
US-TX-48475,TX,Ward,450482387,156840286,42026666,649349339,4487,610611280,188082130,128750535,927443945,457,1576793284
US-WI-55067,WI,Langlade,1187770760,382243080,101158630,1671172470,9529,1340885635,524714852,253046625,2118647112,899,3789819582
US-MI-26071,MI,Iron,615918647,184363408,47587162,847869217,6615,609610210,205023393,131278048,945911651,539,1793780868
US-UT-49013,UT,Duchesne,1320700116,412893607,111566752,1845160475,7345,951773643,345905123,193922736,1491601502,929,3336761977
US-LA-22119,LA,Webster,1288872239,424009718,118871761,1831753718,15858,1498629345,583577328,289445753,2371652426,1210,4203406144
US-NM-35041,NM,Roosevelt,746048641,241957443,70417164,1058423248,7730,602034624,216953081,114903117,933890822,514,1992314070
US-ND-38089,ND,Stark,2363338211,844959122,224825526,3433122859,12119,2789989021,869743855,506050001,4165782877,1923,7598905736
US-TX-48277,TX,Lamar,2423238191,835591262,235359036,3494188489,20782,3144037976,1292183881,628648092,5064869949,2008,8559058438
US-MI-26037,MI,Clinton,5613642478,2135396127,552511660,8301550265,28831,3237885272,1137313651,557377939,4932576862,2278,13234127127
US-CO-08077,CO,Mesa,12924229705,4545463618,1253511051,18723204374,62294,11772642296,3759569092,2264546193,17796757581,7434,36519961955
US-KY-21217,KY,Taylor,1290438704,437593398,124533816,1852565918,10433,1302693635,543017211,261095602,2106806448,993,3959372366
US-IN-18047,IN,Franklin,1661000206,607911074,160839680,2429750960,8825,874913879,319498764,178573676,1372986319,688,3802737279
US-GA-13071,GA,Colquitt,1384988309,470829976,134822079,1990640364,17466,2251496349,918099448,444695468,3614291265,1510,5604931629
US-VA-51595,VA,Emporia city,197809335,59375034,19301282,276485651,2698,858427921,299919182,180312329,1338659432,368,1615145083
US-WI-55083,WI,Oconto,3305751340,1036600123,271120359,4613471822,18680,1315767766,560131826,258590231,2134489823,1241,6747961645
US-SC-45009,SC,Bamberg,388196830,119885298,32660041,540742169,5311,551405354,176754217,80862739,809022310,414,1349764479
US-MT-30019,MT,Daniels,135773423,40171320,10675078,186619821,853,100576801,28813446,17357909,146748156,110,333367977
US-AR-05037,AR,Cross,567005037,193724414,54789560,815519011,6955,516243558,199694942,97806058,813744558,577,1629263569
US-MO-29073,MO,Gasconade,892783206,298555504,79751885,1271090595,6381,988770690,406530274,210520061,1605821025,640,2876911620
US-OH-39141,OH,Ross,3268385416,1170636494,322143441,4761165351,28687,4238963226,1643088380,828603609,6710655215,2043,11471820566
US-ND-38057,ND,Mercer,634831240,206392416,55121572,896345228,3782,487145174,176600432,97014117,760759723,380,1657104951
US-NY-36057,NY,Montgomery,1461344205,509987519,141839920,2113171644,20219,3921093194,1644186495,731428508,6296708197,1664,8409879841
US-KS-20093,KS,Kearny,167890052,58204649,15821013,241915714,1412,85784340,30804225,16255701,132844266,124,374759980
US-AR-05101,AR,Newton,483194248,147825150,41156482,672175880,3461,150951082,44033528,39458840,234443450,133,906619330
US-TX-48445,TX,Terry,356428734,126413711,35884430,518726875,4503,324782894,116905198,63431856,505119948,350,1023846823
US-SD-46137,SD,Ziebach,56107116,17135056,5309700,78551872,773,25927961,8809178,4923051,39660190,50,118212062
US-NE-31161,NE,Sheridan,204931830,66854665,18804503,290590998,2373,194945408,77025172,34476155,306446735,231,597037733
US-MN-27131,MN,Rice,4607543111,1708151545,449932235,6765626891,21468,7942924860,2262717393,1085246422,11290888675,2490,18056515566
US-PA-42115,PA,Susquehanna,2667774254,836849936,225600081,3730224271,17403,1507861793,476393656,280612701,2264868150,1268,5995092421
US-MD-24019,MD,Dorchester,2108198556,677649627,192169137,2978017320,14091,2376536496,868654023,509490322,3754680841,1112,6732698161
US-TX-48425,TX,Somervell,560471533,199102408,52645105,812219046,3421,671835617,172374477,155321816,999531910,380,1811750956
US-NJ-34025,NJ,Monmouth,67539525452,24685160352,6567139368,98791825172,232330,64640291801,18607956067,11055831684,94304079552,32322,193095904724
US-WI-55077,WI,Marquette,1288512259,396113216,105914321,1790539796,7846,661271213,269249493,133197569,1063718275,428,2854258071
US-NJ-34019,NJ,Hunterdon,13469185630,5058794924,1328963665,19856944219,47276,10559084898,3336777823,1974108247,15869970968,5819,35726915187
US-FL-12115,FL,Sarasota,44523871572,14878973181,3988714242,63391558995,210648,31049462312,9038087994,5470509607,45558059913,25480,108949618908
US-OK-40037,OK,Creek,3523105266,1211556732,333481039,5068143037,27574,2439386576,1002376027,446067743,3887830346,2122,8955973383
US-KS-20097,KS,Kiowa,130511753,43415403,12032762,185959918,1026,98748771,27285484,12905658,138939913,110,324899831
US-TN-47001,TN,Anderson,4899353943,1745165637,473161157,7117680737,30856,7514003089,2934225001,1485452400,11933680490,2683,19051361227
US-NC-37173,NC,Swain,923343163,262783605,72424013,1258550781,6764,969696229,268150064,197868979,1435715272,619,2694266053
US-AK-02060,AK,Bristol Bay,110404844,15831291,5232427,131468562,567,169057333,57974452,39838667,266870452,156,398339014
US-MS-28143,MS,Tunica,353255495,109513691,32606637,495375823,3831,4017530885,919528895,1152801751,6089861531,364,6585237354
US-MT-30015,MT,Chouteau,345990899,103417101,29870828,479278828,2467,155703839,51346670,32063140,239113649,244,718392477
US-OH-39013,OH,Belmont,3072203876,1064116062,289022494,4425342432,27376,3003034144,1024158008,573271426,4600463578,2221,9025806010
US-CO-08105,CO,Rio Grande,714733989,224409245,62609931,1001753165,5363,606603113,182773789,127024374,916401276,597,1918154441
US-OH-39057,OH,Greene,10827704593,3935587516,1077769132,15841061241,63871,12188607723,3467776386,2074718348,17731102457,5814,33572163698
US-AL-01015,AL,Calhoun,5394085671,1852145591,507650074,7753881336,46767,5883977489,2191008854,1084293227,9159279570,3749,16913160906
US-TX-48103,TX,Crane,142024680,51706932,13667424,207399036,1632,75245539,29744652,13506699,118496890,123,325895926
US-VA-51740,VA,Portsmouth city,5121949482,1817536421,516837504,7456323407,38880,4899897186,1532197950,863312798,7295407934,3050,14751731341
US-TN-47181,TN,Wayne,608370758,201608572,53734327,863713657,5936,357866114,144941344,73316314,576123772,332,1439837429
US-MO-29095,MO,Jackson,43090156366,15097524870,4278890672,62466571908,290954,67917569415,20355720750,11575990617,99849280782,31372,162315852690
US-OK-40001,OK,Adair,627389081,207808332,59551844,894749257,7339,465135957,213526210,96635977,775298144,384,1670047401
US-RI-44009,RI,Washington,15380439224,4988217428,1353139113,21721795765,54733,11100302710,3974789629,2101774357,17176866696,5907,38898662461
US-VA-51103,VA,Lancaster,1231833724,388908336,104698547,1725440607,6251,1032697426,295410788,221193594,1549301808,703,3274742415
US-AL-01067,AL,Henry,890519324,280900709,74703938,1246123971,7429,421268916,149434243,71970747,642673906,455,1888797877
US-KY-21011,KY,Bath,393514208,138379536,37260491,569154235,4679,210025823,86504110,40282459,336812392,233,905966627
US-NE-31171,NE,Thomas,32518411,10955488,3141835,46615734,347,18393689,6301679,3748513,28443881,30,75059615
US-NE-31025,NE,Cass,2158770331,774773193,204818178,3138361702,10479,834798390,283562096,139484715,1257845201,887,4396206903
US-ME-23009,ME,Hancock,6424182282,1816681502,485686533,8726550317,30267,4131252762,1198283565,795077721,6124614048,3547,14851164365
US-IN-18155,IN,Switzerland,547649871,195134754,51800589,794585214,3774,939689653,219255702,264103318,1423048673,220,2217633887
US-MS-28145,MS,Union,1341755515,444173863,121262587,1907191965,10689,1745850202,776222312,343858386,2865930900,850,4773122865
US-TX-48313,TX,Madison,426641993,137525063,38578362,602745418,4417,393995073,136995568,83633734,614624375,417,1217369793
US-SD-46119,SD,Sully,124470795,35537424,9946709,169954928,751,69652523,22917432,16303169,108873124,94,278828052
US-TX-48203,TX,Harrison,3073412703,1043603864,287204496,4404221063,26177,3620440713,1272261885,606884139,5499586737,2167,9903807800
US-PR-72153,PR,Yauco,1118666523,367717647,100520013,1586904183,14575,1642199308,619789576,251187258,2513176142,49,4100080325
US-IA-19127,IA,Marshall,1694722013,627047490,169592056,2491361559,15111,2331917559,969577726,458495374,3759990659,1305,6251352218
US-IL-17045,IL,Edgar,522211200,201319630,53983770,777514600,7514,1411238979,625824390,273688025,2310751394,511,3088265994
US-AR-05133,AR,Sevier,505605379,170690221,47734883,724030483,6065,533591049,247508047,109867267,890966363,408,1614996846
US-GA-13159,GA,Jasper,927006719,331051653,87492729,1345551101,5854,323535561,126838869,56927501,507301931,325,1852853032
US-VA-51670,VA,Hopewell city,973769138,338109262,98971872,1410850272,9834,1211200402,446253690,235210759,1892664851,698,3303515123
US-AK-02070,AK,Dillingham,237763889,61637159,17756104,317157152,1827,323326574,105194104,66058198,494578876,181,811736028
US-MS-28081,MS,Lee,4834640959,1638277878,451287487,6924206324,32890,7845272862,3013179755,1565018081,12423470698,4203,19347677022
US-MD-24001,MD,Allegany,2862558182,1011896723,274795682,4149250587,28174,4892784019,1647804720,1020726100,7561314839,2438,11710565426
US-LA-22047,LA,Iberville,1545040909,506672048,139267886,2190980843,11661,1929474995,859774166,363757710,3153006871,931,5343987714
US-NM-35047,NM,San Miguel,1456952751,447191270,126229744,2030373765,12162,1260958091,434246043,294625262,1989829396,694,4020203161
US-SD-46023,SD,Charles Mix,467100498,154911070,42717421,664728989,3193,693318891,191963448,149522690,1034805029,463,1699534018
US-CO-08047,CO,Gilpin,1010753087,336651492,91106228,1438510807,3224,4583996417,894054628,1070562906,6548613951,193,7987124758
US-FL-12009,FL,Brevard,45745810685,16191149834,4302196165,66239156684,249033,39090468896,11807562971,7006566734,57904598601,25919,124143755285
US-PR-72057,PR,Guayama,1248200650,446115013,120950798,1815266461,15848,1794104432,661208619,272798281,2728111332,114,4543377793
US-IA-19121,IA,Madison,1255726522,456103036,122340575,1834170133,6424,455838770,154383669,84564397,694786836,626,2528956969
US-NE-31057,NE,Dundy,91909922,30596952,8402410,130909284,888,42177246,16831496,8396628,67405370,87,198314654
US-SC-45057,SC,Lancaster,8013045689,2924891641,766906408,11704843738,38458,4265686927,1426512552,780603215,6472802694,2769,18177646432
US-NY-36087,NY,Rockland,19444841311,7010813871,1928884675,28384539857,95899,34170265721,10041012276,5607410759,49818688756,17831,78203228613
US-SC-45007,SC,Anderson,11920288456,4262665147,1145503046,17328456649,81427,12329416506,4672090361,2203493088,19204999955,6695,36533456604
US-TN-47105,TN,Loudon,5125201755,1829561832,490391940,7445155527,22854,2725735416,1066840804,500119765,4292695985,1638,11737851512
US-MO-29165,MO,Platte,9039049872,3280308849,891790313,13211149034,39936,10157712128,3086560964,1808914130,15053187222,4463,28264336256
US-LA-22127,LA,Winn,438349819,141107074,39001090,618457983,5425,603729438,222137037,117867513,943733988,400,1562191971
US-TN-47039,TN,Decatur,560702764,166727575,45241211,772671550,5228,414271138,175616782,85747467,675635387,345,1448306937
US-NM-35023,NM,Hidalgo,142587824,40600357,11039266,194227447,1674,202251839,61929071,53192385,317373295,131,511600742
US-TX-48121,TX,Denton,75271217719,27929415169,7499624773,110700257661,314227,56426949510,16257261850,9528692499,82212903859,33516,192913161520
US-PA-42031,PA,Clarion,1807888692,602375556,164633835,2574898083,15970,2103005262,768954473,399089640,3271049375,1497,5845947458
US-TX-48027,TX,Bell,18690908822,6325872660,1851262802,26868044284,140772,17979158223,5677814425,3276804302,26933776950,10133,53801821234
US-TN-47059,TN,Greene,3740986201,1292126589,346890892,5380003682,27765,4551140674,1885412604,824388845,7260942123,2018,12640945805
US-NV-32013,NV,Humboldt,897776141,300767347,83982497,1282525985,6684,1381498289,407774269,329574118,2118846676,660,3401372661
US-MO-29091,MO,Howell,1968394965,667038678,188382491,2823816134,16341,2321686007,930665538,463375229,3715726774,1778,6539542908
US-MS-28157,MS,Wilkinson,271017204,88090601,23673546,382781351,3748,158681173,51814801,29066282,239562256,188,622343607
US-SD-46099,SD,Minnehaha,14216002630,5366399926,1431833253,21014235809,71693,23685749623,7348227005,4270677194,35304653822,10505,56318889631
US-IL-17143,IL,Peoria,7271681261,2772891070,744884600,10789456931,73033,22697255772,6801422146,3952150724,33450828642,7419,44240285573
US-WV-54033,WV,Harrison,3542884487,1227621652,333530155,5104036294,26429,4434021365,1496804910,822521913,6753348188,2790,11857384482
US-TX-48507,TX,Zavala,232299887,81173673,22862146,336335706,3626,148960092,52221160,32572408,233753660,152,570089366
US-WA-53035,WA,Kitsap,27295691108,9483636924,2625582057,39404910089,102455,16005216966,4571980432,3054841270,23632038668,10116,63036948757
US-SD-46079,SD,Lake,904000662,297698165,81563238,1283262065,4786,679053158,258278780,128724704,1066056642,551,2349318707
US-ND-38031,ND,Foster,226523057,78767889,21218604,326509550,1553,215509050,95140575,40718978,351368603,217,677878153
US-MD-24045,MD,Wicomico,5372983099,1886554858,533557432,7793095389,38792,7380345932,2452881544,1370254402,11203481878,4202,18996577267
US-IL-17169,IL,Schuyler,222515042,76828079,20753266,320096387,2855,229676749,74687708,39511679,343876136,240,663972523
US-TX-48433,TX,Stonewall,34913075,10734272,2829884,48477231,573,34524851,13453797,7160729,55139377,51,103616608
US-MS-28001,MS,Adams,1109211939,363216248,101577453,1574005640,12780,1834578804,588263081,367310895,2790152780,1192,4364158420
US-ND-38029,ND,Emmons,178101200,58738041,15541978,252381219,1666,84470079,32319335,15865901,132655315,166,385036534
US-MS-28097,MS,Montgomery,394706635,121522718,33317305,549546658,4322,336834537,116623388,70019414,523477339,309,1073023997
US-CO-08011,CO,Bent,181034493,61284732,17576939,259896164,1975,54854626,19181050,11112692,85148368,82,345044532
US-TX-48057,TX,Calhoun,978596145,324037281,87702274,1390335700,9066,1613157466,665620557,339752053,2618530076,732,4008865776
US-PA-42091,PA,Montgomery,81150612406,30018694320,8041853079,119211159805,303370,119611831684,36436200151,20466516883,176514548718,43919,295725708523
US-IL-17139,IL,Moultrie,506656626,191522833,51253111,749432570,5720,1036794944,485423558,205425394,1727643896,517,2477076466
US-WI-55023,WI,Crawford,1008124267,324616173,88064847,1420805287,7215,1212401862,511566412,256566165,1980534439,603,3401339726
US-TX-48077,TX,Clay,554086100,186024507,50479364,790589971,4625,171446506,65022116,28249998,264718620,227,1055308591
US-AK-02198,AK,Prince of Wales-Hyder,414261408,121129208,33813270,569203886,2605,252422702,87963568,52798925,393185195,259,962389081
US-KS-20069,KS,Gray,294245887,103952755,27893423,426092065,2064,201122480,68120314,31264979,300507773,343,726599838
US-KY-21057,KY,Cumberland,283852199,85772009,23770649,393394857,2801,212747153,72919933,52409986,338077072,155,731471929
US-AR-05109,AR,Pike,414450932,134404922,36506526,585362380,4416,369549749,131762083,73375531,574687363,333,1160049743
US-MD-24011,MD,Caroline,2016936481,698796175,193179329,2908911985,12168,1606831111,563827913,263669090,2434328114,971,5343240099
US-KS-20071,KS,Greeley,53660713,18218738,5020089,76899540,561,39218252,15264625,8113437,62596314,53,139495854
US-NY-36121,NY,Wyoming,1357985675,497614823,133773258,1989373756,16396,2011438117,771902964,372235800,3155576881,1181,5144950637
US-FL-12061,FL,Indian River,13384866545,4554770805,1214326461,19153963811,70922,10276986313,2939146523,1851238371,15067371207,7804,34221335018
US-OR-41015,OR,Curry,2382490652,775212779,215643212,3373346643,11354,1360228586,452600307,314613218,2127442111,1051,5500788754
US-IA-19043,IA,Clayton,1007764591,350856033,94480033,1453100657,7603,912488798,331116488,168665672,1412270958,800,2865371615
US-KS-20075,KS,Hamilton,84337279,26969108,7232299,118538686,833,85851694,32545104,12729273,131126071,99,249664757
US-MS-28105,MS,Oktibbeha,2893316455,917009150,274467671,4084793276,21006,2839428098,775672990,566670316,4181771404,1865,8266564680
US-TX-48037,TX,Bowie,3712871757,1291217097,362962517,5367051371,35769,5394092823,1884161814,1052106794,8330361431,3727,13697412802
US-GA-13089,GA,DeKalb,52504821493,18582007033,5077559629,76164388155,265720,65598306597,17395016392,10172467398,93165790387,33374,169330178542
US-NC-37017,NC,Bladen,1101694568,347630113,95799701,1545124382,12840,1807048717,824269387,344252518,2975570622,831,4520695004
US-MN-27127,MN,Redwood,752872845,272504961,71972739,1097350545,6092,2012732922,570547089,498591132,3081871143,795,4179221688
US-SD-46017,SD,Buffalo,40028955,12857409,3940242,56826606,523,12076759,4632036,2337973,19046768,16,75873374
US-AL-01041,AL,Crenshaw,483413676,151978242,42436033,677827951,5595,392572518,172273963,73689571,638536052,333,1316364003
US-KY-21187,KY,Owen,573966678,190626633,49701840,814295151,4307,171432490,51699502,27698216,250830208,205,1065125359
US-IN-18119,IN,Owen,1128241976,398013878,105589537,1631845391,8580,726724793,332093774,143139295,1201957862,515,2833803253
US-GA-13139,GA,Hall,14201614642,4968576281,1358846698,20529037621,70554,15881468602,6092921007,2891259865,24865649474,8233,45394687095
US-VT-50023,VT,Washington,5415813649,1807041787,491793612,7714649048,25587,7629684633,2104572728,1404473398,11138730759,3469,18853379807
US-IN-18125,IN,Pike,554484072,202300577,52956572,809741221,4874,297203970,107645810,49024681,453874461,307,1263615682
US-MI-26061,MI,Houghton,1686426553,565183527,152323229,2403933309,15059,2017809081,646902334,395170729,3059882144,1416,5463815453
US-AR-05049,AR,Fulton,472858176,154147915,40997988,668004079,5065,180613950,69056657,38078539,287749146,255,955753225
US-IN-18045,IN,Fountain,795292777,274824984,75922862,1146040623,7197,746021092,335729005,149177141,1230927238,518,2376967861
US-FL-12095,FL,Orange,88619213246,31115197281,8625519561,128359930088,475130,238693036680,59750334566,45096298028,343539669274,76548,471899599362
US-IA-19135,IA,Monroe,357384568,121449537,32340924,511175029,3061,359861912,165187717,72481484,597531113,280,1108706142
US-NY-36067,NY,Onondaga,16304111006,6355670912,1702718920,24362500838,182189,63408614951,19557173067,10708723657,93674511675,19342,118037012513
US-AL-01043,AL,Cullman,4784499497,1659667923,448100068,6892267488,34803,4259394424,1671570918,795413541,6726378883,2918,13618646371
US-SC-45037,SC,Edgefield,1316153986,452729403,120090589,1888973978,9729,860001111,300038605,144285613,1304325329,545,3193299307
US-ID-16005,ID,Bannock,6336459853,2204494414,615583751,9156538018,32478,5218251587,1750304218,1033596751,8002152556,3805,17158690574
US-VA-51680,VA,Lynchburg city,3262530826,1131802464,324440605,4718773895,28264,16530155082,4323956253,2269839757,23123951092,4026,27842724987
US-MO-29081,MO,Harrison,313818606,100571478,28027192,442417276,3480,329662182,124434124,69854791,523951097,288,966368373
US-SC-45055,SC,Kershaw,3511751680,1255476578,328360569,5095588827,25749,2450131731,893554408,438756055,3782442194,1819,8878031021
US-OK-40051,OK,Grady,3015997000,1037380955,284405723,4337783678,20745,1893925180,661044356,351185645,2906155181,1759,7243938859
US-WI-55127,WI,Walworth,8841297106,2937259054,795120391,12573676551,43072,10407430641,3294466140,2230698890,15932595671,4740,28506272222
US-AR-05137,AR,Stone,637803669,189585544,52826821,880216034,5542,371658286,130312603,84375164,586346053,371,1466562087
US-MS-28119,MS,Quitman,160853343,59216770,16680397,236750510,2801,74963694,22171375,13850111,110985180,160,347735690
US-MT-30017,MT,Custer,787759083,268727440,74554927,1131041450,4968,849625872,264986297,162093872,1276706041,700,2407747491
US-TX-48095,TX,Concho,91399850,25512825,6976465,123889140,1114,30957921,11401020,6295886,48654827,53,172543967
US-OH-39015,OH,Brown,2294145529,792946818,216684267,3303776614,17228,1212139275,415710054,220563098,1848412427,923,5152189041
US-ME-23007,ME,Franklin,2113764511,580410596,156302469,2850477576,15276,2468793748,728921871,559837826,3757553445,1401,6608031021
US-LA-22079,LA,Rapides,6430355108,2120449884,596232832,9147037824,50951,7490858121,2513124229,1393280427,11397262777,5246,20544300601
US-IA-19027,IA,Carroll,1238559592,454948237,121944685,1815452514,8444,1857148460,726477116,334589222,2918214798,1292,4733667312
US-WV-54009,WV,Brooke,993212715,367051902,97065307,1457329924,9071,1165818767,406529514,203434386,1775782667,651,3233112591
US-WV-54013,WV,Calhoun,247041937,80596330,20990318,348628585,2539,79089334,30882899,16008916,125981149,116,474609734
US-TX-48447,TX,Throckmorton,55615734,17743911,4907185,78266830,833,19677480,6773597,3039842,29490919,63,107757749
US-GA-13075,GA,Cook,523903334,180479336,50311774,754694444,6539,571569566,227144681,125103218,923817465,527,1678511909
US-OK-40047,OK,Garfield,2860775491,959217049,274433622,4094426162,24981,3376888226,1195063921,621430128,5193382275,2422,9287808437
US-CO-08121,CO,Washington,295475842,102529810,28471017,426476669,2112,97242280,37059942,16324599,150626821,163,577103490
US-NE-31139,NE,Pierce,446152517,156770982,42941988,645865487,2916,245432079,90818208,41652125,377902412,350,1023767899
US-PR-72001,PR,Adjuntas,457781445,156470939,43226891,657479275,6714,740284143,277891660,113130645,1131306448,23,1788785723
US-VA-51109,VA,Louisa,2837459247,982499946,260587348,4080546541,15912,1349433039,552459753,233290759,2135183551,994,6215730092
US-TX-48143,TX,Erath,2470029201,834103436,235267249,3539399886,16464,2218756969,803784352,406913193,3429454514,1728,6968854400
US-AL-01127,AL,Walker,2612123879,885754083,236601131,3734479093,25518,2253124705,835999733,426472704,3515597142,2041,7250076235
US-GA-13091,GA,Dodge,560535011,181090527,50336881,791962419,7313,496722850,199224786,98384716,794332352,482,1586294771
US-AZ-04019,AZ,Pima,64782067424,22926708225,6320879185,94029654834,401560,72801511360,21133344671,13626531974,107561388005,36391,201591042839
US-NE-31043,NE,Dakota,826343910,307753672,83914109,1218011691,6702,2253859387,981334561,439805712,3674999660,741,4893011351
US-AR-05073,AR,Lafayette,201400265,58886552,16038760,276325577,3047,92493453,33179603,15906638,141579694,137,417905271
US-IL-17043,IL,DuPage,65118528613,25073298954,6559447254,96751274821,308341,138430153389,43872561009,23158116402,205460830800,57815,302212105621
US-MT-30083,MT,Richland,884168406,283657059,78079446,1245904911,4600,839495861,284037551,159162170,1282695582,741,2528600493
US-KS-20111,KS,Lyon,1330317094,481024546,134576020,1945917660,12885,2413471940,954696266,474935183,3843103389,1454,5789021049
US-MO-29013,MO,Bates,773550542,250463845,70926384,1094940771,6449,387643137,150582216,74081121,612306474,529,1707247245
US-IN-18043,IN,Floyd,5514886754,1984633514,533006701,8032526969,29983,5116149144,1855612064,949506717,7921267925,3113,15953794894
US-MI-26105,MI,Mason,2073266081,665155601,174731523,2913153205,13394,1870022693,683176294,379742775,2932941762,1211,5846094967
US-UT-49007,UT,Carbon,1168016703,380311693,107475334,1655803730,8426,1089721532,388373803,216859972,1694955307,788,3350759037
US-TX-48129,TX,Donley,114184155,33087608,9125371,156397134,1581,49151998,17505715,9019328,75677041,108,232074175
US-NC-37115,NC,Madison,1595751875,490544534,133015308,2219311717,9238,801402763,231923567,133296450,1166622780,576,3385934497
US-KY-21115,KY,Johnson,777444290,266323715,73205812,1116973817,8807,564941529,197862024,113336974,876140527,602,1993114344
US-SC-45031,SC,Darlington,2462457779,845113453,229829691,3537400923,26012,3074048851,1106729172,534230298,4715008321,1786,8252409244
US-PR-72123,PR,Salinas,821819340,281366378,75775776,1178961494,11221,1259622894,474262234,192551902,1926437030,42,3105398524
US-NC-37037,NC,Chatham,8401263816,3022205962,800113825,12223583603,31978,3054712276,1071973821,551888294,4678574391,2557,16902157994
US-GA-13077,GA,Coweta,12095564034,4460452925,1188470200,17744487159,53616,7542524273,2676717056,1324845193,11544086522,4816,29288573681
US-FL-12086,FL,Miami-Dade,157430017539,56005326419,15761329143,229196673101,855083,257243337087,68205483415,43786050026,369234870528,164689,598431543629
US-MT-30067,MT,Park,2580374173,826628071,234344232,3641346476,8450,1723714074,450974557,380646638,2555335269,1418,6196681745
US-CA-06011,CA,Colusa,1298179332,412509693,124094275,1834783300,7619,1671778852,528049193,388459850,2588287895,617,4423071195
US-AR-05043,AR,Drew,658659047,217993734,62420428,939073209,7156,778225509,303229785,162862135,1244317429,661,2183390638
US-TX-48335,TX,Mitchell,207259187,65542619,17585952,290387758,2987,160108584,51201014,34443554,245753152,193,536140910
US-ND-38043,ND,Kidder,155555071,45560096,12503114,213618281,1328,61569307,21513156,10206374,93288837,123,306907118
US-MO-29139,MO,Montgomery,671260133,214788339,59697754,945746226,5046,369882733,157322100,68146157,595350990,371,1541097216
US-IA-19163,IA,Scott,10966800164,4069763718,1092980659,16129544541,67196,16756343172,5444844961,3092953150,25294141283,7725,41423685824
US-UT-49057,UT,Weber,22778674598,8176952043,2207372176,33162998817,87096,18929872332,6495047849,3382744958,28807665139,9957,61970663956
US-KY-21077,KY,Gallatin,379524730,133925249,35619273,549069252,3100,250174498,98924470,37881832,386980800,153,936050052
US-WV-54017,WV,Doddridge,369119533,120462742,31181451,520763726,2575,78292446,25519023,12890699,116702168,104,637465894
US-NM-35015,NM,Eddy,3439870651,1166254657,321003066,4927128374,23243,3661247730,1181708741,753340146,5596296617,2282,10523424991
US-OH-39065,OH,Hardin,1195647724,435522863,117909649,1749080236,11511,1821789211,533137175,259622045,2614548431,736,4363628667
US-GA-13113,GA,Fayette,11759861326,4397828736,1152049339,17309739401,41881,9025272952,2863656457,1580673144,13469602553,6290,30779341954
US-KS-20181,KS,Sherman,271038279,87402892,25014345,383455516,2656,357156477,118367176,76444815,551968468,398,935423984
US-KY-21221,KY,Trigg,958124475,306491929,84361060,1348977464,6522,382378238,134393021,76579091,593350350,353,1942327814
US-WA-53011,WA,Clark,44979972527,16080900623,4443228599,65504101749,177423,35598302306,10866427873,6254885663,52719615842,20115,118223717591
US-IN-18089,IN,Lake,31344763967,11128387669,3030819848,45503971484,188688,34412835492,11264040688,6475839902,52152716082,17842,97656687566
US-KY-21239,KY,Woodford,2251172959,762254123,216307948,3229735030,11043,1566874384,546599914,283407053,2396881351,933,5626616381
US-CO-08073,CO,Lincoln,296952641,100289118,27373834,424615593,1991,360322070,108424915,86170518,554917503,243,979533096
US-OK-40035,OK,Craig,570576883,191475209,52681990,814734082,5432,607665801,213662147,116941511,938269459,552,1753003541
US-KY-21121,KY,Knox,927074750,316452638,86862878,1330390266,11659,1279745635,449721718,230326623,1959793976,791,3290184242
US-SC-45075,SC,Orangeburg,2641156902,860145504,240699708,3742002114,35727,4554571003,1691330004,887240744,7133141751,2582,10875143865
US-CO-08059,CO,Jefferson,70090216173,25966736133,6924074092,102981026398,214193,47697049227,12802886804,8091317411,68591253442,30378,171572279840
US-CA-06031,CA,Kings,5950482235,1951734939,592256928,8494474102,43411,7793952011,2682480291,1681679198,12158111500,3069,20652585602
US-VA-51197,VA,Wythe,1362864116,485329334,130441268,1978634718,12295,2170845686,823530067,456375953,3450751706,1142,5429386424
US-SC-45069,SC,Marlboro,588213996,201447713,56835883,846497592,10761,870707786,410023652,174434323,1455165761,508,2301663353
US-AL-01105,AL,Perry,233021836,74250722,21262602,328535160,3435,370290634,132825350,58677125,561793109,174,890328269
US-NC-37091,NC,Hertford,694630060,232212917,66255223,993098200,8948,1368852688,481227329,232021521,2082101538,732,3075199738
US-NC-37179,NC,Union,21532264584,7802912958,2089362093,31424539635,82068,10569777789,3777121079,1793917694,16140816562,8409,47565356197
US-PR-72077,PR,Juncos,1230395140,427709628,117886117,1775990885,14302,1571886206,584713118,239373267,2395972591,81,4171963476
US-IA-19167,IA,Sioux,2306801858,847696148,227912577,3382410583,12094,4293458445,1564721462,695571386,6553751293,2048,9936161876
US-PR-72111,PR,Peñuelas,530793361,180698792,51151856,762644009,7954,807622059,309323557,124105069,1241050685,5,2003694694
US-TN-47153,TN,Sequatchie,964907444,330447193,89828391,1385183028,6177,292755999,108554191,56964007,458274197,318,1843457225
US-MN-27005,MN,Becker,3010221065,967939761,255003987,4233164813,15331,2384639308,872532732,473879101,3731051141,1499,7964215954
US-MS-28141,MS,Tishomingo,1032642562,341617357,93916173,1468176092,9294,816677418,369874117,158263345,1344814880,606,2812990972
US-NC-37131,NC,Northampton,665965852,201765290,55964097,923695239,8777,897688605,329144798,121903368,1348736771,393,2272432010
US-TX-48329,TX,Midland,10974293089,4098286538,1090481406,16163061033,60892,13568882582,4044478100,2329636534,19942997216,9280,36106058249
US-TX-48223,TX,Hopkins,1783239144,615379273,170510742,2569129159,14040,1944973388,788941757,355488729,3089403874,1302,5658533033
US-IN-18171,IN,Warren,466463397,167025153,45039322,678527872,3390,244479310,118538531,47148779,410166620,220,1088694492
US-KS-20139,KS,Osage,792370398,279664444,74990202,1147025044,6481,246682167,92642791,46082621,385407579,396,1532432623
US-WI-55059,WI,Kenosha,11287798661,4080009388,1113384586,16481192635,62951,13840938843,4895066869,2396699639,21132705351,6054,37613897986
US-KS-20141,KS,Osborne,137584002,47253830,12832410,197670242,1773,150884427,58037076,25842701,234764204,196,432434446
US-MI-26143,MI,Roscommon,2046397996,519189627,136185939,2701773562,16367,805004460,298605383,169920555,1273530398,844,3975303960
US-TX-48273,TX,Kleberg,1140470924,397302801,113347298,1651121023,12000,1190905708,385169293,219564033,1795639034,970,3446760057
US-MN-27019,MN,Carver,11267441413,4275887680,1115820159,16659149252,36677,9015571727,3063209784,1521925364,13600706875,4146,30259856127
US-KS-20165,KS,Rush,112847470,39430917,10580666,162859053,1511,126412263,57059492,23439462,206911217,144,369770270
US-IA-19187,IA,Webster,1776463937,639841092,176802898,2593107927,15516,2831595833,1060415174,499753514,4391764521,1596,6984872448
US-VA-51089,VA,Henry,1856639969,651943861,172501800,2681085630,21783,2522107528,1012007975,453640040,3987755543,1266,6668841173
US-TX-48275,TX,Knox,89257427,29693610,7927240,126878277,1499,87980859,34079863,15097989,137158711,131,264036988
US-MN-27025,MN,Chisago,4972173915,1862758263,482750754,7317682932,19846,3066712928,1068729611,562867896,4698310435,2042,12015993367
US-PA-42057,PA,Fulton,931070954,319502070,86391133,1336964157,6270,1153203546,593608240,232757800,1979569586,379,3316533743
US-MN-27151,MN,Swift,478625670,174482729,46638047,699746446,4056,607464593,243349042,109700823,960514458,473,1660260904
US-AR-05013,AR,Calhoun,158060216,45219516,11927902,215207634,1853,42750226,17432693,6329805,66512724,80,281720358
US-IA-19083,IA,Hardin,718600445,253731676,69840840,1042172961,7324,733503083,285982478,138626920,1158112481,772,2200285442
US-TX-48191,TX,Hall,94887209,30065466,8123020,133075695,1441,67083124,22407646,13726390,103217160,91,236292855
US-OH-39169,OH,Wayne,6564086378,2386520566,646733472,9597340416,42690,8859747394,3405363798,1560169777,13825280969,4042,23422621385
US-MI-26073,MI,Isabella,2680819503,980526896,265903756,3927250155,23188,7328188975,2136506731,1731703198,11196398904,2509,15123649059
US-TN-47023,TN,Chester,787736195,274988037,74390989,1137115221,6453,357622365,145389008,68177973,571189346,384,1708304567
US-OK-40113,OK,Osage,2350153289,803914506,218587782,3372655577,17276,1396601593,365203834,250835447,2012640874,927,5385296451
US-CO-08067,CO,La Plata,6872412843,2145029260,600934342,9618376445,23911,5752086332,1577350614,1252705889,8582142835,3842,18200519280
US-MT-30027,MT,Fergus,789629196,259112237,73827793,1122569226,5250,711346541,235280188,145663340,1092290069,683,2214859295
US-SD-46102,SD,Oglala Lakota,148415050,48851565,14741922,212008537,3136,675514651,142112052,67910292,885536995,127,1097545532
US-GA-13285,GA,Troup,3238014942,1131431225,321738970,4691185137,26510,7312771827,2786352101,1427021987,11526145915,2895,16217331052
US-WV-54005,WV,Boone,674071901,221600160,59301776,954973837,8415,385737063,142694102,75427608,603858773,348,1558832610
US-KS-20187,KS,Stanton,51826793,18292085,4770817,74889695,857,87616126,33187476,12047873,132851475,84,207741170
US-GA-13247,GA,Rockdale,5708473465,2015914192,565725371,8290113028,33834,5606490080,2087394627,1085020896,8778905603,3787,17069018631
US-NC-37107,NC,Lenoir,1750297842,613220003,173709209,2537227054,23707,4099904489,1698624024,786253467,6584781980,1999,9122009034
US-VA-51001,VA,Accomack,2154375551,623321841,171045601,2948742993,17691,1778431987,675059300,380719629,2834210916,1096,5782953909
US-GA-13235,GA,Pulaski,355865190,112586968,31671300,500123458,3660,335481121,122761204,70667040,528909365,280,1029032823
US-ID-16017,ID,Bonner,6494295439,1985197086,537653152,9017145677,21084,3416763323,1043761332,734251986,5194776641,2632,14211922318
US-MO-29079,MO,Grundy,374044634,123799200,34644650,532488484,4239,332048929,120000262,65776469,517825660,355,1050314144
US-VA-51139,VA,Page,1470123161,481222961,132099192,2083445314,10509,1113224354,347842251,243428256,1704494861,663,3787940175
US-MO-29199,MO,Scotland,220660599,68575724,18274223,307510546,1808,137188518,53638803,24136052,214963373,206,522473919
US-IN-18009,IN,Blackford,423898038,157996823,41782357,623677218,5017,441001913,184030300,83901995,708934208,396,1332611426
US-MN-27135,MN,Roseau,794691714,284383915,73876705,1152952334,5794,1735076767,711179372,390089683,2836345822,674,3989298156
US-IA-19063,IA,Emmet,380558738,137368348,36868260,554795346,4002,430204056,172505757,80005051,682714864,432,1237510210
US-IL-17121,IL,Marion,1074952666,399221592,106945128,1581119386,15178,2360453051,945800482,447161145,3753414678,1371,5334534064
US-IL-17135,IL,Montgomery,853151248,317723193,85473691,1256348132,11300,1573404973,554329951,297838989,2425573913,1058,3681922045
US-WI-55031,WI,Douglas,2860646686,985347751,265314149,4111308586,19018,2959077809,1032170973,545202530,4536451312,1709,8647759898
US-MO-29033,MO,Carroll,355581010,116229639,32402878,504213527,3848,232447923,84578282,42283456,359309661,297,863523188
US-PA-42035,PA,Clinton,2075179957,689049669,190336015,2954565641,15940,2236134333,904213049,429073790,3569421172,1280,6523986813
US-TX-48025,TX,Bee,694474858,235840005,65058787,995373650,9189,816837867,280976665,165273534,1263088066,701,2258461716
US-OR-41059,OR,Umatilla,4023198996,1351295542,381039012,5755533550,27377,6967378777,2179868099,1403931603,10551178479,2532,16306712029
US-MI-26049,MI,Genesee,21089562549,7734076772,2078411027,30902050348,159437,24075362071,8323741900,4379877357,36778981328,13201,67681031676
US-MI-26153,MI,Schoolcraft,498895020,152838987,39911233,691645240,4550,330203778,119499185,70532189,520235152,332,1211880392
US-TX-48415,TX,Scurry,543881367,192737392,52426860,789045619,6261,759538237,253680430,145096338,1158315005,605,1947360624
US-CA-06049,CA,Modoc,426023030,126317806,34382459,586723295,3648,305484020,90566448,61238054,457288522,252,1044011817
US-MO-29209,MO,Stone,2864242239,845877036,223926800,3934046075,15420,1829277067,410660373,338438514,2578375954,1120,6512422029
US-TX-48389,TX,Reeves,389585973,135688924,36069428,561344325,4409,1297761185,383002584,315284967,1996048736,561,2557393061
US-TN-47025,TN,Claiborne,1450654484,496691065,136814333,2084159882,13583,2101601060,715940767,316547944,3134089771,734,5218249653
US-WA-53023,WA,Garfield,136804519,46442472,12602615,195849606,1043,49573406,19160655,8170037,76904098,56,272753704
US-AK-02180,AK,Nome,516646225,145294860,42319342,704260427,3358,604228806,208824426,130683269,943736501,282,1647996928
US-GA-13083,GA,Dade,776661954,267469434,71548837,1115680225,6405,493957070,179839699,94116150,767912919,381,1883593144
US-WV-54097,WV,Upshur,1234362530,425981440,113374238,1773718208,9470,1051305160,374855876,186787688,1612948724,783,3386666932
US-AK-02068,AK,Denali,188019564,38365983,10645549,237031096,900,329682098,77546360,88039198,495267656,161,732298752
US-SD-46115,SD,Spink,275707315,92876828,25538415,394122558,2608,229448485,85568189,38990592,354007266,310,748129824
US-TX-48173,TX,Glasscock,75248116,25228065,7378259,107854440,473,28548035,12582735,3722254,44853024,43,152707464
US-NM-35049,NM,Santa Fe,18239107263,6077495755,1693801721,26010404739,67566,13203785367,3387795444,2659969070,19251549881,7987,45261954620
US-FL-12103,FL,Pinellas,68891846626,23748200906,6425406759,99065454291,410087,87772854913,25197625148,16165129851,129135609912,54924,228201064203
US-IN-18123,IN,Perry,879112171,320154955,85977714,1285244840,7496,893392769,384036193,184271717,1461700679,564,2746945519
US-NC-37161,NC,Rutherford,3575589880,1175240585,322542233,5073372698,28390,2937514175,1050699027,527816181,4516029383,1991,9589402081
US-MI-26033,MI,Chippewa,1917446185,583584586,158800018,2659830789,15861,3131867330,872665129,797573199,4802105658,1226,7461936447
US-SD-46125,SD,Turner,616688170,218383781,59061906,894133857,3518,213216463,79561100,36792011,329569574,378,1223703431
US-MT-30025,MT,Fallon,220919807,63991616,18913183,303824606,1253,156062331,50613512,33030477,239706320,183,543530926
US-SC-45079,SC,Richland,22983378963,8181104007,2266690395,33431173365,160443,30274015537,9011308323,5364948242,44650272102,16798,78081445467
US-AK-02105,AK,Hoonah-Angoon,280231450,67967947,19131555,367330952,1300,151853630,41741246,31686113,225280989,138,592611941
US-NM-35027,NM,Lincoln,1887198531,440058875,118975838,2446233244,12334,1306036783,347215360,255043326,1908295469,1077,4354528713
US-UT-49049,UT,Utah,55057982975,19557211470,5407414502,80022608947,182272,67025209829,18433047997,10312428130,95770685956,27575,175793294903
US-ND-38069,ND,Pierce,241732505,85920813,23132783,350786101,1859,247969420,77117653,44278146,369365219,237,720151320
US-MT-30085,MT,Roosevelt,348889773,106215143,30292014,485396930,3451,320286625,100745005,58906511,479938141,318,965335071
US-AL-01131,AL,Wilcox,299610123,88706796,24245691,412562610,4243,275296640,129616298,55151339,460064277,246,872626887
US-GA-13289,GA,Twiggs,253520490,77530022,20076460,351126972,3065,298717051,126576547,38519261,463812859,106,814939831
US-IA-19017,IA,Bremer,1632912953,599702455,158893162,2391508570,9372,1571057562,534591578,270566755,2376215895,905,4767724465
US-RI-44003,RI,Kent,13572992016,5052852301,1348764221,19974608538,66225,15713341942,5159903605,2832896267,23706141814,7814,43680750352
US-TX-48197,TX,Hardeman,94115931,29764154,8299036,132179121,1561,102408683,36069667,18626952,157105302,135,289284423
US-TX-48493,TX,Wilson,3143518921,1127445349,297391374,4568355644,16972,1149230526,390073501,219984041,1759288068,1247,6327643712
US-TX-48023,TX,Baylor,135605943,42419946,12048398,190074287,1924,115131047,42177141,23783352,181091540,156,371165827
US-LA-22089,LA,St. Charles,3822307235,1361501856,362826077,5546635168,18878,3412563688,1369943202,589813748,5372320638,1558,10918955806
US-TX-48387,TX,Red River,514104575,168501046,47269998,729875619,5488,210893252,93362650,41341083,345596985,287,1075472604
US-GA-13201,GA,Miller,221892231,76122720,21389688,319404639,2663,217450122,82423520,43361733,343235375,193,662640014
US-MO-29113,MO,Lincoln,3636392954,1308757500,354513069,5299663523,21473,1651047503,629846883,295678800,2576573186,1518,7876236709
US-NC-37075,NC,Graham,433830558,120813908,32150395,586794861,3945,221340293,67315334,49815084,338470711,232,925265572
US-CA-06043,CA,Mariposa,1349761942,412326127,114626910,1876714979,7866,1357888270,332981585,347194459,2038064314,528,3914779293
US-SD-46041,SD,Dewey,110875043,38452716,11232492,160560251,1788,100408216,34736341,16590959,151735516,138,312295767
US-MN-27159,MN,Wadena,754677222,269915824,71611836,1096204882,5783,766835230,268787609,134490170,1170113009,629,2266317891
US-OH-39171,OH,Williams,1716648845,620573649,170198784,2507421278,15465,3098927763,1418496276,604743632,5122167671,1240,7629588949
US-KY-21235,KY,Whitley,1235327964,421742730,119051881,1776122575,13849,2025047645,635062584,338010473,2998120702,1045,4774243277
US-IA-19081,IA,Hancock,527664593,195845046,51403171,774912810,4507,721536321,288692938,134544628,1144773887,507,1919686697
US-NY-36055,NY,Monroe,27632900969,10647143421,2903411287,41183455677,298649,104155986667,31378130635,16711709179,152245826481,30338,193429282158
US-KS-20025,KS,Clark,66484418,22163588,6077238,94725244,925,54826417,17283872,10606178,82716467,88,177441711
US-WI-55107,WI,Rusk,897315338,283697311,76423119,1257435768,7041,847024996,343414239,169676386,1360115621,494,2617551389
US-KS-20039,KS,Decatur,108090181,38475085,10322974,156888240,1464,91773882,31043704,18516004,141333590,141,298221830
US-IL-17117,IL,Macoupin,1658009401,571467003,154832795,2384309199,18415,1765548598,561852757,276201340,2603602695,1245,4987911894
US-MS-28041,MS,Greene,316359184,98258103,26600784,441218071,4089,164332697,51883324,27710289,243926310,188,685144381
US-NY-36061,NY,New York,20239052497,16804719358,4172519587,41216291442,464395,803158821346,172494949916,125750261946,1101404033208,172235,1142620324650
US-KS-20065,KS,Graham,104270410,36844667,9821215,150936292,1255,71285954,23749187,12653435,107688576,125,258624868
US-GA-13073,GA,Columbia,11076335125,3831121095,1030885018,15938341238,54247,6544620653,2179987231,1181120761,9905728645,4572,25844069883
US-IL-17063,IL,Grundy,3214227931,1187993725,320480511,4722702167,19540,3835924200,1436042289,691031577,5962998066,1937,10685700233
US-PR-72139,PR,Trujillo Alto,2751570658,1016457551,272585510,4040613719,25387,3150437075,1098361514,467306972,4716105561,387,8756719280
US-FL-12123,FL,Taylor,595797272,176871032,48297460,820965764,8781,937747291,386473023,190610683,1514830997,643,2335796761
US-MO-29087,MO,Holt,208402245,64513035,17614957,290530237,2000,130223415,54626359,23754685,208604459,202,499134696
US-KY-21009,KY,Barren,2294656975,762245322,220730166,3277632463,18795,2040125678,788051064,415994695,3244171437,1359,6521803900
US-NE-31117,NE,McPherson,24428669,7682058,2160632,34271359,229,2030596,1096070,438307,3564973,8,37836332
US-MI-26057,MI,Gratiot,1583114337,583055434,154381795,2320551566,14085,2264201333,828651151,381447618,3474300102,1173,5794851668
US-TX-48431,TX,Sterling,45335859,14729609,3975752,64041220,435,26272236,8689452,4846002,39807690,56,103848910
US-MI-26021,MI,Berrien,10421531824,3537440898,960096187,14919068909,65026,11822962166,3958434391,2166999691,17948396248,5843,32867465157
US-ND-38045,ND,LaMoure,202735925,72278370,18805510,293819805,1745,167874412,59306902,27020100,254201414,246,548021219
US-ND-38087,ND,Slope,42937291,13799652,3651433,60388376,374,2629593,994442,363486,3987521,13,64375897
US-HI-15009,HI,Maui,18953028377,5573514604,1631122119,26157665100,60349,35157419591,8761860021,8542727321,52462006933,8148,78619672033
US-IA-19191,IA,Winneshiek,1568377312,552574971,150586979,2271539262,8191,2194402653,662286965,320138732,3176828350,952,5448367612
US-LA-22053,LA,Jefferson Davis,1380782070,463271185,126269357,1970322612,12289,935000582,345646989,180280720,1460928291,994,3431250903
US-TX-48339,TX,Montgomery,42709888843,15779537199,4177019656,62666445698,217990,35163727173,10450124046,6241775682,51855626901,23717,114522072599
US-OH-39053,OH,Gallia,1148543444,389919915,105890322,1644353681,11445,1565841599,527314623,289089346,2382245568,890,4026599249
US-TX-48293,TX,Limestone,952673716,311141639,85675000,1349490355,8933,730359079,267859240,146941318,1145159637,634,2494649992
US-PA-42043,PA,Dauphin,16900993072,6122782607,1700221154,24723996833,112567,37346307008,11056564157,6627936377,55030807542,12277,79754804375
US-NY-36111,NY,Ulster,10160586243,3450029357,954581274,14565196874,74497,14681200893,4467325742,3071282937,22219809572,8089,36785006446
US-TN-47131,TN,Obion,1247026918,423417956,120693355,1791138229,13200,1638773658,665828455,319923722,2624525835,1003,4415664064
US-NY-36113,NY,Warren,3735631209,1226925631,332271499,5294828339,32171,9284213223,2947019954,1987831217,14219064394,3612,19513892733
US-MS-28057,MS,Itawamba,976238075,345388283,92347208,1413973566,9435,787124272,377771250,155816286,1320711808,611,2734685374
US-TX-48305,TX,Lynn,231817898,77886265,21458297,331162460,2317,111932485,36986487,17981109,166900081,124,498062541
US-SD-46049,SD,Faulk,104736980,35093201,9308742,149138923,895,68716771,23750901,14792547,107260219,93,256399142
US-OR-41063,OR,Wallowa,813213162,257260028,70115613,1140588803,3576,446238804,141382512,90758397,678379713,531,1818968516
US-TX-48315,TX,Marion,373475461,118073887,32131728,523681076,4646,324722794,125543401,70391974,520658169,258,1044339245
US-CO-08051,CO,Gunnison,2778546650,772578473,214729738,3765854861,8926,2479591148,602879023,573767578,3656237749,1790,7422092610
US-NV-32027,NV,Pershing,153430478,49276746,13226536,215933760,1773,275354603,112090183,64485179,451929965,118,667863725
US-MA-25003,MA,Berkshire,10077013352,3314472034,916428091,14307913477,58219,16754952251,4757855773,3151092316,24663900340,6182,38971813817
US-MI-26129,MI,Ogemaw,1345128179,389099348,102100672,1836328199,11382,973201865,369785051,186397301,1529384217,861,3365712416
US-NE-31041,NE,Custer,619396917,207412166,57849552,884658635,4735,515725870,204689723,109086861,829502454,560,1714161089
US-KY-21043,KY,Carter,1046435835,355552567,96191142,1498179544,10472,749706726,296408148,152230115,1198344989,638,2696524533
US-IA-19193,IA,Woodbury,5179014962,1910208405,520917590,7610140957,38342,9493543249,3284392566,1826495945,14604431760,4324,22214572717
US-MD-24033,MD,Prince George's,62959021614,24268092008,6403691630,93630805252,292374,69668752377,18373110018,12395792216,100437654611,31110,194068459863
US-MS-28155,MS,Webster,409014327,136070760,36947055,582032142,4388,228464170,92041405,43654383,364159958,255,946192100
US-GA-13183,GA,Long,675146078,232062057,64249537,971457672,5898,142643644,34480737,20457143,197581524,211,1169039196
US-PA-42105,PA,Potter,1045961230,276554790,74003483,1396519503,9006,816962321,303710778,155898385,1276571484,561,2673090987
US-TX-48207,TX,Haskell,191119169,59234595,16381982,266735746,2615,160733345,57711573,32958606,251403524,200,518139270
US-IA-19175,IA,Union,503955539,180700797,49206271,733862607,5070,745185122,304361692,142015786,1191562600,471,1925425207
US-MO-29003,MO,Andrew,1079064322,382357557,104592376,1566014255,6938,347507163,99869411,55051946,502428520,425,2068442775
US-TX-48487,TX,Wilbarger,381489800,130119688,37106220,548715708,5334,775980321,303905349,166426318,1246311988,446,1795027696
US-WV-54001,WV,Barbour,654542506,221606193,59491184,935639883,6054,276252831,101059615,57189759,434502205,328,1370142088
US-KS-20055,KS,Finney,1740220371,590320932,170306815,2500848118,13011,2623686961,1029550783,520128723,4173366467,1669,6674214585
US-AR-05125,AR,Saline,7510319091,2755570752,736584691,11002474534,46500,3833865503,1228796937,676163967,5738826407,3721,16741300941
US-GA-13135,GA,Gwinnett,67046148882,24579737728,6690281407,98316168017,302831,66650515777,21017213955,11250010915,98917740647,44840,197233908664
US-MT-30009,MT,Carbon,1511092831,447432237,124587925,2083112993,5341,680921152,160910197,129055383,970886732,626,3053999725
US-MT-30049,MT,Lewis and Clark,7883700546,2633171890,740556075,11257428511,30308,5826995720,1616410452,1011070502,8454476674,3966,19711905185
US-VA-51159,VA,Richmond,461196336,142201499,39794538,643192373,3391,316676691,115785422,55411589,487873702,275,1131066075
US-MO-29186,MO,Ste. Genevieve,1240925610,434634390,114941131,1790501131,7167,858615600,336629587,156875031,1352120218,642,3142621349
US-MO-29169,MO,Pulaski,2355918067,726884278,218642665,3301445010,17966,1719334074,519162913,391092905,2629589892,1086,5931034902
US-CO-08093,CO,Park,3349794132,946127984,247446803,4543368919,10741,467165703,122732392,94541141,684439236,775,5227808155
US-TN-47129,TN,Morgan,809100241,275653054,73079359,1157832654,7134,193852260,69812223,36186770,299851253,256,1457683907
US-KY-21045,KY,Casey,679765419,234192827,62320655,976278901,6341,524514427,240684142,102753776,867952345,348,1844231246
US-MI-26041,MI,Delta,1970102556,678114593,179822150,2828039299,16364,2481479575,894637112,489140884,3865257571,1542,6693296870
US-IN-18077,IN,Jefferson,1753953811,602264040,167028453,2523246304,12887,2472681550,925545326,450576113,3848802989,1091,6372049293
US-OH-39107,OH,Mercer,2626919407,935252275,251934622,3814106304,16225,3106261723,1292279503,557028952,4955570178,1640,8769676482
US-WY-56045,WY,Weston,552215357,186887253,48606596,787709206,2817,272818000,94446129,58355696,425619825,286,1213329031
US-LA-22065,LA,Madison,253301754,76861954,22343049,352506757,3673,397574269,144846614,76565643,618986526,286,971493283
US-MN-27085,MN,McLeod,2430269417,916918658,240315613,3587503688,13750,3193215632,1275309815,588000620,5056526067,1547,8644029755
US-NC-37181,NC,Vance,1575848057,501728739,147858403,2225435199,17430,2366493493,856321061,412742192,3635556746,1409,5860991945
US-WA-53051,WA,Pend Oreille,1132450678,346487633,93243294,1572181605,6352,328558130,105784504,62634408,496977042,360,2069158647
US-CO-08087,CO,Morgan,1867374122,643930456,182972258,2694276836,10895,1815186652,752338124,366612653,2934137429,1106,5628414265
US-MN-27045,MN,Fillmore,1387072176,507178849,132857572,2027108597,8403,974419155,343653189,176453117,1494525461,913,3521634058
US-VA-51165,VA,Rockingham,5824229095,2012092521,550369302,8386690918,32943,7035722060,2541552151,1383111068,10960385279,2430,19347076197
US-ND-38017,ND,Cass,12206590659,4754036476,1261100049,18221727184,65831,23239150246,6861303478,4146399403,34246853127,10240,52468580311
US-OK-40151,OK,Woods,422163328,132075122,38094535,592332985,3903,349232881,117824020,67047945,534104846,381,1126437831
US-OR-41049,OR,Morrow,508472885,170761251,47750803,726984939,4071,856315292,353570135,183684942,1393570369,326,2120555308
US-MO-29225,MO,Webster,2324237671,805113751,220054536,3349405958,13828,1227569986,532118692,237848311,1997536989,1114,5346942947
US-KY-21119,KY,Knott,349271677,119425740,32665137,501362554,5698,286932598,77691045,40595076,405218719,238,906581273
US-MS-28077,MS,Lawrence,427805634,135063885,36339114,599208633,4760,274058612,125821987,53232125,453112724,265,1052321357
US-NY-36059,NY,Nassau,108867109999,40653038830,10711174990,160231323819,425943,147161618369,43880225988,24770086157,215811930514,76956,376043254333
US-OH-39037,OH,Darke,2763459980,982696461,274304701,4020461142,21509,3032505733,1223092472,545826493,4801424698,1756,8821885840
US-FL-12067,FL,Lafayette,224626675,70286159,19063504,313976338,2693,120383774,45369909,19755669,185509352,164,499485690
US-NM-35006,NM,Cibola,857642703,266230372,74525383,1198398458,9242,1551991519,413164622,364604856,2329760997,464,3528159455
US-AL-01083,AL,Limestone,7762203465,2783531150,746825822,11292560437,39463,4171297905,1682968229,760566196,6614832330,2567,17907392767
US-PA-42001,PA,Adams,7458393788,2665072832,721734080,10845200700,39585,8048273598,2642937922,1626507215,12317718735,3044,23162919435
US-NE-31055,NE,Douglas,36462596953,13712613447,3702519584,53877729984,208402,60697300223,17744089853,10514019949,88955410025,28711,142833140009
US-VA-51775,VA,Salem city,1440358394,519353665,143161867,2102873926,9858,3976377201,1373661494,696923436,6046962131,1669,8149836057
US-KY-21015,KY,Boone,8674424300,3317597536,870033298,12862055134,45229,17216113650,6127722507,2868960427,26212796584,5579,39074851718
US-MO-29103,MO,Knox,132526162,39153135,10333606,182012903,1484,87793579,35969503,15500084,139263166,145,321276069
US-IA-19145,IA,Page,645321983,227554616,63277913,936154512,6380,1001735257,436617500,205333302,1643686059,599,2579840571
US-OR-41007,OR,Clatsop,4689209155,1360479043,403567159,6453255357,19657,4510972990,1352045544,1039854833,6902873367,2498,13356128724
US-PR-72121,PR,Sabana Grande,703363266,221859891,60138932,985362089,8921,1043766808,394448428,159746613,1597961849,23,2583323938
US-GA-13129,GA,Gordon,2982809101,1058528945,287749438,4329087484,20866,3973522465,1538795104,701451308,6213768877,1741,10542856361
US-IL-17067,IL,Hancock,643487719,229988557,61024419,934500695,7804,531868718,199294298,92975277,824138293,593,1758638988
US-IA-19041,IA,Clay,975054381,356124008,95296748,1426475137,6986,1364560540,469092121,241613019,2075265680,938,3501740817
US-MO-29217,MO,Vernon,892483932,304995933,85137438,1282617303,8199,869121824,362773761,172558986,1404454571,731,2687071874
US-FL-12039,FL,Gadsden,1613605538,551641329,151660702,2316907569,16900,1418729869,510887294,264282387,2193899550,1117,4510807119
US-AR-05025,AR,Cleveland,300651597,94189506,26007022,420848125,2999,60792881,21126148,10538772,92457801,113,513305926
US-IN-18175,IN,Washington,1396809282,504500139,133176659,2034486080,10658,772996844,335896858,157523529,1266417231,682,3300903311
US-KS-20133,KS,Neosho,573359579,207321733,55852237,836533549,6398,757879021,293549338,145819556,1197247915,664,2033781464
US-MO-29111,MO,Lewis,362997754,114927652,31549704,509475110,3634,297312523,98928420,48467215,444708158,278,954183268
US-OH-39007,OH,Ashtabula,4688053603,1626886338,441346639,6756286580,40273,4822766115,1867254655,957997277,7648018047,3003,14404304627
US-MT-30065,MT,Musselshell,405852784,129224706,35129258,570206748,2252,126528768,40609122,25579052,192716942,168,762923690
US-MT-30089,MT,Sanders,1443157298,464932043,125629079,2033718420,5729,761766954,218838072,178122955,1158727981,572,3192446401
US-GA-13147,GA,Hart,1518273295,494223057,134519303,2147015655,11175,1124403237,468172585,220209356,1812785178,734,3959800833
US-TN-47037,TN,Davidson,64143471549,22426256839,6299769268,92869497656,280162,114425981947,29946257382,19299653440,163671892769,38610,256541390425
US-AL-01009,AL,Blount,2865417343,1007691433,268802090,4141910866,22087,1120095277,417021267,197987674,1735104218,1147,5877015084
US-UT-49005,UT,Cache,10284370405,3507603135,1003288372,14795261912,41919,11275976871,4373717785,2165505520,17815200176,6371,32610462088
US-VT-50021,VT,Rutland,4541074056,1426962266,392257818,6360294140,27654,4858440681,1605802132,949313816,7413556629,3076,13773850769
US-TN-47091,TN,Johnson,968220143,325814311,87022894,1381057348,7316,518538976,226272448,94468886,839280310,411,2220337658
US-TN-47157,TN,Shelby,54389969821,18262660841,5329206394,77981837056,355153,86978531943,27262357144,14386950847,128627839934,35778,206609676990
US-KY-21225,KY,Union,472498337,166854231,45795400,685147968,5300,456108731,187529144,83863476,727501351,399,1412649319
US-TX-48253,TX,Jones,466097568,165102102,44347761,675547431,6256,273833826,97913343,46451941,418199110,374,1093746541
US-MN-27011,MN,Big Stone,270818302,89857891,23629608,384305801,2381,251750979,81693361,48390672,381835012,275,766140813
US-OH-39051,OH,Fulton,2313255197,855836922,228760949,3397853068,16341,3066643218,1413201665,604540328,5084385211,1444,8482238279
US-MS-28037,MS,Franklin,292201371,88024018,23798812,404024201,3471,126768009,45879146,21917756,194564911,174,598589112
US-CO-08109,CO,Saguache,436862091,150058407,40494302,627414800,3359,212709126,69146387,28847793,310703306,193,938118106
US-KY-21089,KY,Greenup,1622322238,588762690,156252269,2367337197,14287,850592435,310764470,155020915,1316377820,771,3683715017
US-PR-72045,PR,Comerío,494249308,157394999,45555227,697199534,6697,726389256,273564135,111093692,1111047083,15,1808246617
US-MI-26159,MI,Van Buren,4532186558,1546693968,407960167,6486840693,30622,3225369803,1200419698,640854049,5066643550,2175,11553484243
US-TX-48437,TX,Swisher,189411147,64041977,18225225,271678349,2813,126584246,44908757,21919018,193412021,175,465090370
US-WA-53007,WA,Chelan,7367140329,2277433984,651525669,10296099982,32079,8473775242,2534139419,1748969218,12756883879,4268,23052983861
US-OH-39033,OH,Crawford,1791616651,651876494,179416964,2622910109,18238,2094719801,821148196,410145751,3326013748,1275,5948923857
US-DE-10003,DE,New Castle,43723046971,16089356673,4348243990,64160647634,203704,59681991053,17730909875,10297489363,87710390291,29948,151871037925
US-VA-51133,VA,Northumberland,1513356713,439535415,114172149,2067064277,6878,402893116,132184564,70752623,605830303,438,2672894580
US-MO-29179,MO,Reynolds,274415689,81406987,21921521,377744197,2718,200074770,93688717,43262512,337025999,203,714770196
US-KY-21135,KY,Lewis,368780802,127326111,33737047,529843960,4966,180945500,78364215,35915388,295225103,212,825069063
US-IL-17047,IL,Edwards,192295390,68583391,18487143,279365924,2695,380662129,187698573,72219962,640580664,206,919946588
US-TX-48265,TX,Kerr,3758010144,1281998628,351562432,5391571204,21942,3516181615,1038515681,682345915,5237043211,2507,10628614415
US-OK-40111,OK,Okmulgee,1342513194,453970731,127482798,1923966723,14824,1092730786,392455245,207297866,1692483897,993,3616450620
US-MN-27107,MN,Norman,312363409,111130031,29130419,452623859,2710,197166656,68353525,35712873,301233054,280,753856913
US-OH-39081,OH,Jefferson,2624955557,949367800,257203211,3831526568,27315,4189219021,1284180124,636417076,6109816221,1926,9941342789
US-NJ-34031,NJ,Passaic,33125251828,10654094490,3257610472,47036956790,170975,37747998970,12491591460,6311527262,56551117692,21069,103588074482
US-VA-51590,VA,Danville city,1288173217,483085807,136668706,1907927730,19219,4717949435,1733794720,910453058,7362197213,2174,9270124943
US-MS-28063,MS,Jefferson,188564031,57452880,15395795,261412706,2669,45457152,16395802,9875216,71728170,77,333140876
US-KY-21123,KY,Larue,831321980,290049439,79933877,1201305296,5998,329853002,127180204,62430454,519463660,335,1720768956
US-NY-36053,NY,Madison,2389974698,859615834,226397305,3475987837,25652,5918954616,1841297014,956135796,8716387426,2177,12192375263
US-WY-56023,WY,Lincoln,2275184036,743745573,199521087,3218450696,8200,971392175,325058744,199421006,1495871925,1322,4714322621
US-TX-48281,TX,Lampasas,1380437489,465084827,125182853,1970705169,8533,556315429,202679739,106265436,865260604,636,2835965773
US-IN-18159,IN,Tipton,889304363,324489645,86322896,1300116904,6179,742200807,347955464,147929148,1238085419,488,2538202323
US-GA-13257,GA,Stephens,1258608253,417418396,115552004,1791578653,10935,1514256375,572133828,259610107,2346000310,834,4137578963
US-WI-55081,WI,Monroe,2710057501,955817763,263269554,3929144818,17895,3207092133,1296548173,621881359,5125521665,1572,9054666483
US-WI-55078,WI,Menominee,142854036,40372074,11259266,194485376,1704,27628149,5488243,2673507,35789899,31,230275275
US-WA-53063,WA,Spokane,38632735056,14052802683,3847403506,56532941245,195420,51021959444,15475760633,8964714840,75462434917,23778,131995376162
US-FL-12089,FL,Nassau,7860122085,2751538712,726694431,11338355228,37899,5945961829,1659154646,1342011711,8947128186,3460,20285483414
US-TN-47141,TN,Putnam,5284458865,1801838268,515552155,7601849288,32082,6080261424,2200422945,1146431300,9427115669,3431,17028964957
US-TN-47145,TN,Roane,3623996543,1262029675,340743724,5226769942,22361,1547697336,543238652,285690198,2376626186,1233,7603396128
US-ID-16011,ID,Bingham,3149541321,1116683347,301423936,4567648604,15576,2128499565,808873036,379458996,3316831597,1482,7884480201
US-KS-20135,KS,Ness,101000548,34965956,9333077,145299581,1265,120477645,43049018,19361746,182888409,172,328187990
US-WA-53021,WA,Franklin,5370136630,1928126485,529835589,7828098704,27472,5184606845,1922999319,924247329,8031853493,2946,15859952197
US-IN-18063,IN,Hendricks,13679181644,5145543732,1357986912,20182712288,61066,12567924562,4579762920,2172255417,19319942899,6337,39502655187
US-TX-48039,TX,Brazoria,22836962255,8327742330,2198355571,33363060156,125533,16573917480,5672933395,3035742031,25282592906,11017,58645653062
US-MT-30043,MT,Jefferson,1555639332,545146709,146009588,2246795629,4808,290993026,106606038,58111704,455710768,447,2702506397
US-TX-48261,TX,Kenedy,4890813,526114,188334,5605261,46,56485442,13166675,7744618,77396735,17,83001996
US-WI-55113,WI,Sawyer,2068392246,523161434,142498313,2734051993,11604,1525214398,463429612,328569959,2317213969,969,5051265962
US-MS-28127,MS,Simpson,930952949,313570408,84250908,1328774265,9892,820289729,286188977,160884377,1267363083,690,2596137348
US-GA-13047,GA,Catoosa,3967560901,1416397896,385282179,5769240976,26244,2408823751,915599351,462722570,3787145672,1702,9556386648
US-AL-01061,AL,Geneva,1062220927,360213779,97358385,1519793091,11033,607397036,258400206,115240911,981038153,655,2500831244
US-TX-48187,TX,Guadalupe,11574102107,4161713765,1118596671,16854412543,61561,7007269279,2592390801,1264421349,10864081429,4072,27718493972
US-NC-37085,NC,Harnett,7308888618,2484500103,695391978,10488780699,50652,4626994964,1470391721,733391052,6830777737,2913,17319558436
US-MS-28075,MS,Lauderdale,2745785622,953026864,265986035,3964798521,28970,4439891307,1498663408,853930264,6792484979,3034,10757283500
US-TN-47121,TN,Meigs,662433582,220236976,59808602,942479160,5210,347156702,181686547,74117980,602961229,157,1545440389
US-NY-36031,NY,Essex,1961006876,585205203,156298044,2702510123,19178,4093647015,1137174028,936002035,6166823078,1862,8869333201
US-NY-36079,NY,Putnam,6781439549,2454048974,651702164,9887190687,34361,5751305088,1811860430,1001766789,8564932307,4300,18452122994
US-AR-05143,AR,Washington,15840804823,5449266322,1564301599,22854372744,89909,16792542174,5538964049,3038738631,25370244854,10795,48224617598
US-MO-29223,MO,Wayne,478307909,149261922,40973952,668543783,5122,336039590,111385054,75099590,522524234,322,1191068017
US-UT-49051,UT,Wasatch,5860390665,1872839227,508146049,8241375941,12981,2522267212,661005706,507825122,3691098040,1979,11932473981
US-TX-48357,TX,Ochiltree,358222139,126352320,34702634,519277093,3829,411104109,121687253,74557957,607349319,517,1126626412
US-AR-05129,AR,Searcy,328728452,95814351,25927184,450469987,3653,140224694,59637177,29260035,229121906,199,679591893
US-IL-17179,IL,Tazewell,6002681557,2254789401,596592462,8854063420,51853,10130285930,3613559166,1922446260,15666291356,4571,24520354776
US-ME-23029,ME,Washington,1988408126,576654007,155956835,2721018968,16661,1364125111,508162106,250925749,2123212966,1269,4844231934
US-WA-53033,WA,King,260907847207,94049524548,25799355954,380756727709,783875,352638158117,90915423713,59361230384,502914812214,122611,883671539923
US-NJ-34037,NJ,Sussex,11641428140,4296249688,1122054221,17059732049,55174,10121348506,2995854715,2052788192,15169991413,5023,32229723462
US-MS-28111,MS,Perry,466457772,158955398,42282152,667695322,4596,264659112,120629053,50044607,435332772,223,1103028094
US-AR-05149,AR,Yell,832295497,288788503,80085186,1201169186,8194,702072014,311769979,140228448,1154070441,502,2355239627
US-LA-22017,LA,Caddo,12282034479,4053998925,1162962142,17498995546,98859,17981420698,5607816756,3428084125,27017321579,10090,44516317125
US-KS-20105,KS,Lincoln,116581342,38914925,10337378,165833645,1360,73081910,23514587,12055460,108651957,121,274485602
US-TX-48177,TX,Gonzales,810727775,268303378,75488689,1154519842,7931,820775672,329591906,166660958,1317028536,648,2471548378
US-TX-48213,TX,Henderson,4133639972,1341282267,361089498,5836011737,33957,2610667340,908027659,480130475,3998825474,2320,9834837211
US-CA-06063,CA,Plumas,1746647875,422892407,117159585,2286699867,10558,1092064533,337872539,231063135,1661000207,910,3947700074
US-VA-51630,VA,Fredericksburg city,1917500944,685076497,195579843,2798157284,9684,4592287346,1320335845,863697351,6776320542,2635,9574477826
US-MI-26149,MI,St. Joseph,3056988283,1090768905,291440901,4439198089,23214,3881286703,1718153508,764052971,6363493182,1962,10802691271
US-IL-17191,IL,Wayne,512191892,187372142,49710277,749274311,6651,624358887,231380499,117742270,973481656,543,1722755967
US-LA-22049,LA,Jackson,536201866,169303556,47978561,753483983,6341,411700770,165733220,78593965,656027955,350,1409511938
US-KY-21157,KY,Marshall,1941110733,659553743,173467930,2774132406,13535,1675920259,622358119,329788710,2628067088,1122,5402199494
US-GA-13199,GA,Meriwether,893581856,299426310,83250909,1276259075,8589,467686814,173411200,91048773,732146787,511,2008405862
US-GA-13103,GA,Effingham,3845935175,1405219893,373179038,5624334106,22885,1759850100,654942490,303490908,2718283498,1444,8342617604
US-MO-29027,MO,Callaway,2492195297,853198449,233007572,3578401318,16530,2203926355,762139220,369643450,3335709025,1210,6914110343
US-MN-27163,MN,Washington,27404221172,10409312145,2711433748,40524967065,94053,20147783572,6520706847,3503680228,30172170647,10111,70697137712
US-OH-39031,OH,Coshocton,1567981102,556791102,153652003,2278424207,14807,1597529841,637510885,299438566,2534479292,968,4812903499
US-WA-53005,WA,Benton,14045297999,5080661246,1378725800,20504685045,69870,16314990732,4990808668,3077677410,24383476810,8136,44888161855
US-ME-23025,ME,Somerset,2936849599,940511678,252785078,4130146355,24453,2578184902,1019100501,510560688,4107846091,1833,8237992446
US-KY-21191,KY,Pendleton,658210909,220545769,60627677,939384355,5473,289946133,118207644,54753377,462907154,261,1402291509
US-FL-12005,FL,Bay,13118024135,4003248177,1104331702,18225604014,83187,12033952929,3716489064,2410913372,18161355365,8389,36386959379
US-AL-01097,AL,Mobile,21262337118,7465016567,2051708040,30779061725,160323,25633484326,8343811270,4506207553,38483503149,15509,69262564874
US-WA-53065,WA,Stevens,3373371285,1131509879,303769839,4808651003,18928,1883972857,662576840,356629217,2903178914,1370,7711829917
US-MS-28043,MS,Grenada,876554459,291403331,82496935,1250454725,9180,1298793327,544150385,270688127,2113631839,900,3364086564
US-UT-49033,UT,Rich,419034280,61639824,16621669,497295773,1971,165898533,45152302,39473344,250524179,190,747819952
US-VA-51830,VA,Williamsburg city,902749687,297546065,86383858,1286679610,4774,3316592068,743562028,659493772,4719647868,1003,6006327478
US-FL-12127,FL,Volusia,39124767214,13535200800,3675994151,56335962165,237233,35695621659,10253985219,6108089493,52057696371,23615,108393658536
US-OH-39061,OH,Hamilton,47999770500,17335266012,4842874331,70177910843,326532,102772402825,30808310726,17794955419,151375668970,37665,221553579813
US-TN-47155,TN,Sevier,8102153053,2365265541,645489522,11112908116,44015,16032148813,4036032544,3569751588,23637932945,5101,34750841061
US-IL-17039,IL,De Witt,599396712,222800525,59669373,881866610,6650,730142805,254988770,134695117,1119826692,549,2001693302
US-FL-12043,FL,Glades,355225122,104422396,27466133,487113651,4863,206032613,62474841,43299484,311806938,199,798920589
US-IL-17141,IL,Ogle,2510590694,918642261,248052068,3677285023,20341,2912633218,1144849067,536992372,4594474657,1671,8271759680
US-AK-02164,AK,Lake and Peninsula,116959386,14469453,4409209,135838048,856,134165214,36412183,32691928,203269325,81,339107373
US-CO-08043,CO,Fremont,3030516636,1049981688,281908060,4362406384,17274,1691027148,531919873,318632065,2541579086,1471,6903985470
US-SC-45063,SC,Lexington,17526873136,6458472069,1704873185,25690218390,116845,18716340948,6775650694,3424044005,28916035647,11623,54606254037
US-NE-31167,NE,Stanton,352663175,124569494,34252894,511485563,2308,76875526,24782152,10690653,112348331,149,623833894
US-SD-46055,SD,Haakon,93083143,30606231,8075587,131764961,702,90523880,38161871,17061696,145747447,116,277512408
US-KY-21143,KY,Lyon,567275932,171759243,46094071,785129246,3823,307362642,93493700,65523521,466379863,256,1251509109
US-CA-06057,CA,Nevada,11881713755,3675212465,1021154162,16578080382,43772,10191833171,2717884526,2150767872,15060485569,4966,31638565951
US-KY-21209,KY,Scott,4129967508,1503263903,407316586,6040547997,20788,4975508853,2057163127,968144731,8000816711,1860,14041364708
US-OR-41037,OR,Lake,481559846,144909656,43082373,669551875,3748,341784019,118771770,75472018,536027807,284,1205579682
US-GA-13307,GA,Webster,60152722,18686275,4859375,83698372,876,62191165,32392708,12073548,106657421,43,190355793
US-OR-41001,OR,Baker,1153622283,380323477,105490099,1639435859,7462,1059749193,352029095,193135430,1604913718,796,3244349577
US-SD-46047,SD,Fall River,500689291,176384486,46631201,723704978,3353,349435284,100221520,70288548,519945352,349,1243650330
US-MI-26025,MI,Calhoun,6009815792,2255737011,595112069,8860664872,50349,13175753090,4364426157,2789086034,20329265281,4200,29189930153
US-WY-56037,WY,Sweetwater,3185175898,1071816700,294203457,4551196055,16566,2487155552,889121670,506000148,3882277370,1872,8433473425
US-OK-40043,OK,Dewey,173884625,52357380,14625131,240867136,1825,122081383,45404022,21289113,188774518,242,429641654
US-WI-55141,WI,Wood,4146023319,1536678838,410843410,6093545567,30332,7031944808,2579005503,1286342411,10897292722,2895,16990838289
US-PA-42039,PA,Crawford,3872804209,1292384647,352501231,5517690087,35589,5548565954,2130387196,1026038463,8704991613,3095,14222681700
US-NY-36027,NY,Dutchess,16456758891,5969135360,1639192310,24065086561,108818,30447211876,8656918948,4764025589,43868156413,12569,67933242974
US-KS-20131,KS,Nemaha,660655268,233031478,63243787,956930533,4088,901453396,349647683,152812014,1403913093,574,2360843626
US-AR-05091,AR,Miller,1918146771,629767296,178592583,2726506650,17103,1857447826,691399581,338624122,2887471529,1235,5613978179
US-IA-19143,IA,Osceola,281983267,105263211,27902074,415148552,2543,240451609,97981675,43457654,381890938,296,797039490
US-GA-13107,GA,Emanuel,551147400,183336619,53337742,787821761,9146,886888690,410606596,177707613,1475202899,609,2263024660
US-SD-46093,SD,Meade,2412651872,838056323,231642806,3482351001,11464,1184206218,383335422,227830696,1795372336,1190,5277723337
US-ME-23015,ME,Lincoln,4430106626,1334097000,354561824,6118765450,18748,2037293507,608010216,384683867,3029987590,2017,9148753040
US-SC-45017,SC,Calhoun,627856646,218094710,57561283,903512639,6015,509543775,241863149,95915347,847322271,358,1750834910
US-MO-29207,MO,Stoddard,1314551878,438674330,123798714,1877024922,12255,1385196409,615697128,279851950,2280745487,1010,4157770409
US-MS-28131,MS,Stone,874744968,300427862,81234336,1256407166,6690,502300712,197818754,101755241,801874707,451,2058281873
US-NE-31113,NE,Logan,43949774,15053790,4135757,63139321,327,11766728,4495786,1750307,18012821,29,81152142
US-IA-19087,IA,Henry,951664393,336697021,92532093,1380893507,7711,1478792642,578331055,252113560,2309237257,737,3690130764
US-NE-31087,NE,Hitchcock,106908671,34357591,9261025,150527287,1309,53626294,24361691,9161153,87149138,97,237676425
US-GA-13061,GA,Clay,97214684,27045663,7265239,131525586,1384,22295993,7090446,3526584,32913023,63,164438609
US-VA-51075,VA,Goochland,2959308215,1103594462,284424767,4347327444,9777,3895612655,991399749,669775631,5556788035,1083,9904115479
US-KY-21181,KY,Nicholas,270552157,90219059,24973953,385745169,2894,75282326,24558976,13390555,113231857,120,498977026
US-IL-17065,IL,Hamilton,260810169,94949168,25373059,381132396,3324,241959458,84405322,42770929,369135709,274,750268105
US-MT-30075,MT,Powder River,101405370,30597425,8347933,140350728,811,40131990,12700046,6595685,59427721,93,199778449
US-MO-29147,MO,Nodaway,1026996301,352482919,100460471,1479939691,8511,1141122242,440563560,216229533,1797915335,805,3277855026
US-IN-18161,IN,Union,403798083,144558773,38270030,586626886,2869,150095647,66603795,29137857,245837299,193,832464185
US-KY-21145,KY,McCracken,3818396773,1292411988,359036040,5469844801,27693,5801564578,2002222976,1088031913,8891819467,3407,14361664268
US-GA-13281,GA,Towns,1411671966,428071915,111594464,1951338345,6770,543494428,146377150,127726175,817597753,476,2768936098
US-PA-42109,PA,Snyder,2201024297,762252703,211316266,3174593266,14746,3615314659,1294597493,589173601,5499085753,1388,8673679019
US-MS-28107,MS,Panola,1254693463,416095522,117048960,1787837945,13310,1355311571,538730062,274614051,2168655684,945,3956493629
US-OH-39089,OH,Licking,12028614294,4301069412,1175412401,17505096107,66148,12049241143,4328694054,2026363423,18404298620,5340,35909394727
US-SD-46129,SD,Walworth,287424241,95806835,26365415,409596491,2526,307086680,105343631,60529379,472959690,339,882556181
US-LA-22073,LA,Ouachita,8015480829,2596631909,759192353,11371305091,64271,10038482747,3283343984,1877853030,15199679761,6820,26570984852
US-WI-55075,WI,Marinette,2899049198,862242669,227817732,3989109599,22121,3037763658,1298438504,603240406,4939442568,1668,8928552167
US-PR-72081,PR,Lares,873703526,300018755,86091424,1259813705,11766,1178008936,447762772,180586221,1806357929,22,3066171634
US-GA-13207,GA,Monroe,1733528224,630479410,165767887,2529775521,10083,1284785899,435563963,267383246,1987733108,913,4517508629
US-FL-12049,FL,Hardee,679664713,236175482,63829285,979669480,8113,1009167000,288911697,176084884,1474163581,707,2453833061
US-VA-51043,VA,Clarke,1891376471,659616259,175985714,2726978444,5879,630114639,206785152,114965125,951864916,544,3678843360
US-NC-37019,NC,Brunswick,15934900874,4914686595,1282030072,22131617541,73516,5807201300,1773835755,1037645836,8618682891,4615,30750300432
US-SC-45033,SC,Dillon,648787199,230048672,63207036,942042907,11233,1268847707,513915997,258003078,2040766782,829,2982809689
US-UT-49031,UT,Piute,130784019,39594165,10160761,180538945,687,44386913,12160216,10215650,66762779,44,247301724
US-ID-16023,ID,Butte,166499259,52242427,14597800,233339486,1087,49211615,19464701,10143297,78819613,77,312159099
US-ND-38001,ND,Adams,100542634,35319213,9240739,145102586,1033,97349424,35132138,18325086,150806648,141,295909234
US-NJ-34033,NJ,Salem,3322651400,1182100118,323662602,4828414120,24604,3594527773,1361191041,619934286,5575653100,1829,10404067220
US-TX-48005,TX,Angelina,3097671746,1079066555,302068415,4478806716,32571,4669027189,1665193820,884547458,7218768467,3100,11697575183
US-NY-36015,NY,Chemung,2438280834,926021298,250156634,3614458766,34722,7209775701,2758373904,1359318866,11327468471,2754,14941927237
US-NC-37165,NC,Scotland,922262009,315679024,90767685,1328708718,12965,1788433684,682680911,348485897,2819600492,1066,4148309210
US-KS-20031,KS,Coffey,428667834,149139702,41178686,618986222,3670,272322139,102854714,48999111,424175964,312,1043162186
US-NJ-34039,NJ,Union,42841163346,14391475234,4193376052,61426014632,189513,53808741699,17044631140,8914894484,79768267323,23722,141194281955
US-WI-55135,WI,Waupaca,3420884711,1213035698,325901015,4959821424,22029,3287687540,1338300087,645189227,5271176854,2013,10230998278
US-IN-18053,IN,Grant,2636949893,945993294,260271224,3843214411,27164,6905479046,2123138653,986522625,10015140324,2021,13858354735
US-IN-18105,IN,Monroe,8984001246,3181062430,886953452,13052017128,53004,10994163455,3496224533,2032973671,16523361659,5759,29575378787
US-CA-06115,CA,Yuba,4528965770,1544509545,443039955,6516515270,26543,5499634998,1462878231,1247044550,8209557779,1503,14726073049
US-OH-39079,OH,Jackson,1315219675,462972427,125809811,1904001913,12673,1485493074,639754437,305232765,2430480276,980,4334482189
US-VA-51065,VA,Fluvanna,2003303073,737590087,191219485,2932112645,10279,485894643,159620315,75501760,721016718,599,3653129363
US-AR-05093,AR,Mississippi,1548652102,495988960,145839758,2190480820,17290,2453432501,1109386863,498178337,4060997701,1245,6251478521
US-TN-47049,TN,Fentress,945169807,320733285,86309643,1352212735,7797,429718777,164519729,82733001,676971507,440,2029184242
US-GA-13293,GA,Upson,1153786816,374241672,108913433,1636941921,11473,1016469408,400346785,198307022,1615123215,748,3252065136
US-MA-25027,MA,Worcester,68252005895,23845978340,6678709122,98776693357,315150,83382462771,25901420046,13958295431,123242178248,31999,222018871605
US-LA-22069,LA,Natchitoches,1718815802,522918388,149543903,2391278093,15514,2100153989,777282134,436157038,3313593161,1346,5704871254
US-AR-05055,AR,Greene,2219954826,764034437,218561756,3202551019,18408,2108708673,934659817,415631447,3458999937,1313,6661550956
US-OH-39103,OH,Medina,13713940166,5233259777,1363051355,20310251298,66484,10861082509,3848700337,1953322013,16663104859,6762,36973356157
US-NE-31169,NE,Thayer,211701694,73465616,19999560,305166870,2232,309928095,134087222,56099851,500115168,315,805282038
US-MN-27069,MN,Kittson,208228909,72346138,18717178,299292225,1817,202382594,72655531,33683663,308721788,216,608014013
US-WA-53027,WA,Grays Harbor,5124015035,1671098307,462560721,7257674063,31012,3864228193,1301074482,787630736,5952933411,2523,13210607474
US-IN-18179,IN,Wells,1605664876,587274502,158949308,2351888686,10965,1836480006,766346308,330216514,2933042828,1025,5284931514
US-IL-17059,IL,Gallatin,138753748,48685515,13051118,200490381,2159,102784540,36871722,16008281,155664543,132,356154924
US-GA-13245,GA,Richmond,8152234636,2688825653,782509638,11623569927,79432,15950987551,5139431431,3068146362,24158565344,7681,35782135271
US-IL-17203,IL,Woodford,1970512732,732311597,193350677,2896175006,14322,1955316244,730692278,337102735,3023111257,1177,5919286263
US-KY-21169,KY,Metcalfe,342277562,124827574,33309743,500414879,4163,220202203,105652783,44167704,370022690,198,870437569
US-SC-45061,SC,Lee,469793451,156383386,43266456,669443293,6493,430313039,144933937,71890383,647137359,335,1316580652
US-IA-19069,IA,Franklin,434472489,152715911,42256333,629444733,4261,504434997,212287514,92529884,809252395,446,1438697128
US-IA-19089,IA,Howard,452849511,156712701,42790238,652352450,3876,568948582,256499888,107484298,932932768,396,1585285218
US-AK-02220,AK,Sitka City and,1009973457,301757305,89585055,1401315817,3604,895463309,286632918,176554254,1358650481,591,2759966298
US-GA-13133,GA,Greene,1981237373,625437857,167060463,2773735693,8733,2222866168,592927193,568506798,3384300159,790,6158035852
US-IL-17049,IL,Effingham,1645806436,604366180,161281176,2411453792,13576,6988453642,2237930055,1349826049,10576209746,1996,12987663538
US-MO-29173,MO,Ralls,531638737,178204930,46799612,756643279,4183,546820833,258664855,107924601,913410289,346,1670053568
US-MA-25019,MA,Nantucket,5509135737,1121680623,313287370,6944103730,8324,1278151525,348234519,224396905,1850782949,1668,8794886679
US-NY-36051,NY,Livingston,2088840189,777144378,205994591,3071979158,23632,3172507422,1163626659,585868499,4922002580,1990,7993981738
US-IA-19151,IA,Pocahontas,280473925,98847296,26782070,406103291,3284,329488928,141218559,56057624,526765111,301,932868402
US-PR-72079,PR,Lajas,783002557,243186304,67447139,1093636000,10064,1155636468,436882417,176834342,1769353227,31,2862989227
US-KY-21213,KY,Simpson,1133878238,385121779,109859957,1628859974,7832,1681490764,696859974,317596946,2695947684,679,4324807658
US-MI-26097,MI,Mackinac,964847173,236892807,63446782,1265186762,7250,781210375,211009669,192000491,1184220535,701,2449407297
US-TX-48345,TX,Motley,40520547,12370123,3348890,56239560,607,12898254,4719351,2373774,19991379,31,76230939
US-LA-22025,LA,Catahoula,239065194,73037747,19711729,331814670,3428,193812050,65405775,34913361,294131186,281,625945856
US-MS-28087,MS,Lowndes,2884247047,960090906,272967073,4117305026,24174,3366788333,1244583476,635988493,5247360302,2423,9364665328
US-KS-20203,KS,Wichita,76954619,27607147,7386894,111948660,879,67898029,26432602,11319050,105649681,122,217598341
US-ME-23031,ME,York,24212959137,7786307311,2127018572,34126285020,94630,12588801426,3989960685,2378919163,18957681274,9195,53083966294
US-AR-05001,AR,Arkansas,736991710,233027525,65337975,1035357210,7265,1373032614,642303135,273688346,2289024095,778,3324381305
US-PR-72025,PR,Caguas,5045689654,1765059843,495916002,7306665499,52410,5970038893,2149085906,897906258,9017031057,541,16323696556
US-NH-33009,NH,Grafton,7172734944,2226083532,598994047,9997812523,38508,17066215293,4572760263,2665971829,24304947385,4807,34302759908
US-IN-18027,IN,Daviess,1707017108,595023211,164757454,2466797773,11723,2066872257,805457458,392270343,3264600058,1339,5731397831
US-VA-51155,VA,Pulaski,1758441430,611935436,165667320,2536044186,14950,2745369168,1222036379,553021274,4520426821,1094,7056471007
US-TX-48491,TX,Williamson,55635496478,20506268017,5535390689,81677155184,222961,39230221008,10743076653,7001991790,56975289451,23988,138652444635
US-IA-19061,IA,Dubuque,6735764318,2478278555,666605989,9880648862,38016,11695976537,3956851649,2080465259,17733293445,4546,27613942307
US-NE-31185,NE,York,802521330,284659453,76997177,1164177960,5570,1273743841,411200859,219481968,1904426668,837,3068604628
US-ND-38079,ND,Rolette,302003068,97486105,28029978,427519151,3981,261881596,100336069,52781583,414999248,310,842518399
US-KS-20045,KS,Douglas,8141440479,2788561405,816773059,11746774943,46153,8020362975,2320244959,1404934814,11745542748,5046,23492317691
US-MT-30107,MT,Wheatland,146753666,44238233,12479830,203471729,997,47024642,18857930,9357051,75239623,93,278711352
US-VA-51059,VA,Fairfax,123344664967,46596715122,12356070746,182297450835,365526,138022633125,33738425548,23617635351,195378694024,55224,377676144859
US-NC-37059,NC,Davie,2830004082,1016299494,266100510,4112404086,16776,2047488335,802535058,382420255,3232443648,1350,7344847734
US-KY-21173,KY,Montgomery,1309988775,443451480,126497896,1879938151,11089,1621275368,726240973,336773883,2684290224,908,4564228375
US-MD-24015,MD,Cecil,7512174504,2681369110,723381687,10916925301,38997,6669584408,2398462246,1166226410,10234273064,2929,21151198365
US-WI-55103,WI,Richland,1102529365,374912278,101702924,1579144567,7379,850209886,357169243,167059562,1374438691,608,2953583258
US-NH-33015,NH,Rockingham,32590264831,11979264620,3149992256,47719521707,116321,33465842104,10976084549,5974865333,50416791986,16587,98136313693
US-NY-36007,NY,Broome,5886394120,2221709829,607595273,8715699222,81308,16654686695,5817611963,3132555730,25604854388,6872,34320553610
US-MS-28133,MS,Sunflower,691066989,243340828,69712790,1004120607,8549,921003552,332704555,156558851,1410266958,748,2414387565
US-WI-55119,WI,Taylor,1233141652,426715585,113962015,1773819252,8069,1315380954,567034215,271519729,2153934898,752,3927754150
US-VA-51091,VA,Highland,188205590,49935691,13174505,251315786,1373,46151312,14583121,8468041,69202474,103,320518260
US-NC-37089,NC,Henderson,10430056817,3567590920,971104132,14968751869,51162,6956021005,2452124146,1322207433,10730352584,4716,25699104453
US-TN-47151,TN,Scott,762898666,263895937,72905694,1099700297,8635,576510665,257676352,118343259,952530276,525,2052230573
US-TN-47099,TN,Lawrence,2313826308,809630235,220843401,3344299944,16769,1566451253,646655794,292798720,2505905767,1256,5850205711
US-NM-35013,NM,Doña Ana,11129594714,3834942081,1078899869,16043436664,80544,9421869356,3077662997,1834874844,14334407197,6392,30377843861
US-UT-49041,UT,Sevier,1524359775,522138358,140125712,2186623845,7582,1364262160,492366897,264852506,2121481563,928,4308105408
US-AR-05039,AR,Dallas,231136757,71391176,19529224,322057157,2819,326029464,146013271,66445929,538488664,261,860545821
US-ME-23013,ME,Knox,4327361639,1350407284,364526665,6042295588,19741,3152424779,1009763045,625389884,4787577708,2687,10829873296
US-OR-41067,OR,Washington,59036950030,21244283383,5871679303,86152912716,205412,69327464122,21590538772,12081672235,102999675129,28278,189152587845
US-TN-47113,TN,Madison,5418721401,1844689478,528582230,7791993109,39779,10186434755,3712241261,1837987930,15736663946,4401,23528657055
US-NE-31115,NE,Loup,32877169,8213835,2407109,43498113,342,2109349,1053627,375071,3538047,17,47036160
US-OH-39111,OH,Monroe,613003595,202788824,53545022,869337441,5819,312481869,113192125,54527186,480201180,362,1349538621
US-MI-26017,MI,Bay,4811608248,1806674210,479921065,7098203523,43021,5599671775,2008217153,1070710272,8678599200,3349,15776802723
US-SD-46031,SD,Corson,79241786,26031763,7738715,113012264,1276,26205881,10093821,4233563,40533265,51,153545529
US-WI-55087,WI,Outagamie,13329972824,5011156746,1340932763,19682062333,70743,20001566010,7023533430,3566500703,30591600143,8793,50273662476
US-AR-05023,AR,Cleburne,1733238458,499150555,136211031,2368600044,12446,941443368,365791401,200733140,1507967909,917,3876567953
US-NE-31081,NE,Hamilton,730559784,250902680,67263321,1048725785,3650,508332990,196449377,88975561,793757928,474,1842483713
US-WA-53053,WA,Pierce,79303915698,27866381853,7771929404,114942226955,320777,70591363370,21091822969,12122062071,103805248410,33482,218747475365
US-NM-35021,NM,Harding,27230701,7168960,1954005,36353666,368,84194,6082,2199,92475,9,36446141
US-IL-17171,IL,Scott,162040202,57099375,15468009,234607586,2134,68090941,25763523,10541430,104395894,112,339003480
US-MD-24031,MD,Montgomery,97135552243,37122278505,9804074537,144061905285,328987,108693130820,26048973567,17558635024,152300739411,48303,296362644696
US-GA-13105,GA,Elbert,677521419,245532162,66631467,989685048,8351,858940355,386163077,169733729,1414837161,699,2404522209
US-IL-17173,IL,Shelby,833872811,300094537,80508984,1214476332,8913,930059817,357813962,171785767,1459659546,655,2674135878
US-IL-17187,IL,Warren,518140823,196217385,51733056,766091264,6695,1002057115,425021459,183499238,1610577812,569,2376669076
US-MS-28045,MS,Hancock,3410415017,1174420630,315685435,4900521082,20370,2530189230,692750126,624347795,3847287151,1355,8747808233
US-ID-16069,ID,Nez Perce,3570546963,1255862161,344516023,5170925147,16630,3355587544,1256283911,662488585,5274360040,1860,10445285187
US-AK-02063,AK,Chugach,634385796,174193732,51038413,859617941,2992,883062204,252449886,194227815,1329739905,584,2189357846
US-NY-36115,NY,Washington,2392205303,839271938,225982850,3457460091,25040,2417149985,976147346,458357150,3851654481,1727,7309114572
US-MA-25011,MA,Franklin,5585657634,1938279534,539235671,8063172839,30750,5720957943,1788292172,905783286,8415033401,2635,16478206240
US-PA-42111,PA,Somerset,3285095002,1100111963,291800250,4677007215,31162,5629317579,1765321346,1252200712,8646839637,2534,13323846852
US-PA-42049,PA,Erie,13242169215,4739846251,1313377252,19295392718,108000,25858348166,8833315181,4662274701,39353938048,10189,58649330766
US-NE-31027,NE,Cedar,520582593,181814542,49282063,751679198,3502,382276149,128878258,63118334,574272741,446,1325951939
US-KS-20183,KS,Smith,149631978,51357474,13598158,214587610,1727,130111764,50618340,23409491,204139595,190,418727205
US-PA-42121,PA,Venango,2077708024,714101755,193464902,2985274681,22550,2985547696,1164147762,560351536,4710046994,1815,7695321675
US-NE-31151,NE,Saline,753214333,264480614,72506610,1090201557,5172,1162749946,440137331,188851605,1791738882,515,2881940439
US-MD-24510,MD,Baltimore city,28312627904,9545943964,2821281067,40679852935,245648,84190970373,21135483497,12306068556,117632522426,22651,158312375361
US-IL-17081,IL,Jefferson,1133048772,414339380,112390229,1659778381,14416,4263516819,1847069533,831118067,6941704419,1476,8601482800
US-WI-55073,WI,Marathon,8633242487,3227114086,860461710,12720818283,52883,13220276932,5148837445,2506838892,20875953269,5773,33596771552
US-NY-36093,NY,Schenectady,6413965346,2391419261,660633505,9466018112,63316,13867485588,4302035016,2416401911,20585922515,5148,30051940627
US-OK-40021,OK,Cherokee,2150702403,712380441,199032107,3062114951,18785,1465561889,456728075,272584699,2194874663,1299,5256989614
US-GA-13209,GA,Montgomery,255188125,84051887,22502663,361742675,3138,131783753,55634511,23336954,210755218,147,572497893
US-AR-05063,AR,Independence,1354891817,457735469,129608154,1942235440,14926,2442949316,1017105104,473304056,3933358476,1238,5875593916
US-KS-20087,KS,Jefferson,1251778535,453726760,120475840,1825981135,7299,318849699,110376269,58191167,487417135,457,2313398270
US-GA-13313,GA,Whitfield,4771887817,1670267319,465890337,6908045473,36434,9501514597,4114950344,1803750713,15420215654,3871,22328261127
US-TN-47055,TN,Giles,1839185246,611965861,167288479,2618439586,12091,1377223708,629057359,279351790,2285632857,913,4904072443
US-PA-42127,PA,Wayne,4260858122,1228509594,328462795,5817830511,24750,3439842812,1051473694,718534286,5209850792,2026,11027681303
US-PA-42045,PA,Delaware,41957449233,15124152457,4146781687,61228383377,204927,55219958328,15825662116,8921882319,79967502763,21742,141195886140
US-KS-20005,KS,Atchison,726880247,252290266,69171512,1048342025,5992,1400329219,383449114,191719843,1975498176,559,3023840201
US-AL-01111,AL,Randolph,1411224831,434333771,116897150,1962455752,10077,578950145,253048817,111923660,943922622,556,2906378374
US-GA-13211,GA,Morgan,1698845083,572536481,159028661,2430410225,8079,1229261572,462842488,245104760,1937208820,852,4367619045
US-MO-29215,MO,Texas,985232827,342971061,93263114,1421467002,9781,765738732,323526427,145197014,1234462173,693,2655929175
US-WV-54045,WV,Logan,1115524895,387662451,103918555,1607105901,12652,1037132069,373772239,199454604,1610358912,888,3217464813
US-LA-22111,LA,Union,727542730,234404841,63340824,1025288395,8595,710202863,267516294,123550834,1101269991,527,2126558386
US-TX-48355,TX,Nueces,16288536400,5666730300,1582829400,23538096100,131892,22860776004,7115937814,4370107455,34346821273,14092,57884917373
US-NC-37005,NC,Alleghany,860917484,252246601,67140099,1180304184,6106,422471059,159908558,84618655,666998272,394,1847302456
US-GA-13233,GA,Polk,1793119576,620597531,176216841,2589933948,16210,1882460219,827527761,365826007,3075813987,1076,5665747935
US-AZ-04012,AZ,La Paz,703045568,186577816,52333238,941956622,9821,1395137124,404690715,368837514,2168665353,554,3110621975
US-ME-23011,ME,Kennebec,8585594631,2951227403,799458467,12336280501,53149,11549632355,3467146757,2053266489,17070045601,5455,29406326102
US-TX-48469,TX,Victoria,4458423049,1554638937,427859282,6440921268,34338,5346481758,1778103743,978966155,8103551656,3712,14544472924
US-MO-29075,MO,Gentry,260360833,88221657,24126532,372709022,2550,245261281,101950804,46626526,393838611,283,766547633
US-VA-51015,VA,Augusta,5411649450,1986305098,527242089,7925196637,30069,4456369047,1825096678,843058053,7124523778,2245,15049720415
US-MN-27001,MN,Aitkin,1774581713,444149838,115837897,2334569448,9691,821548542,270636714,168318618,1260503874,626,3595073322
US-KY-21075,KY,Fulton,185308094,63798429,17924311,267030834,2799,289051497,127730551,60590768,477372816,208,744403650
US-OK-40085,OK,Love,490158606,157889341,43426056,691474003,3967,2018429809,399914188,343047046,2761391043,244,3452865046
US-OH-39035,OH,Cuyahoga,64254275656,23504632496,6498715608,94257623760,518002,137785591345,42475416032,24021912318,204282919695,55579,298540543455
US-TX-48169,TX,Garza,111048199,34396665,9680797,155125661,1803,127211449,42833331,26109739,196154519,173,351280180
US-OH-39153,OH,Summit,31319518548,11358734169,3127131820,45805384537,220524,48309065383,16151844846,8580253973,73041164202,22699,118846548739
US-MS-28059,MS,Jackson,8219263714,2942008918,799022100,11960294732,56590,7709927452,3138723804,1527262066,12375913322,3988,24336208054
US-TX-48235,TX,Irion,75401145,24369845,6433502,106204492,655,49016495,18698235,6669872,74384602,74,180589094
US-ID-16063,ID,Lincoln,273102998,93443585,26075716,392622299,1793,86493701,37412695,17337185,141243581,147,533865880
US-NY-36033,NY,Franklin,1389996134,483465257,128913288,2002374679,20387,3704830950,1077471290,824224943,5606527183,1557,7608901862
US-SD-46029,SD,Codington,2029053364,718875935,198368821,2946298120,11863,2859111383,1056324991,577192166,4492628540,1927,7438926660
US-NC-37025,NC,Cabarrus,17350589689,6021429640,1638013885,25010033214,81187,14556576289,4809821923,2558406504,21924804716,8296,46934837930
US-OH-39025,OH,Clermont,13235578648,5113868349,1337784494,19687231491,74975,10861682223,3566232090,1938573896,16366488209,6622,36053719700
US-NY-36013,NY,Chautauqua,3690807777,1314191363,360033513,5365032653,57432,11239141603,3975645965,2279841682,17494629250,4330,22859661903
US-MS-28123,MS,Scott,717288367,244072646,67395824,1028756837,9941,1715825754,862851964,362955830,2941633548,740,3970390385
US-NH-33019,NH,Sullivan,2694648959,859812466,230608237,3785069662,17113,2518715661,1010969898,464481273,3994166832,1522,7779236494
US-VA-51087,VA,Henrico,24295131953,8861822171,2433340701,35590294825,128162,37124907286,10703105063,6534485072,54362497421,16872,89952792246
US-NC-37009,NC,Ashe,2158554151,650487563,175812917,2984854631,13862,885430666,354256581,178422993,1418110240,882,4402964871
US-AR-05009,AR,Boone,2032187489,706047259,194321145,2932555893,15309,1872663430,694999076,368039572,2935702078,1494,5868257971
US-FL-12065,FL,Jefferson,684693891,225841771,61654684,972190346,5855,259424578,90569030,46611401,396605009,433,1368795355
US-TX-48153,TX,Floyd,183778632,60292914,16518251,260589797,2288,131994451,46146302,21381184,199521937,194,460111734
US-NC-37123,NC,Montgomery,1274895501,371003811,101567440,1747466752,12080,1263498752,557361808,242920392,2063780952,773,3811247704
US-IL-17183,IL,Vermilion,2031606723,771046976,208208686,3010862385,30464,5092363571,1972609785,945325906,8010299262,2202,11021161647
US-PA-42069,PA,Lackawanna,12225072184,4120824105,1175908320,17521804609,91066,21183122431,6944708785,3504143926,31631975142,8453,49153779751
US-CA-06017,CA,El Dorado,22001664255,7072315942,1933576912,31007557109,76776,14459743693,3822116820,2658705151,20940565664,7746,51948122773
US-CA-06065,CA,Riverside,160723465738,53857757231,15059756929,229640979898,722446,187208782293,57959510188,36042150703,281210443184,74622,510851423082
US-MN-27049,MN,Goodhue,3613396670,1332128827,352686097,5298211594,18270,5671839876,1786542772,1286348558,8744731206,2039,14042942800
US-MS-28023,MS,Clarke,622825416,206134457,55356549,884316422,6411,234427750,94916709,42170098,371514557,310,1255830979
US-TX-48269,TX,King,10431911,2090587,741386,13263884,126,11215322,4313586,1725434,17254342,8,30518226
US-VA-51036,VA,Charles City,454930341,164028921,43247409,662206671,2977,302491737,113409051,46036205,461936993,216,1124143664
US-TX-48189,TX,Hale,906013816,317238825,89314242,1312566883,12164,1709551594,572912620,265746251,2548210465,1036,3860777348
US-PR-72051,PR,Dorado,1617751133,524950501,142962762,2285664396,13703,1497617384,571159164,229721261,2298497809,26,4584162205
US-OK-40125,OK,Pottawatomie,3195966442,1078203531,305087727,4579257700,27125,2892474335,966010473,518485566,4376970374,2030,8956228074
US-TN-47109,TN,McNairy,1274745168,423942598,113803368,1812491134,10522,646505077,282038818,122799444,1051343339,665,2863834473
US-OR-41033,OR,Josephine,7747656146,2585012111,734546867,11067215124,35604,4958605551,1715310538,997749014,7671665103,3293,18738880227
US-TX-48473,TX,Waller,3058663751,1044249467,288849388,4391762606,17707,3334133702,1258385949,591277896,5183797547,1657,9575560153
US-CO-08071,CO,Las Animas,984095098,320904403,90087071,1395086572,7146,768471782,241490935,175776402,1185739119,593,2580825691
US-MD-24005,MD,Baltimore,54510602732,20642806766,5507277409,80660686907,292938,72580104345,21471000254,12455047064,106506151663,36882,187166838570
US-NE-31061,NE,Franklin,126481944,43881917,11897769,182261630,1394,64339651,23815701,11528984,99684336,123,281945966
US-TX-48287,TX,Lee,1100736110,370729603,100151149,1571616862,6900,554345047,203643471,97828003,855816521,618,2427433383
US-NY-36017,NY,Chenango,1389097873,487525072,130079871,2006702816,20175,3151717242,1309942401,612433951,5074093594,1409,7080796410
US-MI-26011,MI,Arenac,808363065,254713881,65750538,1128827484,7265,792092500,279063005,148609736,1219765241,545,2348592725
US-ND-38083,ND,Sheridan,69784050,24959001,6485572,101228623,675,18079648,4483030,2561595,25124273,54,126352896
US-CA-06053,CA,Monterey,32840510222,10045398300,3096865004,45982773526,127064,39761016362,11022886178,8085210670,58869113210,15357,104851886736
US-CO-08021,CO,Conejos,365891346,117160129,31866025,514917500,3415,142968924,57451420,28332131,228752475,192,743669975
US-MO-29153,MO,Ozark,509045620,155784826,41795509,706625955,4081,268098056,76693139,64995561,409786756,238,1116412711
US-GA-13255,GA,Spalding,3593087250,1243686708,357185617,5193959575,27296,2930571641,1135650308,554786882,4621008831,2043,9814968406
US-WV-54029,WV,Hancock,1362599792,491980544,133983449,1988563785,12861,2056082409,668652012,466313496,3191047917,890,5179611702
US-PR-72115,PR,Quebradillas,726456567,248674646,68100298,1043231511,8958,1050730203,385623037,159521364,1595874604,68,2639106115
US-PR-72027,PR,Camuy,1063897484,371041548,101359262,1536298294,12875,1339839228,510837008,205571533,2056247769,19,3592546063
US-FL-12079,FL,Madison,502564093,175136128,47253289,724953510,7117,560583431,211158427,109702177,881444035,517,1606397545
US-GA-13029,GA,Bryan,3261642697,1142920917,311364547,4715928161,15643,1669204171,536422925,319958098,2525585194,1342,7241513355
US-AR-05099,AR,Nevada,253944436,84057342,23553364,361555142,3701,273630856,124810165,49740016,448181037,190,809736179
US-PA-42055,PA,Franklin,10388531152,3686530566,1018964808,15094026526,61767,11597146058,4226051507,2027593525,17850791090,5028,32944817616
US-MO-29053,MO,Cooper,1025358771,349308991,94847397,1469515159,6445,1003506454,315380158,238914170,1557800782,610,3027315941
US-PA-42119,PA,Union,2219085521,767920941,211325372,3198331834,14216,4711844786,1287935709,701852182,6701632677,1569,9899964511
US-NE-31091,NE,Hooker,26047010,8288558,2437651,36773219,372,14448436,4688904,2502129,21639469,33,58412688
US-CA-06085,CA,Santa Clara,234100856812,77810813675,22535832525,334447503012,568578,328473142354,88256096484,53571644642,470300883480,83514,804748386492
US-IA-19107,IA,Keokuk,426068392,150579610,40913795,617561797,4225,244549079,95136649,40630626,380316354,338,997878151
US-KY-21161,KY,Mason,829082591,287372878,78574183,1195029652,6888,1051400353,404482803,207895183,1663778339,706,2858807991
US-CO-08053,CO,Hinsdale,239448551,43401188,11875538,294725277,882,244314453,54436811,70894216,369645480,93,664370757
US-ID-16077,ID,Power,382492874,137401715,36640854,556535443,2687,402984438,180787779,73471751,657243968,268,1213779411
US-NY-36081,NY,Queens,124254458531,39726496673,12316845067,176297800271,733064,181027098417,48361079473,28644827817,258033005707,88818,434330805978
US-MN-27161,MN,Waseca,1183691405,448260779,117553352,1749505536,7008,906526710,347315474,165062186,1418904370,696,3168409906
US-KY-21127,KY,Lawrence,517198188,173276604,46415679,736890471,6212,435658512,151280896,86045822,672985230,341,1409875701
US-NE-31155,NE,Saunders,1792625302,634684784,167939335,2595249421,8921,723540390,242622899,123986936,1090150225,886,3685399646
US-AR-05139,AR,Union,1457755884,484029314,133202130,2074987328,15851,2256761579,865450986,439075004,3561287569,1594,5636274897
US-MO-29099,MO,Jefferson,14524748857,5342097973,1412370858,21279217688,83138,7112601665,2389713543,1271476204,10773791412,6140,32053009100
US-KS-20001,KS,Allen,461209507,159723549,43390509,664323565,5321,631517402,281213252,127612380,1040343034,543,1704666599
US-PA-42025,PA,Carbon,4315230114,1419543324,385519599,6120293037,29212,4296116761,1236603928,996650116,6529370805,1852,12649663842
US-PA-42099,PA,Perry,3003938381,1077092307,287867547,4368898235,17947,1228042422,446193048,203304179,1877539649,1194,6246437884
US-MN-27101,MN,Murray,564035106,192894706,51521969,808451781,3812,373960972,142069358,65013358,581043688,390,1389495469
US-AZ-04003,AZ,Cochise,6260390031,2126625642,584410736,8971426409,50062,4970777953,1525430044,976515661,7472723658,3554,16444150067
US-KS-20159,KS,Rice,371610619,129317921,35247419,536175959,3938,348764239,133023384,64815117,546602740,389,1082778699
US-MT-30097,MT,Sweet Grass,378665064,114976553,32314134,525955751,1651,202425706,63650382,42605929,308682017,255,834637768
US-CO-08031,CO,Denver,66792200191,24215508758,6758766748,97766475697,272255,130005366577,31998445000,21453053766,183456865343,48042,281223341040
US-IN-18081,IN,Johnson,11755843409,4316172226,1161479244,17233494879,58068,10450407833,3643006364,1755959404,15849373601,6024,33082868480
US-GA-13213,GA,Murray,1658626890,600351617,163207991,2422186498,14893,1238204761,567173238,232167351,2037545350,682,4459731848
US-PR-72095,PR,Maunabo,366671902,123572516,34174201,524418619,4499,472392715,180317474,72476434,725186623,5,1249605242
US-NE-31107,NE,Knox,389451280,124465975,33468527,547385782,3726,344514755,104623278,68319606,517457639,379,1064843421
US-KS-20027,KS,Clay,450896404,161906938,44471854,657275196,3635,370610059,132740829,63649335,567000223,396,1224275419
US-FL-12071,FL,Lee,62548471940,19792564141,5408375015,87749411096,339962,50587926061,14457426161,9340413504,74385765726,36310,162135176822
US-GA-13025,GA,Brantley,431767216,140120869,37994494,609882579,6667,186009357,76957856,34540805,297508018,326,907390597
US-NE-31183,NE,Wheeler,56189908,15671126,4230488,76091522,470,11143439,4301934,1534595,16979968,23,93071490
US-TX-48071,TX,Chambers,3207355702,1168953069,306511692,4682820463,16282,2386194991,1000205307,407495624,3793895922,1166,8476716385
US-OK-40063,OK,Hughes,386233035,117322821,32550000,536105856,4790,253092785,97505428,51737434,402335647,292,938441503
US-CO-08014,CO,Broomfield,8288617588,3121977847,828481098,12239076533,26015,10466667007,2844152193,1834197525,15145016725,4066,27384093258
US-HI-15001,HI,Hawaii,17150509886,5578092534,1548105723,24276708143,76798,24429063257,6666495885,5663232747,36758791889,7147,61035500032
US-IA-19065,IA,Fayette,966125290,340291342,92795926,1399212558,8499,1092383758,363153698,173367513,1628904969,809,3028117527
US-AZ-04005,AZ,Coconino,11266870907,3407583655,970521538,15644976100,54427,15445745057,4001004399,3430798957,22877548413,6678,38522524513
US-MS-28035,MS,Forrest,3219734822,1131266047,320606396,4671607265,29196,5505143578,1853664401,1005470426,8364278405,3052,13035885670
US-OH-39071,OH,Highland,1975486369,686135329,189120258,2850741956,16996,1588040480,613455416,298426425,2499922321,1158,5350664277
US-TX-48201,TX,Harris,225729464534,84979496528,23103362935,333812323997,1539865,397587554414,117278368532,67780044634,582645967580,195607,916458291577
US-ID-16029,ID,Caribou,457621351,148703630,39616926,645941907,2582,324334041,134298697,71102158,529734896,278,1175676803
US-MN-27075,MN,Lake,1009767484,321057245,83085711,1413910440,5617,1050420947,312096850,238526954,1601044751,531,3014955191
US-IN-18145,IN,Shelby,2660100218,961716921,261156449,3882973588,17732,2986209770,1100651471,552664663,4639525904,1542,8522499492
US-MN-27065,MN,Kanabec,1107179041,386268484,100676643,1594124168,6480,576207223,218123967,114363269,908694459,478,2502818627
US-LA-22041,LA,Franklin,736127565,240183710,67437835,1043749110,7985,587697646,208511647,106512005,902721298,615,1946470408
US-NY-36109,NY,Tompkins,4203577699,1539170369,434228449,6176976517,40265,26020299576,5701931341,2983328715,34705559632,4121,40882536149
US-WV-54059,WV,Mingo,647694906,215523813,57944295,921163014,9219,460691356,139136599,89644738,689472693,533,1610635707
US-AK-02230,AK,Skagway,153121534,41528902,12098262,206748698,528,144261569,39340787,32495883,216098239,176,422846937
US-NE-31159,NE,Seward,1193257197,423252803,116597904,1733107904,6544,1147080825,362303765,165760238,1675144828,741,3408252732
US-AL-01095,AL,Marshall,5373124054,1855227816,503730214,7732082084,37166,5581575405,2434419002,1126951516,9142945923,3173,16875028007
US-PA-42081,PA,Lycoming,6459606535,2236150923,618553983,9314311441,46241,9656184285,3436228887,1787032560,14879445732,4517,24193757173
US-OH-39175,OH,Wyandot,1113669351,400984232,109536221,1624189804,9019,1688588703,782682874,320816723,2792088300,780,4416278104
US-WI-55061,WI,Kewaunee,1446580666,525707560,137150835,2109439061,8106,977172747,403506914,181738750,1562418411,710,3671857472
US-IA-19155,IA,Pottawattamie,5102044514,1897178951,510733308,7509956773,35192,7782778752,2567658039,1695024074,12045460865,3269,19555417638
US-WA-53029,WA,Island,10612391503,3440339736,954851985,15007583224,36911,3350102527,974653664,604895754,4929651945,2983,19937235169
US-WV-54083,WV,Randolph,1251969624,409349955,111103229,1772422808,10923,1562273008,539017511,288184027,2389474546,1007,4161897354
US-KS-20123,KS,Mitchell,258407356,87798051,24472967,370678374,2775,404866971,145419337,68432155,618718463,356,989396837
US-IL-17147,IL,Piatt,853236934,318375248,83576833,1255189015,6681,501532948,181940459,85466963,768940370,496,2024129385
US-IA-19085,IA,Harrison,842922663,298363704,81157896,1222444263,6080,510439060,189883041,92881797,793203898,537,2015648161
US-VA-51057,VA,Essex,655350809,207721596,57314070,920386475,4800,603590972,222763819,121971911,948326702,510,1868713177
US-TX-48219,TX,Hockley,672592591,240552103,65651647,978796341,8256,716017708,259092983,134320056,1109430747,717,2088227088
US-IN-18173,IN,Warrick,4488924766,1667687670,437097182,6593709618,23443,2726573417,941743187,490365754,4158682358,2013,10752391976
US-WI-55033,WI,Dunn,2679386525,953270536,262758397,3895415458,16466,3025357445,1248772447,551147167,4825277059,1576,8720692517
US-NY-36117,NY,Wayne,3282283164,1229035091,324258358,4835576613,37188,4733428748,2005757431,907348117,7646534296,2707,12482110909
US-KY-21013,KY,Bell,636880542,226311736,62627525,925819803,9955,1049778325,427413579,224288441,1701480345,763,2627300148
US-IA-19051,IA,Davis,412798017,147862264,39174696,599834977,3177,262588783,107936901,50679308,421204992,277,1021039969
US-GA-13119,GA,Franklin,966784914,318329105,86158031,1371272050,9056,1432617328,518965217,242375390,2193957935,784,3565229985
US-KS-20063,KS,Gove,128371008,45733126,12348492,186452626,1211,117857541,45357320,22079839,185294700,189,371747326
US-IA-19093,IA,Ida,297169882,108546645,29124110,434840637,3028,583749324,262522675,117227959,963499958,391,1398340595
US-KY-21047,KY,Christian,2841647306,911044075,278733680,4031425061,27549,4852125374,1819795565,982319327,7654240266,2177,11685665327
US-ME-23027,ME,Waldo,3323681267,1081577639,289906173,4695165079,18285,1870972662,635766929,343460591,2850200182,1532,7545365261
US-VT-50001,VT,Addison,3641135584,1229482032,329062323,5199679939,14839,4235260152,1123053114,575919523,5934232789,1720,11133912728
US-KY-21147,KY,McCreary,388873732,132655004,36098381,557627117,5897,226103692,102127301,47974103,376205096,244,933832213
US-WA-53041,WA,Lewis,5893281985,2033219285,554174681,8480675951,31142,4679206671,1725277979,890967985,7295452635,3039,15776128586
US-NM-35005,NM,Chaves,2544619898,875544089,245279320,3665443307,23752,2764113131,936240907,536594744,4236948782,2105,7902392089
US-IL-17021,IL,Christian,1102784990,412995164,110491513,1626271667,13560,1519492160,547485043,268702611,2335679814,1137,3961951481
US-LA-22005,LA,Ascension,9049014450,3335032568,866433305,13250480323,44822,7419295433,2613901647,1366790639,11399987719,4179,24650468042
US-NC-37129,NC,New Hanover,21097894509,7216714523,2009511470,30324120502,99454,21852812357,6428291939,3983758432,32264862728,14316,62588983230
US-KY-21081,KY,Grant,1187965323,422913952,114064616,1724943891,8820,904390007,385185901,190421971,1479997879,653,3204941770
US-NE-31019,NE,Buffalo,3235706813,1138656303,317981007,4692344123,18879,4510217265,1550425529,880518911,6941161705,2826,11633505828
US-MA-25007,MA,Dukes,6627169399,1369811683,382365634,8379346716,11974,1526054613,416500176,272310723,2214865512,1785,10594212228
US-TN-47027,TN,Clay,332510422,112852549,29602196,474965167,3216,168431499,64850919,32216291,265498709,160,740463876
US-PR-72063,PR,Gurabo,1865791115,652301219,178955027,2697047361,15932,1655207327,624752741,252867856,2532827924,29,5229875285
US-IL-17125,IL,Mason,476855366,173653130,46154149,696662645,5883,441309732,162700249,77993988,682003969,420,1378666614
US-IL-17151,IL,Pope,188262716,51947809,13692769,253903294,1669,43318244,12996869,6824702,63139815,73,317043109
US-IL-17111,IL,McHenry,20776924748,7857978323,2064187826,30699090897,109130,18887656918,6853070135,3421842519,29162569572,12857,59861660469
US-GA-13187,GA,Lumpkin,2215317599,743114799,201766313,3160198711,11916,1111029113,372304602,227133309,1710467024,906,4870665735
US-CO-08049,CO,Grand,3098876899,621771173,169552428,3890200500,10573,3285634823,714085210,671007681,4670727714,1398,8560928214
US-MO-29009,MO,Barry,1911708768,602813936,167456386,2681979090,14445,2131271940,944527264,412841958,3488641162,1181,6170620252
US-OK-40129,OK,Roger Mills,198409071,62672703,17191897,278273671,1573,104173680,24457987,15000467,143632134,106,421905805
US-TX-48237,TX,Jack,387503526,120617050,33902665,542023241,3286,209196854,76828255,37125750,323150859,303,865174100
US-TX-48481,TX,Wharton,1933937721,674369239,185862766,2794169726,15714,1788864147,684071854,319279702,2792215703,1598,5586385429
US-PA-42129,PA,Westmoreland,22247850211,8096049672,2165883439,32509783322,150397,26334364263,9400455205,4677364895,40412184363,13548,72921967685
US-AL-01003,AL,Baldwin,22001735621,7008820324,1866859443,30877415388,102177,14109312145,4173178483,2722444822,21004935450,10107,51882350838
US-TX-48373,TX,Polk,2167946303,670024110,180573079,3018543492,20508,1545786572,569283131,293826105,2408895808,1346,5427439300
US-SD-46053,SD,Gregory,209343093,69365886,18355376,297064355,1760,216809737,68907696,43037253,328754686,278,625819041
US-MO-29137,MO,Monroe,430630903,139370214,37896635,607897752,3735,210053329,91348424,40726944,342128697,265,950026449
US-PR-72109,PR,Patillas,485301511,160220129,44706895,690228535,7077,762683958,290119474,116947558,1169750990,8,1859979525
US-IN-18037,IN,Dubois,2904563401,1053955054,285212360,4243730815,17021,5188283327,2291565930,1004209437,8484058694,2055,12727789509
US-FL-12083,FL,Marion,21899873510,7635010533,2054766559,31589650602,160013,17515821475,6278945605,3176017656,26970784736,13089,58560435338
US-CO-08007,CO,Archuleta,1967629018,527965884,144447259,2640042161,7405,1213859459,308603306,233820703,1756283468,845,4396325629
US-MO-29229,MO,Wright,902448424,298713848,82457466,1283619738,7387,641794268,253021019,124299357,1019114644,630,2302734382
US-MN-27047,MN,Freeborn,1643359461,612466214,161636596,2417462271,12366,2381817623,894485825,468704586,3745008034,1211,6162470305
US-UT-49037,UT,San Juan,667021295,221999548,60136274,949157117,4805,876453551,252557792,232464296,1361475639,405,2310632756
US-LA-22091,LA,St. Helena,338703808,108957735,29382781,477044324,4276,147615747,49651041,26815404,224082192,179,701126516
US-KS-20157,KS,Republic,157123776,53698170,14351248,225173194,2221,215507660,82258710,38681447,336447817,288,561621011
US-NJ-34005,NJ,Burlington,31113385749,11628621799,3091876573,45833884121,163685,45594535476,15280764720,8168381583,69043681779,17882,114877565900
US-AR-05005,AR,Baxter,2614548565,886835447,242339711,3743723723,19807,2274837767,860634711,481496565,3616969043,1743,7360692766
US-GA-13145,GA,Harris,2753541454,981706807,256518670,3991766931,13050,878684611,301204305,173817173,1353706089,726,5345473020
US-IA-19031,IA,Cedar,1246002084,447941654,120157713,1814101451,7442,697156548,280457594,118544139,1096158281,705,2910259732
US-NM-35045,NM,San Juan,5022081081,1600252910,454678119,7077012110,41223,5404690887,1799117067,1029163649,8232971603,3841,15309983713
US-WI-55043,WI,Grant,2811207625,998082157,273613655,4082903437,19495,2491575753,918727814,475346272,3885649839,1917,7968553276
US-AL-01035,AL,Conecuh,411314653,123940772,33876445,569131870,5101,333730815,153658501,64928584,552317900,314,1121449770
US-GA-13109,GA,Evans,373633332,121408174,34630692,529672198,4169,719973203,327283215,136559990,1183816408,354,1713488606
US-CA-06099,CA,Stanislaus,31668789446,10495134477,3116869382,45280793305,170581,35351525044,12822976562,6489336615,54663838221,15993,99944631526
US-TX-48505,TX,Zapata,331995363,109462951,29217133,470675447,4982,184599476,65272826,38943222,288815524,213,759490971
US-IL-17027,IL,Clinton,1763289884,645548410,172668255,2581506549,14233,1757017551,648727390,309141290,2714886231,1354,5296392780
US-FL-12129,FL,Wakulla,1643068176,569762723,149825877,2362656776,12225,750916739,255646203,149188306,1155751248,745,3518408024
US-MO-29017,MO,Bollinger,498794145,162510014,43621215,704925374,4251,246351213,97723276,44549804,388624293,286,1093549667
US-PR-72061,PR,Guaynabo,4202987652,1478630051,408785988,6090403691,34227,4478217793,1522283376,655433661,6655934830,503,12746338521
US-MT-30045,MT,Judith Basin,183611343,55706324,15408406,254726073,1043,79067704,22328084,12014157,113409945,89,368136018
US-TX-48199,TX,Hardin,2664490774,954959235,249914729,3869364738,20910,1354883382,464969499,239778552,2059631433,1356,5928996171
US-TX-48035,TX,Bosque,1028081046,329160882,91285101,1448527029,8213,431394462,155588940,89056395,676039797,463,2124566826
US-MI-26147,MI,St. Clair,10843915509,3961413954,1049852947,15855182410,64293,7563550917,2931596393,1479248714,11974396024,4910,27829578434
US-IL-17159,IL,Richland,488195545,173688223,47624217,709507985,6559,1104528060,423859840,193310060,1721697960,655,2431205945
US-AR-05067,AR,Jackson,469810216,162962928,46523808,679296952,6527,547950889,236727446,112944291,897622626,481,1576919578
US-IL-17029,IL,Coles,1543307898,589727150,161976293,2295011341,19679,3923835057,1300405022,762326279,5986566358,1952,8281577699
US-AR-05123,AR,St. Francis,591433900,197451854,58596229,847481983,8820,832215697,314458569,177093257,1323767523,688,2171249506
US-SC-45085,SC,Sumter,4490603441,1551351127,431301326,6473255894,42378,5013798516,1770100838,931421447,7715320801,2991,14188576695
US-KY-21139,KY,Livingston,369193410,120484788,31845676,521523874,3814,240120716,74299063,46581048,361000827,208,882524701
US-GA-13167,GA,Johnson,210117929,76704002,20625410,307447341,3117,144609752,51453428,25855154,221918334,185,529365675
US-PR-72053,PR,Fajardo,1314217459,408369053,114503169,1837089681,15391,1811730090,674277182,275590630,2761597902,95,4598687583
US-NH-33005,NH,Cheshire,4935168510,1702648947,463328376,7101145833,29941,6250847561,2145044315,1109387122,9505278998,3266,16606424831
US-MT-30031,MT,Gallatin,19035672382,5988407955,1761820024,26785900361,49528,13427398425,3748191399,2573385265,19748975089,10154,46534875450
US-VA-51820,VA,Waynesboro city,1297388911,468367640,130995714,1896752265,9327,1930445792,676809028,354736583,2961991403,1116,4858743668
US-NE-31109,NE,Lancaster,20688257604,7749244818,2112316108,30549818530,116283,29137132737,8583171012,5052484065,42772787814,15384,73322606344
US-MS-28055,MS,Issaquena,27634194,9825558,2743474,40203226,386,9186054,2943793,1364745,13494592,20,53697818
US-NC-37103,NC,Jones,345219549,115095261,31513942,491828752,4032,93085886,33110717,15825154,142021757,184,633850509
US-NE-31001,NE,Adams,1819743685,640954132,179640152,2640337969,12738,2419346964,863343692,428912201,3711602857,1588,6351940826
US-TN-47065,TN,Hamilton,28165345148,9874500364,2740962934,40780808446,144045,38139548219,12373580022,6788138276,57301266517,16477,98082074963
US-GA-13057,GA,Cherokee,25125151793,9319182509,2468479356,36912813658,94931,12556642985,3954241375,2178579226,18689463586,9963,55602277244
US-ME-23017,ME,Oxford,4258177210,1241939828,331663397,5831780435,27888,4285982771,1288150464,1003929227,6578062462,2064,12409842897
US-VA-51175,VA,Southampton,934097639,324983702,88615085,1347696426,7153,393794484,152565140,63893294,610252918,328,1957949344
US-IL-17083,IL,Jersey,1007158259,340153105,92072015,1439383379,8608,1279099249,355916808,202817911,1837833968,644,3277217347
US-AR-05033,AR,Crawford,3097127803,1071994212,297433613,4466555628,22961,2376203795,965660713,451178487,3793042995,1711,8259598623
US-KS-20053,KS,Ellsworth,268898228,88991257,23654647,381544132,2563,277179621,111997795,48382044,437559460,236,819103592
US-FL-12007,FL,Bradford,971561461,334672452,89613590,1395847503,9289,781290635,286231198,137778110,1205299943,689,2601147446
US-ID-16013,ID,Blaine,5096212685,1428406417,390054571,6914673673,11480,4087117652,998475866,926035292,6011628810,2573,12926302483
US-IA-19077,IA,Guthrie,707006935,241443772,63650565,1012101272,4863,424225751,142922713,80221371,647369835,490,1659471107
US-NC-37099,NC,Jackson,3293277460,923935489,257482532,4474695481,21139,5683355092,1369582990,1478009808,8530947890,1723,13005643371
US-MO-29121,MO,Macon,675393077,222183848,61214349,958791274,6444,635340462,230055844,123242900,988639206,522,1947430480
US-KS-20113,KS,McPherson,1948174984,684487359,188755484,2821417827,12217,3057439632,1129695820,541420625,4728556077,1351,7549973904
US-NE-31035,NE,Clay,329367755,116262949,31339200,476969904,2558,151015319,56991134,23501746,231508199,272,708478103
US-MO-29157,MO,Perry,1117542856,386976765,104398871,1608918492,7444,1744578746,758208999,327692300,2830480045,811,4439398537
US-OH-39019,OH,Carroll,1590067060,549831719,148376764,2288275543,11854,983133200,364023713,183618308,1530775221,712,3819050764
US-KY-21165,KY,Menifee,242412103,72360903,20057239,334830245,2752,53651067,22433107,10711314,86795488,86,421625733
US-FL-12087,FL,Monroe,13877714925,3650470782,1051790937,18579976644,40691,15525783939,3662597436,3857090430,23045471805,6593,41625448449
US-MO-29065,MO,Dent,683145151,224929728,62028957,970103836,5917,604998897,234152897,121725270,960877064,449,1930980900
US-GA-13131,GA,Grady,905677720,314268767,87043609,1306990096,10407,898351452,368292146,158797871,1425441469,709,2732431565
US-MS-28121,MS,Rankin,10221949712,3751967880,994264059,14968181651,57325,9428493482,3311410689,1661773957,14401678128,6519,29369859779
US-NE-31119,NE,Madison,1971740009,723257881,195910441,2890908331,13186,3370845833,1266810682,616784783,5254441298,1994,8145349629
US-LA-22021,LA,Caldwell,294638267,92946460,26015221,413599948,3939,219223002,80203617,43086317,342512936,263,756112884
US-WI-55079,WI,Milwaukee,49953310212,17073908437,5039196540,72066415189,365763,102766987302,29969564150,17262572798,149999124250,37159,222065539439
US-FL-12121,FL,Suwannee,1360815716,451742510,119218378,1931776604,15431,1573820414,613245893,334990337,2522056644,1117,4453833248
US-LA-22117,LA,Washington,1901649291,615448372,173536969,2690634632,18796,1178987933,451239239,223595828,1853823000,1012,4544457632
US-MO-29175,MO,Randolph,1065805547,356662141,100506025,1522973713,9739,1431028806,547034186,238053190,2216116182,846,3739089895
US-LA-22123,LA,West Carroll,315911472,107148009,29109889,452169370,4113,227985800,87627114,42143675,357756589,247,809925959
US-GA-13157,GA,Jackson,5744499246,2075682834,549744425,8369926505,26780,6242932385,2686387346,1055726610,9985046341,2410,18354972846
US-VA-51183,VA,Sussex,453767462,145449158,40773845,639990465,4104,403294985,138195528,88512665,630003178,263,1269993643
US-IA-19115,IA,Louisa,506491433,177495517,47978188,731965138,4255,519961230,250532318,101099540,871593088,328,1603558226
US-GA-13225,GA,Peach,1398547849,474172440,131011935,2003732224,10823,1306721591,548117935,266933170,2121772696,846,4125504920
US-GA-13093,GA,Dooly,291778269,97801843,27524310,417104422,4236,462890698,215264452,90375811,768530961,244,1185635383
US-VA-51580,VA,Covington city,164923390,58409768,16146822,239479980,2743,607882576,288752071,116020496,1012655143,302,1252135123
US-NE-31045,NE,Dawes,402751895,137216242,38263615,578231752,3534,353980594,119810255,74308740,548099589,385,1126331341
US-IN-18033,IN,DeKalb,2442804798,903789968,238349526,3584944292,16284,3961852833,1799816170,756634685,6518303688,1627,10103247980
US-OR-41055,OR,Sherman,97010067,28901658,8459131,134370856,825,97783724,38132130,18825656,154741510,75,289112366
US-TX-48209,TX,Hays,18375780569,6772927893,1826100598,26974809060,85473,14185497808,4290369878,2616377988,21092245674,9420,48067054734
US-MO-29023,MO,Butler,1847271497,607673461,175504108,2630449066,17730,2539063900,1027322763,526625305,4093011968,1647,6723461034
US-CA-06023,CA,Humboldt,9911670361,2990005223,922559856,13824235440,56376,9773078152,3008583300,1986832736,14768494188,5306,28592729628
US-VA-51540,VA,Charlottesville city,3792172315,1203480239,370252947,5365905501,18889,8138789679,2085232279,1531115220,11755137178,3567,17121042679
US-OK-40017,OK,Canadian,9951004950,3600425764,977066772,14528497486,55490,5114054338,1658684123,917180210,7689918671,4694,22218416157
US-PR-72089,PR,Luquillo,743275701,224617136,62153937,1030046774,8195,1018935780,377233148,154850402,1551019330,47,2581066104
US-CO-08057,CO,Jackson,133645600,31342359,8864512,173852471,872,54957001,16014126,12179904,83151031,90,257003502
US-MI-26099,MI,Macomb,57017983671,21546103800,5711684421,84275771892,326903,62859688325,23359464479,11715838429,97934991233,33611,182210763125
US-PR-72097,PR,Mayagüez,2193931907,760442986,214011542,3168386435,31656,4384404959,1516239366,654448027,6555092352,439,9723478787
US-TX-48333,TX,Mills,320306201,100107659,26564240,446978100,2161,149568076,52651859,27010244,229230179,184,676208279
US-MO-29005,MO,Atchison,214397987,74399855,20536172,309334014,2464,190520428,65716221,34342734,290579383,275,599913397
US-IA-19141,IA,O'Brien,785827274,284550468,75863024,1146240766,5766,928813154,354630070,160516826,1443960050,783,2590200816
US-PA-42117,PA,Tioga,2303286760,739553269,200941738,3243781767,17891,2132290061,849602051,431106523,3412998635,1326,6656780402
US-OH-39161,OH,Van Wert,1325956256,489369677,130637733,1945963666,11551,1907692051,802704723,373134210,3083530984,817,5029494650
US-CA-06027,CA,Inyo,1138466746,348995835,101178291,1588640872,7803,2099713195,562878396,500919277,3163510868,794,4752151740
US-CA-06077,CA,San Joaquin,48980955945,16180025745,4756083904,69917065594,232365,55900369849,19347449348,9509699192,84757518389,21908,154674583983
US-SC-45047,SC,Greenwood,3145755240,1107583920,306376618,4559715778,27966,3900873195,1464694148,743692299,6109259642,2365,10668975420
US-KS-20125,KS,Montgomery,1077308353,381486197,103390249,1562184799,13428,1910026104,815311358,386685882,3112023344,1162,4674208143
US-TX-48007,TX,Aransas,1874383132,590470249,158701616,2623554997,12132,932321432,265925577,195999230,1394246239,930,4017801236
US-KY-21093,KY,Hardin,6255581346,2149369623,613444070,9018395039,42992,6431149831,2323953142,1290603428,10045706401,3887,19064101440
US-WI-55019,WI,Clark,1766931225,617392620,165908799,2550232644,12921,1817123283,833306514,343360863,2993790660,1192,5544023304
US-ID-16003,ID,Adams,547575325,158934923,42879089,749389337,2109,96431772,38552431,21951412,156935615,153,906324952
US-IN-18055,IN,Greene,1343387823,477846892,129337155,1950571870,12831,795623860,288334538,151416320,1235374718,881,3185946588
US-GA-13055,GA,Chattooga,712735399,247162498,68929706,1028827603,9805,788522344,382770348,159933828,1331226520,497,2360054123
US-MO-29115,MO,Linn,526627428,177446606,48038357,752112391,5183,523913874,224207129,100497338,848618341,466,1600730732
US-TX-48131,TX,Duval,248178730,77645742,21386475,347210947,3682,190868264,68712561,40722756,300303581,209,647514528
US-AK-02066,AK,Copper River,340322973,70885207,20247651,431455831,1802,165261817,43970334,31611781,240843932,155,672299763
US-WI-55123,WI,Vernon,2055954453,725896419,192771584,2974622456,12034,1337992232,508711095,255316144,2102019471,1032,5076641927
US-PR-72067,PR,Hormigueros,567481232,195775258,53500474,816756964,6554,739164220,274087416,112487635,1125739271,16,1942496235
US-TX-48337,TX,Montague,1183656502,383597755,104543120,1671797377,8942,526015155,174394937,99111778,799521870,654,2471319247
US-IN-18101,IN,Martin,486685100,167772836,45338891,699796827,4008,353861369,131185799,64456175,549503343,345,1249300170
US-OK-40091,OK,McIntosh,976643576,268328240,74165125,1319136941,9154,447400408,157281132,92351621,697033161,518,2016170102
US-NM-35009,NM,Curry,2307223623,745177166,220422137,3272822926,19766,2106454954,726911684,412808208,3246174846,1617,6518997772
US-KY-21037,KY,Campbell,6021397098,2262832649,605188302,8889418049,35809,5023828899,1475383062,867907821,7367119782,3251,16256537831
US-AK-02188,AK,Northwest Arctic,268741427,77926268,22265237,368932932,2139,230148342,82964493,40912165,354025000,110,722957932
US-IA-19165,IA,Shelby,669013808,237895833,65440050,972349691,5062,785727123,312142189,134558930,1232428242,591,2204777933
US-SD-46109,SD,Roberts,491978850,152192023,43268421,687439294,4137,330720766,121381956,57216132,509318854,362,1196758148
US-VA-51185,VA,Tazewell,1347267634,464962976,125075113,1937305723,16961,2117306902,757119744,386341409,3260768055,1457,5198073778
US-AR-05103,AR,Ouachita,815492084,253339938,70598103,1139430125,9820,1238260061,568754522,256112079,2063126662,747,3202556787
US-GA-13195,GA,Madison,1424530239,480784636,131994957,2037309832,11147,426307581,150225325,73610215,650143121,585,2687452953
US-LA-22011,LA,Beauregard,1644047383,560440259,149359393,2353847035,13422,1057482874,384276681,203354538,1645114093,969,3998961128
US-MS-28091,MS,Marion,938368276,319441463,85604282,1343414021,9623,1055141187,357567568,181644155,1594352910,844,2937766931
US-WV-54077,WV,Preston,1716432837,591167718,157347391,2464947946,12832,748831611,261300246,138635598,1148767455,773,3613715401
US-IL-17189,IL,Washington,612719244,218189430,58870866,889779540,5790,1363838600,587849148,235893704,2187581452,573,3077360992
US-FL-12101,FL,Pasco,36666656078,12663467953,3426619771,52756743802,229695,21936683886,6957916224,3966578713,32861178823,18850,85617922625
US-FL-12081,FL,Manatee,34644929256,11315081482,3062736149,49022746887,172643,23758194081,7180773741,4041074337,34980042159,18065,84002789046
US-KY-21087,KY,Green,448638335,155563386,41626467,645828188,4556,188672266,66637376,36503685,291813327,252,937641515
US-FL-12117,FL,Seminole,34497871024,12652853788,3434807286,50585532098,172163,34942895026,9861275385,5902742611,50706913022,25077,101292445120
US-SD-46091,SD,Marshall,254437157,77462623,20736586,352636366,1907,167108703,74433857,31635447,273178007,215,625814373
US-IN-18097,IN,Marion,53811349699,18881396472,5365903043,78058649214,377296,105612261524,32209017846,17982691856,155803971226,43339,233862620440
US-LA-22057,LA,Lafourche,5412234447,1916851333,517504044,7846589824,37112,3850806876,1451988737,695288280,5998083893,2611,13844673717
US-UT-49035,UT,Salt Lake,110104351718,39914668105,10831132351,160850152174,375474,153453144877,44556124780,25773574521,223782844178,58083,384632996352
US-ND-38071,ND,Ramsey,713461086,246916626,69547287,1029924999,4911,894469935,276792386,176372410,1347634731,678,2377559730
US-KY-21025,KY,Breathitt,291340617,102543574,27655737,421539928,5436,304857066,100781528,52891727,458530321,259,880070249
US-WI-55041,WI,Forest,862371193,205661173,54402731,1122435097,5922,483273396,146448953,120569269,750291618,346,1872726715
US-VA-51113,VA,Madison,1210683287,416764218,113571386,1741018891,5738,688847873,204546419,115785643,1009179935,393,2750198826
US-TN-47103,TN,Lincoln,2358020839,814274559,224280380,3396575778,14697,1301117137,555764377,255393116,2112274630,964,5508850408
US-AR-05115,AR,Pope,2985838284,1039627029,287005893,4312471206,23925,3397522904,1311834701,659021421,5368379026,2538,9680850232
US-TX-48351,TX,Newton,332517198,106782084,28404882,467704164,5160,102840853,38329984,17408115,158578952,195,626283116
US-NC-37167,NC,Stanly,3864975431,1301639327,360026567,5526641325,25895,3054602751,1198007032,576453460,4829063243,2225,10355704568
US-NY-36075,NY,Oswego,3461497405,1268307049,339699176,5069503630,47048,5258011251,1898434852,1034582407,8191028510,3370,13260532140
US-AR-05031,AR,Craighead,6281911660,2097118899,612902421,8991932980,44075,7266105487,2713048800,1419028970,11398183257,4540,20390116237
US-AR-05017,AR,Chicot,323672787,104893939,29477285,458044011,4361,323350384,119798349,58917975,502066708,302,960110719
US-SC-45065,SC,McCormick,543904395,175700405,46208754,765813554,4517,149886162,36648531,19465451,206000144,170,971813698
US-IA-19105,IA,Jones,1233994072,444961581,119156479,1798112132,7971,863296148,335266896,164283120,1362846164,764,3160958296
US-KS-20081,KS,Haskell,170382367,61140758,16319698,247842823,1385,129606006,49368263,21774134,200748403,178,448591226
US-NC-37051,NC,Cumberland,14524349660,5063673769,1457769397,21045792826,127959,17859167998,5632533515,3304218842,26795920355,10937,47841713181
US-MO-29195,MO,Saline,948303506,319123149,87979569,1355406224,8485,1546213333,550967330,259028785,2356209448,756,3711615672
US-CA-06095,CA,Solano,35419391830,11957275316,3456144717,50832811863,145183,30029356290,9785853856,5256615462,45071825608,12951,95904637471
US-OH-39073,OH,Hocking,1441682877,508302043,136563006,2086547926,11333,1388667915,453909704,314406341,2156983960,801,4243531886
US-TX-48501,TX,Yoakum,337966257,119364755,31859861,489190873,2717,246719637,89258067,48276885,384254589,277,873445462
US-IN-18111,IN,Newton,750633229,272376142,73021590,1096030961,5582,325373058,128887204,64613900,518874162,365,1614905123
US-NC-37145,NC,Person,2204901585,762598374,207197210,3174697169,16519,1313149970,537837120,255577243,2106564333,1112,5281261502
US-LA-22121,LA,West Baton Rouge,1701457584,591610392,158912435,2451980411,10441,1918522150,734666567,347910656,3001099373,909,5453079784
US-ID-16047,ID,Gooding,921811450,310558119,87148765,1319518334,5487,541709354,225972862,108445119,876127335,547,2195645669
US-OH-39101,OH,Marion,2707197954,968550264,267453085,3943201303,24614,3922465518,1638131739,765007135,6325604392,1795,10268805695
US-WA-53001,WA,Adams,818151546,279659098,78737944,1176548588,6076,1004448823,425630729,194166208,1624245760,605,2800794348
US-MI-26031,MI,Cheboygan,1933531818,559608520,146310680,2639451018,13313,996886080,328945835,209696477,1535528392,1164,4174979410
US-KY-21133,KY,Letcher,527852021,177167854,48391227,753411102,8833,425923358,157517543,81772864,665213765,444,1418624867
US-CA-06061,CA,Placer,42918000871,14707323117,4007607075,61632931063,146875,47241950198,13455713228,9593894161,70291557587,19108,131924488650
US-TN-47185,TN,White,1574621085,551851658,149707809,2276180552,10932,940744310,441830457,182541311,1565116078,670,3841296630
US-MN-27089,MN,Marshall,469554004,167883158,43596638,681033800,3699,292709243,113659302,50244012,456612557,386,1137646357
US-AR-05131,AR,Sebastian,6489204596,2240087999,643236236,9372528831,52165,9463050380,3678485313,1804682600,14946218293,5572,24318747124
US-GA-13217,GA,Newton,6840470692,2440997211,673054417,9954522320,41094,3947077307,1468923016,691775147,6107775470,2577,16062297790
US-SC-45035,SC,Dorchester,11400193128,4140417292,1103792792,16644403212,58667,5980473258,1978282613,1058334137,9017090008,4685,25661493220
US-MD-24025,MD,Harford,20620346506,7793627142,2049946623,30463920271,92325,17024838896,5433475691,3000789211,25459103798,9324,55923024069
US-PR-72009,PR,Aibonito,871649194,322797202,87113303,1281559699,9483,1019321880,377411996,155192654,1551926530,68,2833486229
US-IL-17015,IL,Carroll,583434162,204580972,54230450,842245584,6918,700208382,271415999,132206526,1103830907,569,1946076491
US-TX-48423,TX,Smith,12125937887,4074320541,1120895438,17321153866,84374,16957186237,5696730623,3121871242,25775788102,10036,43096941968
US-PR-72071,PR,Isabela,1530058267,465324124,134852088,2130234479,17853,1972470778,743849913,301599210,3017919901,63,5148154380
US-KY-21195,KY,Pike,1872297156,649785599,173338826,2695421581,23730,2732267873,933496330,495762100,4161526303,1799,6856947884
US-KY-21185,KY,Oldham,6424351316,2428509612,628698332,9481559260,21107,2346042588,720818024,406264372,3473124984,2134,12954684244
US-IL-17069,IL,Hardin,124298974,36658546,9916302,170873822,1803,95048134,33452312,21565715,150066161,84,320939983
US-UT-49039,UT,Sanpete,1967361116,656547197,179430101,2803338414,9167,926576246,379618963,188379939,1494575148,789,4297913562
US-PR-72047,PR,Corozal,1082155418,368126214,101285633,1551567265,12012,1260434990,480601294,193448476,1934484760,16,3486052025
US-OH-39085,OH,Lake,14003222721,5327055043,1405940971,20736218735,92169,16789563256,6150500318,3066723065,26006786639,9282,46743005374
US-AR-05041,AR,Desha,371443324,124262345,36144260,531849929,5237,515185965,206265712,97321363,818773040,454,1350622969
US-MA-25013,MA,Hampden,27578432835,9734363684,2739383891,40052180410,174339,44720622123,14143915283,7757037220,66621574626,16499,106673755036
US-TX-48311,TX,McMullen,19544405,4662631,1298092,25505128,241,30987308,13816251,5018211,49821770,50,75326898
US-IN-18069,IN,Huntington,1856566401,682940752,184457776,2723964929,14937,2855226122,991418563,485302469,4331947154,1395,7055912083
US-CA-06081,CA,San Mateo,104438738326,35127150800,9992092424,149557981550,232285,127951060323,35161363831,21970024266,185082448420,36929,334640429970
US-ND-38085,ND,Sioux,84146461,26022441,8423439,118592341,1272,32827335,10109814,4952433,47889582,39,166481923
US-AL-01069,AL,Houston,5837386411,1945212256,551247675,8333846342,44833,8187087281,2824970110,1609532568,12621589959,4688,20955436301
US-KY-21067,KY,Fayette,22265539896,7831251842,2233819973,32330611711,126313,31502057104,9277260839,5551648382,46330966325,16450,78661578036
US-KY-21001,KY,Adair,798810564,269817302,72631381,1141259247,7307,493003755,185850038,93063449,771917242,513,1913176489
US-CA-06039,CA,Madera,7648617717,2481948826,720515433,10851081976,44569,7086147800,2410428967,1433231101,10929807868,3580,21780889844
US-ND-38105,ND,Williams,2673929113,884864794,238566020,3797359927,14497,3170038927,945885024,548126896,4664050847,2479,8461410774
US-KY-21129,KY,Lee,189790288,65878576,17716839,273385703,2687,136596191,50841506,29106871,216544568,151,489930271
US-MS-28065,MS,Jefferson Davis,363951258,120694680,31972262,516618200,4669,121267312,44282477,23401588,188951377,188,705569577
US-WI-55047,WI,Green Lake,1441970722,472075322,126804740,2040850784,8672,1068033545,373914482,196330320,1638278347,761,3679129131
US-GA-13033,GA,Burke,721211124,233458716,65492262,1020162102,9557,683654815,252112257,122634966,1058402038,561,2078564140
US-MN-27111,MN,Otter Tail,5316799142,1668800099,438992500,7424591741,27789,3964382297,1421285634,761396628,6147064559,2705,13571656300
US-WI-55037,WI,Florence,471013367,113286333,29181292,613480992,3169,111060982,50079166,21688816,182828964,160,796309956
US-KS-20201,KS,Washington,238747966,83949194,22898785,345595945,2508,212053526,78118027,34914961,325086514,286,670682459
US-SC-45011,SC,Barnwell,595655705,201106444,55322166,852084315,8523,659010831,245368684,118878224,1023257739,550,1875342054
US-IN-18019,IN,Clark,7848386164,2865227118,764762231,11478375513,46717,9297631868,3496516884,1738972855,14533121607,4457,26011497120
US-MA-25021,MA,Norfolk,80611628760,29508806853,7961014487,118081450100,249885,92069177897,25814521881,14841664186,132725363964,34827,250806814064
US-MI-26117,MI,Montcalm,3244333270,1149294098,302296965,4695924333,23785,2678029277,1052124431,521616280,4251769988,1676,8947694321
US-NE-31149,NE,Rock,73887164,22422960,6211846,102521970,693,47501280,19588217,8372896,75462393,62,177984363
US-NY-36035,NY,Fulton,1914103751,648707459,180052277,2742863487,24407,3462144367,1338845511,646473822,5447463700,1792,8190327187
US-AL-01029,AL,Cleburne,666165997,229617793,61171055,956954845,5928,245194265,102042581,44377014,391613860,295,1348568705
US-GA-13317,GA,Wilkes,337067761,113903862,31131221,482102844,4495,275949983,115300249,53532012,444782244,292,926885088
US-WY-56035,WY,Sublette,1264002208,384832398,103569528,1752404134,4228,427364995,129390611,89961170,646716776,618,2399120910
US-MO-29067,MO,Douglas,628875154,215189107,58668464,902732725,4799,345888157,151654251,67745002,565287410,311,1468020135
US-CA-06035,CA,Lassen,1256362957,378782337,106946776,1742092070,9745,1028931195,309337296,223144512,1561413003,638,3303505073
US-IL-17011,IL,Bureau,1247449344,460968600,123846248,1832264192,14080,2002559313,795940808,346791525,3145291646,1109,4977555838
US-FL-12057,FL,Hillsborough,94488143494,34022159275,9360753069,137871055838,529538,134131269858,37714228457,23874749016,195720247331,72360,333591303169
US-GA-13019,GA,Berrien,542309423,188209590,51315956,781834969,6978,473699010,223309959,94457990,791466959,415,1573301928
US-MS-28085,MS,Lincoln,1425147491,473946015,129482550,2028576056,13747,1824423809,681854164,315862537,2822140510,1257,4850716566
US-GA-13287,GA,Turner,234627025,79568022,22796601,336991648,3514,260734282,110585944,53061473,424381699,257,761373347
US-NY-36047,NY,Kings,127523613510,39323556493,13000428105,179847598108,807922,268568137015,62186907367,40753939674,371508984056,120231,551356582164
US-NC-37093,NC,Hoke,2479993386,856562164,238007997,3574563547,19177,1038122696,424784146,201248110,1664154952,795,5238718499
US-AL-01091,AL,Marengo,639664082,203183737,57061517,899909336,8137,840332379,325294239,168361227,1333987845,721,2233897181
US-MA-25009,MA,Essex,83131715574,28447326873,8057059581,119636102028,289572,79003091535,24397753101,13328815630,116729660266,33446,236365762294
US-OK-40071,OK,Kay,1740834282,574147456,161619481,2476601219,18344,2807175509,959617315,548345473,4315138297,1662,6791739516
US-WV-54003,WV,Berkeley,9297240582,3340363251,904444090,13542047923,47271,5478149504,1980450110,1012809507,8471409121,2973,22013457044
US-WY-56041,WY,Uinta,1521475926,515226914,137983172,2174686012,7330,1103832098,355341676,236038113,1695211887,901,3869897899
US-TX-48377,TX,Presidio,243698914,74127896,20336268,338163078,2728,283680550,78164994,63375249,425220793,226,763383871
US-MI-26135,MI,Oscoda,582517091,144168993,37453935,764140019,5315,283156129,106198122,54703888,444058139,287,1208198158
US-MN-27013,MN,Blue Earth,4124710424,1504878314,410738373,6040327111,24680,7459131799,2481855535,1331376215,11272363549,3278,17312690660
US-TN-47063,TN,Hamblen,3518382552,1231416939,345047215,5094846706,25483,5057017888,2128545492,987468022,8173031402,2205,13267878108
US-MS-28005,MS,Amite,455588949,148513254,39777261,643879464,5970,194238533,84446047,34830927,313515507,259,957394971
US-ND-38005,ND,Benson,159520297,52409495,14269411,226199203,2105,594852765,136631321,171221128,902705214,114,1128904417
US-MO-29201,MO,Scott,1703705649,588277544,166226686,2458209879,15563,2552864059,1034793991,476906728,4064564778,1610,6522774657
US-TX-48019,TX,Bandera,1495673360,477160596,125892820,2098726776,9294,611196972,166006513,141955570,919159055,625,3017885831
US-AL-01053,AL,Escambia,1352139911,439569798,120259340,1911969049,14156,2483430763,794476368,601544163,3879451294,1240,5791420343
US-PA-42093,PA,Montour,1205006893,421835613,119233753,1746076259,7481,2299685978,811041806,501618044,3612345828,755,5358422087
US-TX-48125,TX,Dickens,53714804,16266668,4350048,74331520,891,20983158,7016461,3441551,31441170,48,105772690
US-WI-55131,WI,Washington,12449796788,4690920121,1233425583,18374142492,51507,11529982626,4303647979,2058903919,17892534524,5715,36266677016
US-MI-26063,MI,Huron,1923107969,602877049,158796392,2684781410,15961,2022207532,842998933,402252993,3267459458,1419,5952240868
US-TX-48301,TX,Loving,3274875,782546,316784,4374205,46,58372643,25749163,6914336,91036142,16,95410347
US-OR-41039,OR,Lane,31073656965,10547218780,3045663956,44666539701,149073,30226073708,9638891524,5622983210,45487948442,16869,90154488143
US-WV-54019,WV,Fayette,1514110255,526226125,142510204,2182846584,16518,1468032514,462471990,319989903,2250494407,1083,4433340991
US-IN-18031,IN,Decatur,1602547790,575219884,155334824,2333102498,10368,2210956635,959086370,424637636,3594680641,1039,5927783139
US-VA-51840,VA,Winchester city,1790048079,557096474,175839338,2522983891,11372,5198577283,1599832416,885185349,7683595048,2352,10206578939
US-IL-17195,IL,Whiteside,2111376152,779140493,209848845,3100365490,23277,3923120367,1553324843,732772144,6209217354,1851,9309582844
US-AK-02185,AK,North Slope,349091792,105746076,32612406,487450274,2352,995289676,282059185,225633388,1502982249,237,1990432523
US-IA-19075,IA,Grundy,781531784,288901554,76044860,1146478198,4934,461235585,171042813,79706120,711984518,459,1858462716
US-TX-48369,TX,Parmer,313864833,109103508,30240380,453208721,3438,680400680,335034325,131972356,1147407361,319,1600616082
US-PA-42095,PA,Northampton,23100872015,8242165956,2270491840,33613529811,116901,32383678366,10431216939,5591489730,48406385035,10809,82019914846
US-VA-51700,VA,Newport News city,8626940152,3146605290,898871679,12672417121,69450,19848019254,7395021679,3762354927,31005395860,7619,43677812981
US-OK-40149,OK,Washita,430510472,142589815,39345841,612446128,4487,181844306,69537092,31220025,282601423,316,895047551
US-GA-13309,GA,Wheeler,110103941,32670442,9010131,151784514,1893,21016400,6485417,2963594,30465411,64,182249925
US-KY-21099,KY,Hart,743238593,245371157,67696580,1056306330,7538,781717305,369145649,168166835,1319029789,425,2375336119
US-WI-55051,WI,Iron,548819759,150124735,38839133,737783627,3937,272539330,89010123,60256492,421805945,280,1159589572
US-TX-48049,TX,Brown,1587635971,538560258,145888239,2272084468,15629,2580401260,906991088,464982697,3952375045,1409,6224459513
US-WI-55039,WI,Fond du Lac,6375318537,2381522462,636203100,9393044099,39434,8779582937,3184109088,1535774588,13499466613,3880,22892510712
US-MO-29035,MO,Carter,247546259,73878262,21024468,342448989,2310,157628019,70293513,32519807,260441339,227,602890328
US-MN-27165,MN,Watonwan,511080132,187297004,49398730,747775866,4176,797357401,329075034,152498593,1278931028,446,2026706894
US-WI-55071,WI,Manitowoc,4786446630,1765752452,470595253,7022794335,33451,5976112480,2440637987,1141579965,9558330432,2856,16581124767
US-IA-19129,IA,Mills,1043661533,370095543,97703855,1511460931,5382,388203886,127039610,74171817,589415313,486,2100876244
US-IL-17097,IL,Lake,46278940705,17297848870,4601001279,68177790854,236183,73878056960,23764421060,12919804407,110562282427,32912,178740073281
US-AL-01103,AL,Morgan,7135184359,2582879197,694991961,10413055517,47811,7501992266,2989448421,1422904423,11914345110,4502,22327400627
US-IA-19113,IA,Linn,13867579240,5234124848,1379957669,20481661757,86582,21982354355,7494969625,3907613732,33384937712,9917,53866599469
US-NC-37073,NC,Gates,460389878,159804637,42346739,662541254,4171,129284087,51432517,24570954,205287558,179,867828812
US-LA-22125,LA,West Feliciana,782667130,237670968,65394005,1085732103,4237,442909779,144015802,95930352,682855933,320,1768588036
US-AL-01021,AL,Chilton,1857498604,641926345,175119779,2674544728,17440,1232285938,481992147,229536053,1943814138,1217,4618358866
US-MO-29125,MO,Maries,546432811,177458183,49029763,772920757,3726,182880212,75188254,32300706,290369172,200,1063289929
US-IN-18039,IN,Elkhart,10345906711,3743375577,1002878159,15092160447,69324,27762779978,13283593430,5472256432,46518629840,8538,61610790287
US-CO-08125,CO,Yuma,545733576,188925520,52947648,787606744,4021,426479623,149214309,84121458,659815390,541,1447422134
US-NM-35011,NM,De Baca,108438652,26666745,7991539,143096936,937,33571497,10332694,5366530,49270721,64,192367657
US-OK-40055,OK,Greer,209260916,69004147,18860445,297125508,2280,66147146,26399151,13010786,105557083,110,402682591
US-NY-36103,NY,Suffolk,113742296186,40736685716,10756194759,165235176661,503026,141622426605,48514730774,25825297649,215962455028,77481,381197631689
US-VA-51095,VA,James City,7688139587,2823641369,740921180,11252702136,30252,7852232075,2055399341,1442924592,11350556008,3012,22603258144
US-TN-47047,TN,Fayette,3927164986,1399881690,375395867,5702442543,16479,1510148072,562994068,259191331,2332333471,1048,8034776014
US-KS-20209,KS,Wyandotte,7014506774,2476130970,697958245,10188595989,60631,13541872112,5077739264,2375370382,20994981758,5226,31183577747
US-ID-16085,ID,Valley,3329553312,556266209,148660513,4034480034,7760,1877390873,454018770,450612539,2782022182,1035,6816502216
US-PR-72043,PR,Coamo,1124703243,398254144,106985547,1629942934,13867,1564501916,581256343,238280904,2384039163,66,4013982097
US-VA-51530,VA,Buena Vista city,267677758,89034637,26615738,383328133,2860,280108796,135123645,57549145,472781586,163,856109719
US-GA-13143,GA,Haralson,1677585415,580831139,161765491,2420182045,11887,1017100450,429235086,197796632,1644132168,782,4064314213
US-MI-26023,MI,Branch,2031179729,697387084,185531640,2914098453,17311,2602678055,1023033545,476127848,4101839448,1344,7015937901
US-IL-17107,IL,Logan,951180643,358963906,97913976,1408058525,10955,1905182395,606067189,298661746,2809911330,885,4217969855
US-VA-51710,VA,Norfolk city,12002783749,4148714143,1229711795,17381209687,89374,23070855853,6908461673,4137634994,34116952520,10220,51498162207
US-TX-48009,TX,Archer,466703476,166504413,43986120,677194009,3532,182711772,69087604,29698021,281497397,324,958691406
US-MO-29135,MO,Moniteau,782075982,280131363,76523830,1138731175,5750,439426349,179854140,81370659,700651148,486,1839382323
US-IN-18167,IN,Vigo,4583567012,1649148133,461398971,6694114116,42092,8090020729,2743468185,1454191540,12287680454,4198,18981794570
US-TX-48031,TX,Blanco,1317412366,420707916,117111042,1855231324,5408,388853465,129576343,73675625,592105433,624,2447336757
US-CA-06005,CA,Amador,3360462190,1135225473,307176927,4802864590,15774,2977528491,866087812,724536481,4568152784,1336,9371017374
US-NM-35007,NM,Colfax,888458379,221431442,62521727,1172411548,7206,1275499462,331573790,342328280,1949401532,585,3121813080
US-IA-19109,IA,Kossuth,754257326,274659884,74164063,1103081273,6478,1000792375,372978029,177615113,1551385517,833,2654466790
US-OH-39119,OH,Muskingum,4228615034,1479068280,411150480,6118833794,34281,5299442502,1872570097,945568488,8117581087,2832,14236414881
US-LA-22019,LA,Calcasieu,12357175377,4061736348,1114493320,17533405045,80922,16544543642,5181184385,3648551502,25374279529,7532,42907684574
US-OH-39069,OH,Henry,1448123318,531148500,141741850,2121013668,10879,1553593908,666653696,290087839,2510335443,891,4631349111
US-TN-47051,TN,Franklin,3000309499,1005143019,277901339,4283353857,17952,2977198521,974524489,478959302,4430682312,1137,8714036169
US-WA-53075,WA,Whitman,2451893481,825682785,237295051,3514871317,16325,3170305726,1017061640,592000442,4779367808,1722,8294239125
US-ND-38019,ND,Cavalier,200644521,65981992,17355807,283982320,1703,189000160,65049555,29300341,283350056,197,567332376
US-IL-17013,IL,Calhoun,202726534,53976585,13985930,270689049,1630,81131547,26523677,14012080,121667304,116,392356353
US-PR-72039,PR,Ciales,458775426,156318863,43204763,658299052,6337,701664545,262778220,107141947,1071584712,17,1729883764
US-NC-37077,NC,Granville,3540127979,1238750247,335360501,5114238727,22264,2923928178,1216337067,541702232,4681967477,1454,9796206204
US-MN-27061,MN,Itasca,3244114506,1067603498,276204138,4587922142,19511,2712430851,852975937,508253880,4073660668,1792,8661582810
US-TX-48459,TX,Upshur,1860532316,644178454,174989550,2679700320,15677,827989884,301642708,155824291,1285456883,833,3965157203
US-TX-48331,TX,Milam,1205251597,414128240,113177457,1732557294,10308,617532932,208199455,115113422,940845809,675,2673403103
US-KY-21109,KY,Jackson,436766670,153421969,40246314,630434953,4955,130348140,49821649,26106411,206276200,170,836711153
US-IL-17051,IL,Fayette,657496429,236563294,63522771,957582494,7901,953156867,359132636,181146806,1493436309,701,2451018803
US-MN-27003,MN,Anoka,29345974609,11255921388,2926379167,43528275164,122269,25923373501,9160052982,4480572431,39563998914,13032,83092274078
US-MN-27073,MN,Lac qui Parle,363461844,129393481,33849893,526705218,2947,315160160,119536213,54542483,489238856,304,1015944074
US-AR-05065,AR,Izard,582348788,180555092,50373778,813277658,5722,286154626,114556029,57027311,457737966,329,1271015624
US-NM-35061,NM,Valencia,3877018042,1335940454,356549984,5569508480,25815,1819015444,691353479,346063814,2856432737,1458,8425941217
US-WV-54041,WV,Lewis,754894695,256789783,70668044,1082352522,7008,894249804,287651744,202525657,1384427205,555,2466779727
US-PR-72083,PR,Las Marías,233072519,76937764,20757607,330767890,3279,384600531,144149828,58750039,587500398,17,918268288
US-TN-47087,TN,Jackson,521072908,174109650,46022867,741205425,4801,162165086,70346222,32822345,265333653,185,1006539078
US-KY-21101,KY,Henderson,2211611477,779200592,219362224,3210174293,18187,2901396800,1168004338,540483446,4609884584,1652,7820058877
US-NE-31017,NE,Brown,120118855,39169182,10656594,169944631,1364,136892809,50772750,23899041,211564600,212,381509231
US-TN-47093,TN,Knox,35479347489,12775478463,3483531562,51738357514,182678,42978310895,12937074739,7487469455,63402855089,21490,115141212603
US-IA-19147,IA,Palo Alto,409376736,143334987,38611623,591323346,3905,601785192,214278936,135902916,951967044,429,1543290390
US-PA-42075,PA,Lebanon,8874429681,3122111403,870495000,12867036084,55015,10762635612,4053312068,1865480912,16681428592,4517,29548464676
US-AZ-04013,AZ,Maricopa,353082645654,124831215240,34322005231,512235866125,1570320,411814497264,119178897217,72408722203,603402116684,183170,1115637982809
US-NE-31037,NE,Colfax,389498300,139180669,38000601,566679570,3645,396291448,127842927,55208886,579343261,389,1146022831
US-OK-40097,OK,Mayes,2050093478,676632981,186652442,2913378901,15762,1696922034,706442617,335821127,2739185778,1297,5652564679
US-NE-31097,NE,Johnson,204439674,68341884,19327158,292108716,1895,123785293,50012288,22779556,196577137,167,488685853
US-MA-25005,MA,Bristol,48990958616,16596135847,4773669746,70360764209,220755,49729435205,16818720780,8626835801,75174991786,22647,145535755995
US-OK-40139,OK,Texas,813756951,264978447,74054276,1152789674,7092,1407015095,551483548,278749199,2237247842,734,3390037516
US-MN-27007,MN,Beltrami,2737348126,934483536,253039963,3924871625,17624,3593806334,1144287496,719591333,5457685163,1947,9382556788
US-NE-31059,NE,Fillmore,284164401,101818355,27189188,413171944,2424,277980813,108224908,47293114,433498835,330,846670779
US-WY-56043,WY,Washakie,578699187,196306166,54664949,829670302,3506,445383060,163897320,88802972,698083352,489,1527753654
US-MO-29051,MO,Cole,4875085590,1694525204,476230015,7045840809,30512,6738837169,2098552908,1207376733,10044766810,3532,17090607619
US-OK-40137,OK,Stephens,1998147780,684097137,188046816,2870291733,17960,1953629339,710108935,353231903,3016970177,1647,5887261910
US-TX-48477,TX,Washington,2691127024,920953254,253052258,3865132536,15497,2378603641,890218631,449950849,3718773121,1555,7583905657
US-KY-21033,KY,Caldwell,510656093,174463902,48620307,733740302,5517,525796478,221313084,100940781,848050343,422,1581790645
US-VA-51011,VA,Appomattox,842151901,299359244,80478517,1221989662,6760,468720722,160824894,85142727,714688343,477,1936678005
US-AK-02282,AK,Yakutat City and,41727873,9578244,2884669,54190786,294,44925799,13581985,11668288,70176072,37,124366858
US-NC-37067,NC,Forsyth,22340246521,8101022235,2210533274,32651802030,148651,37061208715,11020316614,6073662163,54155187492,15988,86806989522
US-IN-18091,IN,LaPorte,6346999588,2245601441,606299782,9198900811,43400,6711614652,2505628084,1345401484,10562644220,3754,19761545031
US-KS-20009,KS,Barton,1044873022,349251654,98950940,1493075616,11087,1441601444,529696978,273706141,2245004563,1303,3738080179
US-NC-37061,NC,Duplin,1765708649,599562572,164696580,2529967801,21041,2159191942,987968354,430886791,3578047087,1332,6108014888
US-SD-46063,SD,Harding,73383371,20825586,5880677,100089634,569,26146180,9313817,5648135,41108132,50,141197766
US-TX-48041,TX,Brazos,12608698792,4109100494,1238748111,17956547397,86019,15497992091,4592177062,2809809782,22899978935,8574,40856526332
US-IN-18007,IN,Benton,413240902,151830662,40453161,605524725,3454,217955258,90021148,37988395,345964801,251,951489526
US-IA-19047,IA,Crawford,714391073,257822424,69646139,1041859636,6147,909987213,376230936,170762505,1456980654,644,2498840290
US-WV-54031,WV,Hardy,895596482,281155013,74501452,1251252947,6621,1101084733,519087243,238958339,1859130315,436,3110383262
US-GA-13231,GA,Pike,1314666298,467143836,124138560,1905948694,6693,301774646,96035969,46626568,444437183,455,2350385877
US-NC-37197,NC,Yadkin,1895170152,663508653,177772455,2736451260,15188,1428017525,581366092,286227607,2295611224,960,5032062484
US-NY-36119,NY,Westchester,62348730101,22855278568,6311159888,91515168557,325539,110790658222,30037099363,17548131136,158375888721,52055,249891057278
US-CO-08103,CO,Rio Blanco,442586669,142913315,39093251,624593235,2750,303424709,96448499,68210221,468083429,290,1092676664
US-IA-19015,IA,Boone,1717396999,640424432,167160115,2524981546,10413,1219649384,395986826,203139566,1818775776,946,4343757322
US-WA-53043,WA,Lincoln,796018331,257218841,69873002,1123110174,4870,319941536,108890375,54364745,483196656,417,1606306830
US-GA-13261,GA,Sumter,942713156,309242401,90629373,1342584930,11829,1550959520,542301147,303540931,2396801598,1087,3739386528
US-OK-40041,OK,Delaware,2351982003,687104561,187772661,3226859225,19182,2423226131,652384165,560465194,3636075490,1259,6862934715
US-LA-22095,LA,St. John the Baptist,2367322525,806514886,217595101,3391432512,15904,1978485300,742037379,354496886,3075019565,1082,6466452077
US-TX-48003,TX,Andrews,795185405,289758779,78798871,1163743055,6499,677063892,223290960,120828165,1021183017,605,2184926072
US-TN-47067,TN,Hancock,271705106,85924423,23661472,381291001,2988,49828639,18539929,10162104,78530672,96,459821673
US-CA-06007,CA,Butte,13199731428,4298315077,1265409973,18763456478,77802,16446097114,5063877544,3016144018,24526118676,7838,43289575154
US-NV-32031,NV,Washoe,43002626921,14758283437,4159651962,61920562320,180022,58606828099,16971631309,11587265630,87165725038,24219,149086287358
US-OR-41009,OR,Columbia,4641220001,1595653405,444286457,6681159863,20124,1787836534,672498262,348673693,2809008489,1497,9490168352
US-NC-37015,NC,Bertie,554834015,182762847,49478504,787075366,7684,760618994,330528488,141361771,1232509253,428,2019584619
US-TX-48165,TX,Gaines,850210054,299261623,82120871,1231592548,6965,763673673,250821644,129713573,1144208890,728,2375801438
US-NM-35055,NM,Taos,4155403253,1213480760,328586930,5697470943,16414,3102623512,767505095,693084179,4563212786,1686,10260683729
US-KY-21155,KY,Marion,943326115,339054060,90767894,1373148069,7453,1263500289,619279889,264208737,2146988915,558,3520136984
US-NJ-34001,NJ,Atlantic,16150515627,5551586882,1512162841,23214265350,107109,58973020108,14753886785,15250018067,88976924960,10566,112191190310
US-NH-33007,NH,Coos,1852585709,558958582,151597313,2563141604,15728,3498178699,966327804,847142054,5311648557,1329,7874790161
US-TX-48101,TX,Cottle,45786323,13653090,3653008,63092421,768,12195844,3878445,1959016,18033305,40,81125726
US-MD-24023,MD,Garrett,2078093136,642041646,168953552,2889088334,14230,2209121410,687949989,390742385,3287813784,1412,6176902118
US-VA-51810,VA,Virginia Beach city,34719115546,12488592186,3446775817,50654483549,171112,36903012706,10256810131,6923537299,54083360136,20404,104737843685
US-OK-40069,OK,Johnston,367960769,122304810,34359622,524625201,4204,207357626,88114564,42125795,337597985,247,862223186
US-GA-13197,GA,Marion,242712484,84678472,22166444,349557400,2886,116289155,44293474,18940870,179523499,149,529080899
US-TX-48061,TX,Cameron,11594263301,4177216852,1152143680,16923623833,138671,19558562226,6399565579,3765062744,29723190549,11224,46646814382
US-NE-31181,NE,Webster,149774020,52919423,14195348,216888791,1584,96492769,34738772,17217361,148448902,134,365337693
US-WV-54047,WV,McDowell,423601982,134325354,36009094,593936430,7510,316630340,113017914,66965747,496614001,293,1090550431
US-IA-19011,IA,Benton,1722275184,627065559,165641154,2514981897,9972,751561327,295052679,135701347,1182315353,825,3697297250
US-ID-16053,ID,Jerome,1606711687,561322021,155143553,2323177261,8240,1416025998,594626028,262063642,2272715668,923,4595892929
US-NJ-34013,NJ,Essex,56533529419,18083410679,5567219390,80184159488,287802,86658396747,24399748834,13654117368,124712262949,34397,204896422437
US-MN-27063,MN,Jackson,530506979,197377290,51727769,779612038,4293,733290829,311838426,134926077,1180055332,450,1959667370
US-GA-13311,GA,White,1997895530,628364165,168955036,2795214731,11417,1690200637,498394112,341456795,2530051544,1091,5325266275
US-MN-27169,MN,Winona,2998632160,1114686303,299096249,4412414712,18672,5731184132,1915494135,953875847,8600554114,1943,13012968826
US-NC-37109,NC,Lincoln,6721647399,2387966662,643491721,9753105782,35478,3865458966,1450727375,673021584,5989207925,3064,15742313707
US-UT-49027,UT,Millard,802449112,271609663,74176248,1148235023,4462,570304206,235015157,123641538,928960901,440,2077195924
US-NC-37047,NC,Columbus,1781324634,584174947,161432047,2526931628,20205,1869743864,732628989,387370225,2989743078,1564,5516674706
US-IA-19039,IA,Clarke,482309016,175796645,47699441,705805102,3780,893663254,338913552,204654814,1437231620,306,2143036722
US-MO-29143,MO,New Madrid,606967851,204331263,59255570,870554684,7392,1001337164,435013130,198937870,1635288164,662,2505842848
US-TX-48375,TX,Potter,3807217341,1336063234,382218443,5525499018,43922,10750410143,3671098264,2116112928,16537621335,5718,22063120353
US-OH-39021,OH,Champaign,2221705296,792725007,215754094,3230184397,15496,1697168508,733255570,321999460,2752423538,914,5982607935
US-NE-31135,NE,Perkins,153448938,53816038,14484018,221748994,1205,114763576,43033309,20006956,177803841,171,399552835
US-GA-13127,GA,Glynn,6242165012,2029194055,563851137,8835210204,36552,8407346813,2412259243,1909083924,12728689980,4454,21563900184
US-IL-17057,IL,Fulton,1107629567,408333934,109151599,1625115100,14257,1302757017,455151308,240741510,1998649835,946,3623764935
US-SD-46045,SD,Edmunds,243964837,81990901,22306847,348262585,1672,126426244,52473492,22880768,201780504,178,550043089
US-OH-39117,OH,Morrow,2063960430,746378889,198983620,3009322939,13240,1047877067,358235424,210858355,1616970846,684,4626293785
US-TX-48409,TX,San Patricio,3112940741,1026926305,288762692,4428629738,26080,2980517165,1084332806,609685745,4674535716,1864,9103165454
US-PR-72059,PR,Guayanilla,487430742,165459157,45546945,698436844,7289,780405620,297152212,119681728,1197239560,9,1895676404
US-TX-48047,TX,Brooks,200218556,66740047,19448483,286407086,3460,177969840,58424511,40246915,276641266,171,563048352
US-HI-15005,HI,Kalawao,19153780,607621,528674,20290075,65,14970123,5757740,2303096,23030959,11,43321034
US-WV-54007,WV,Braxton,457507119,142590725,38875581,638973425,5078,435627410,167071108,95227588,697926106,361,1336899531
US-IA-19091,IA,Humboldt,511982097,189732783,50803604,752518484,4085,493919695,210344964,88877451,793142110,488,1545660594
US-KS-20013,KS,Brown,387285305,134687052,36551444,558523801,3953,651887312,230754058,115484880,998126250,424,1556650051
US-GA-13009,GA,Baldwin,1787994659,574846182,162071798,2524912639,17024,2336652838,804556523,476511882,3617721243,1474,6142633882
US-PR-72003,PR,Aguada,1188907335,378445296,104794035,1672146666,14514,1649776166,626604695,252819006,2529199867,35,4201346533
US-MO-29213,MO,Taney,3211072273,1035271465,280594276,4526938014,22848,8811763247,2161958403,2029453181,13003174831,3210,17530112845
US-LA-22007,LA,Assumption,903684521,307266702,80630535,1291581758,8368,308787275,127458806,54748389,490994470,368,1782576228
US-CA-06003,CA,Alpine,221785379,37596938,9960596,269342913,948,383273642,68130580,63833173,515237395,64,784580308
US-SC-45087,SC,Union,869257449,314540522,85434920,1269232891,11906,995926918,421360115,174048379,1591335412,670,2860568303
US-VA-51029,VA,Buckingham,662648207,221786907,60336539,944771653,6366,289895989,95850457,44970043,430716489,335,1375488142
US-KY-21111,KY,Jefferson,51714339665,18390434427,5131499286,75236273378,310647,86683313252,28482326699,14844365359,130010005310,36090,205246278688
US-CA-06013,CA,Contra Costa,120056518186,41962633610,11758635095,173777786891,371316,88791756598,25061777193,14984587733,128838121524,42412,302615908415
US-MS-28027,MS,Coahoma,620740313,215615516,63340450,899696279,9307,1069601641,332210438,215583724,1617395803,890,2517092082
US-TX-48051,TX,Burleson,923565907,309592291,82374525,1315532723,7913,513347939,187758927,94019577,795126443,523,2110659166
US-IL-17009,IL,Brown,198021764,71476861,19272252,288770877,2029,920065722,388863653,119425779,1428355154,169,1717126031
US-OR-41017,OR,Deschutes,27808827401,8996276133,2528578582,39333682116,84708,19536853612,5746196487,3864065636,29147115735,12798,68480797851
US-TN-47133,TN,Overton,1202881956,412380198,111775277,1727037431,9216,708855101,305997734,144819513,1159672348,549,2886709779
US-KY-21027,KY,Breckinridge,957703370,295491235,78302502,1331497107,8403,382458389,142876143,68921366,594255898,448,1925753005
US-NC-37143,NC,Perquimans,819932915,260693245,72228427,1152854587,5986,223497823,82174933,37116700,342789456,281,1495644043
US-TX-48405,TX,San Augustine,228321607,65198079,17660376,311180062,3632,123954344,47957000,23688057,195599401,200,506779463
US-MT-30037,MT,Golden Valley,65602130,20321050,5538894,91462074,398,149679,10813,3910,164402,8,91626476
US-IA-19157,IA,Poweshiek,1135071715,388985360,107958279,1632015354,7909,2573877822,785488854,373018855,3732385531,888,5364400885
US-VA-51041,VA,Chesterfield,27639450684,10397696720,2749222570,40786369974,130337,24371819231,8030248887,4348123820,36750191938,13285,77536561912
US-AR-05051,AR,Garland,5822202633,1944882476,538176019,8305261128,44591,6636920948,2015121769,1308370137,9960412854,4662,18265673982
US-NE-31051,NE,Dixon,280058042,98665766,26865321,405589129,2308,80893828,25107121,11930126,117931075,160,523520204
US-VA-51683,VA,Manassas city,3100910761,1167532241,312214200,4580657202,12989,3500869304,1064256518,617026064,5182151886,2412,9762809088
US-NM-35033,NM,Mora,211690170,64007772,16455951,292153893,2109,35647261,13078068,7056776,55782105,63,347935998
US-TN-47101,TN,Lewis,587778792,205771853,55400778,848951423,4988,424065160,180300695,80633475,684999330,365,1533950753
US-PR-72065,PR,Hatillo,1422464200,475455320,130232187,2028151707,14734,1630212445,613275021,249260065,2492747531,59,4520899238
US-UT-49055,UT,Wayne,343813174,93753430,26126140,463692744,1372,269182660,72059724,72944037,414186421,161,877879165
US-NY-36085,NY,Richmond,38064397383,12771560245,3621156746,54457114374,165382,29448501930,8830537631,4846351204,43125390765,15096,97582505139
US-GA-13051,GA,Chatham,19710779475,6578435908,1897032173,28186247556,119530,33268615025,10612518391,6167646138,50048779554,15379,78235027110
US-KS-20115,KS,Marion,512558251,177251548,47605635,737415434,4970,659556197,192105811,97578120,949240128,423,1686655562
US-NY-36023,NY,Cortland,1434436703,536736686,147152646,2118326035,18452,4723865434,1486423424,1036960472,7247249330,1634,9365575365
US-NE-31157,NE,Scotts Bluff,1915523525,676018901,188943573,2780485999,15070,2313610379,772292613,447620555,3533523547,1651,6314009546
US-TN-47057,TN,Grainger,1211124614,402942766,107273847,1721341227,9554,584308822,268251555,111929236,964489613,410,2685830840
US-MI-26093,MI,Livingston,17933349428,6828013831,1755402932,26516766191,69706,10927569669,3916696626,1985322008,16829588303,7005,43346354494
US-MS-28115,MS,Pontotoc,1342122108,440211456,122281904,1904615468,12551,2252375521,1164059954,457404321,3873839796,835,5778455264
US-CA-06103,CA,Tehama,3451223735,1155278278,327339449,4933841462,23664,4210235845,1409301024,908569670,6528106539,1653,11461948001
US-KY-21021,KY,Boyle,1817881315,625199937,175716687,2618797939,11910,2758461469,934561470,468104844,4161127783,1261,6779925722
US-WI-55069,WI,Lincoln,1943900552,652945644,172957833,2769804029,13156,1796189460,682969952,329383346,2808542758,1107,5578346787
US-MD-24013,MD,Carroll,15484030734,5806437085,1523693681,22814161500,59887,10917866261,3577575976,1860708053,16356150290,6530,39170311790
US-NV-32510,NV,Carson City,4649190342,1646685959,458335454,6754211755,21481,5625010067,1695038092,1089396905,8409445064,3214,15163656819
US-OK-40101,OK,Muskogee,2742361418,958572631,267559081,3968493130,25899,3821711623,1404936007,726828626,5953476256,2216,9921969386
US-SC-45029,SC,Colleton,1508959818,486105502,131690141,2126755461,16481,1222147351,418127123,250587920,1890862394,1183,4017617855
US-LA-22035,LA,East Carroll,195582682,60424594,17482297,273489573,2971,168419928,65321538,28161494,261902960,160,535392533
US-PR-72093,PR,Maricao,173735302,55870750,15136388,244742440,2132,245625998,92814278,37604475,376044751,7,620787191
US-NC-37151,NC,Randolph,6599959995,2359029552,641940695,9600930242,56504,7238946518,3069196054,1402902143,11711044715,4268,21311974957
US-LA-22009,LA,Avoyelles,1487911295,474961716,134376164,2097249175,16227,2047713594,586314398,491694902,3125722894,1068,5222972069
US-MI-26121,MI,Muskegon,9245498225,3368471360,891596454,13505566039,64547,10239158149,4059694213,2006073706,16304926068,5196,29810492107
US-NC-37053,NC,Currituck,3335990613,1033300720,269338633,4638629966,13438,981298911,271684171,158654252,1411637334,1069,6050267300
US-LA-22033,LA,East Baton Rouge,28558237604,9751380476,2726819781,41036437861,172984,40744940886,11660315207,7070576720,59475832813,21481,100512270674
US-NC-37193,NC,Wilkes,3083912140,1059426909,286720874,4430059923,27737,3199181814,1292433039,631962688,5123577541,1819,9553637464
US-PR-72127,PR,San Juan,12487704749,4435004419,1255266629,18177975797,142377,22313781768,7243074442,3238809174,32795665384,3157,50973641181
US-TX-48359,TX,Oldham,70604545,22334813,6363366,99302724,708,64799131,23614088,14564169,102977388,59,202280112
US-TX-48271,TX,Kinney,94590711,30712651,8495574,133798936,1354,43737270,9446420,4159134,57342824,39,191141760
US-MT-30051,MT,Liberty,64027059,22424741,6158379,92610179,677,59210210,17306475,9454811,85971496,105,178581675
US-AL-01013,AL,Butler,645531788,204690130,56801316,907023234,8148,891785234,350427349,181626974,1423839557,711,2330862791
US-GA-13169,GA,Jones,1337369699,485864912,127560086,1950794697,10523,378513464,121485284,67881361,567880109,531,2518674806
US-VA-51081,VA,Greensville,347441037,110817309,30868118,489126464,3465,488893725,222956053,95784398,807634176,140,1296760640
US-WV-54065,WV,Morgan,1439073632,475868216,125627623,2040569471,7646,433158061,141181892,92010068,666350021,359,2706919492
US-UT-49011,UT,Davis,33727611313,12385789224,3313942053,49427342590,107074,20389836525,6800709771,3647460527,30838006823,13451,80265349413
US-TN-47169,TN,Trousdale,674996991,233178578,64810001,972985570,3516,226893887,82730745,43664760,353289392,198,1326274962
US-ID-16021,ID,Boundary,1239559265,418334279,113917577,1771811121,4887,466116343,183080479,89427315,738624137,597,2510435258
US-TX-48465,TX,Val Verde,1788348317,628702885,176587201,2593638403,17214,2001495400,677799056,397897803,3077192259,1291,5670830662
US-LA-22023,LA,Cameron,352041276,94629877,24048354,470719507,2438,381445038,146247377,64395023,592087438,182,1062806945
US-MS-28113,MS,Pike,1392896062,458712319,127512436,1979120817,16292,2127271058,850665617,407858724,3385795399,1506,5364916216
US-WY-56025,WY,Natrona,6853844130,2435451552,653281259,9942576941,31619,5970925593,1894125202,1120978978,8986029773,4669,18928606714
US-WY-56029,WY,Park,4056250679,1354037280,376122385,5786410344,13467,2771399218,774550047,637368535,4183317800,1937,9969728144
US-WV-54089,WV,Summers,603812909,191108335,51369439,846290683,5383,204855053,73943555,37889503,316688111,237,1162978794
US-ND-38077,ND,Richland,895001819,341404566,88881509,1325287894,6058,1558979173,532785072,332416941,2424181186,879,3749469080
US-MO-29187,MO,St. Francois,2877859420,996667569,271137241,4145664230,24337,3005440143,1076913306,582410095,4664763544,2474,8810427774
US-TN-47033,TN,Crockett,585091931,200379202,56954709,842425842,5713,338383682,134055109,59292382,531731173,391,1374157015
US-FL-12125,FL,Union,366143561,125487621,33895099,525526281,4158,222247264,94540779,38469369,355257412,197,880783693
US-AL-01099,AL,Monroe,766394769,238247728,65960204,1070602701,8392,814286957,337827869,147495297,1299610123,622,2370212824
US-TX-48163,TX,Frio,416205298,138843644,39378366,594427308,5604,958734816,288556063,212417880,1459708759,459,2054136067
US-IA-19195,IA,Worth,400499801,147210165,39161806,586871772,3150,489999240,148497525,89822767,728319532,264,1315191304
US-KY-21179,KY,Nelson,3278596283,1179334502,319558740,4777489525,18419,2676061507,1199997964,524921608,4400981079,1606,9178470604
US-MD-24027,MD,Howard,31850892718,12188761187,3191370654,47231024559,104299,41105758072,11388298507,6812212801,59306269380,17004,106537293939
US-IA-19067,IA,Floyd,751710117,273662843,74185273,1099558233,6583,871402985,355686174,163033359,1390122518,606,2489680751
US-MA-25025,MA,Suffolk,63281326680,17444008394,5988270492,86713605566,285637,214371505910,51393219653,34762332437,300527058000,41752,387240663566
US-OK-40059,OK,Harper,124575286,39002995,10662898,174241179,1429,73329733,25457910,12490173,111277816,135,285518995
US-CO-08075,CO,Logan,1144033091,405340016,112891973,1662265080,8063,865748415,319422899,166463510,1351634824,871,3013899904
US-PR-72129,PR,San Lorenzo,1307038289,453192058,126074225,1886304572,15152,1540728334,587423178,236275638,2364427150,26,4250731722
US-IN-18095,IN,Madison,6359479493,2222007704,619409834,9200897031,53872,6827319275,2284575238,1137200843,10249095356,3835,19449992387
US-ND-38021,ND,Dickey,300149908,101725184,27393598,429268690,2030,276579340,98602552,53372801,428554693,317,857823383
US-MN-27037,MN,Dakota,38031730041,14672213419,3821819731,56525763191,150861,40654128553,12877458565,6866102512,60397689630,17720,116923452821
US-SD-46085,SD,Lyman,174620633,54601414,15179244,244401291,1315,185350613,52345515,47313184,285009312,119,529410603
US-ID-16059,ID,Lemhi,800879516,243154256,65609741,1109643513,3703,435978776,134799820,94895023,665673619,485,1775317132
US-OK-40073,OK,Kingfisher,858875881,292100098,80474659,1231450638,5708,749910453,286777613,137141655,1173829721,693,2405280359
US-TX-48141,TX,El Paso,31987944075,11766752343,3248586633,47003283051,289089,42351303663,13996431201,7906906862,64254641726,27805,111257924777
US-NC-37171,NC,Surry,3368805675,1184633324,319464715,4872903714,29704,3899622894,1497387584,760430600,6157441078,2603,11030344792
US-ND-38049,ND,McHenry,300591144,101476357,26996103,429063604,2355,222860066,104461172,41832146,369153384,213,798216988
US-IL-17055,IL,Franklin,1092328453,396013217,108215757,1596557427,16793,1303924949,467980322,236921610,2008826881,1065,3605384308
US-NC-37117,NC,Martin,787146994,267971412,74906321,1130024727,9980,781843710,297547602,155153065,1234544377,662,2364569104
US-TX-48479,TX,Webb,8931711008,3243953664,898285638,13073950310,77782,13927284468,4918326316,2475321254,21320932038,9826,34394882348
US-KY-21183,KY,Ohio,829878274,292110238,79419793,1201408305,9023,1117092206,509136171,204653026,1830881403,559,3032289708
US-TX-48453,TX,Travis,117345728520,42602339965,11758688879,171706757364,484388,153529287136,39111973667,26355776652,218997037455,73361,390703794819
US-KY-21083,KY,Graves,1676906997,576668238,157828659,2411403894,14632,1471038112,620114627,283852875,2375005614,1069,4786409508
US-OH-39163,OH,Vinton,492422677,174930168,46760122,714112967,5127,262237159,113588850,51901432,427727441,206,1141840408
US-KS-20003,KS,Anderson,417952963,150714785,40646127,609313875,3281,184475791,72776429,35146067,292398287,289,901712162
US-WV-54099,WV,Wayne,1669824922,574737681,155631840,2400194443,15739,960155078,362142389,184968723,1507266190,695,3907460633
US-MO-29127,MO,Marion,1447127653,497227713,138901881,2083257247,11600,2123211960,707384231,391855072,3222451263,1303,5305708510
US-NE-31165,NE,Sioux,61555170,16320782,5024263,82900215,584,4639750,1555898,734382,6930030,22,89830245
US-MO-29203,MO,Shannon,382921543,127497335,34069857,544488735,2992,278357497,113545831,65950059,457853387,230,1002342122
US-IN-18121,IN,Parke,750671744,251360345,66686428,1068718517,6355,370990091,135227488,66559054,572776633,443,1641495150
US-TN-47135,TN,Perry,336106492,92600599,25458502,454165593,3737,227895985,111379891,46634236,385910112,179,840075705
US-KS-20155,KS,Reno,2622068656,940864331,260155944,3823088931,25495,3771508932,1340918362,687286175,5799713469,2570,9622802400
US-TX-48215,TX,Hidalgo,23413659315,8355146772,2307973898,34076779985,270230,38068204688,12486948891,6925028206,57480181785,22001,91556961770
US-TX-48455,TX,Trinity,510948955,156941697,42333767,710224419,6584,390161958,113822712,60095830,564080500,292,1274304919
US-VT-50017,VT,Orange,2530486377,864338586,231803762,3626628725,13034,1320724393,406694252,226148164,1953566809,1041,5580195534
US-TN-47073,TN,Hawkins,2951124224,1027543029,271349040,4250016293,22933,1683302781,775524484,338350561,2797177826,1039,7047194119
US-AL-01101,AL,Montgomery,10846445065,3753622704,1061568460,15661636229,92286,19442677467,6303614201,3592959051,29339250719,9959,45000886948
US-WI-55055,WI,Jefferson,6210946884,2272717522,611312313,9094976719,32060,7037586560,2611212925,1223596371,10872395856,3413,19967372575
US-TX-48427,TX,Starr,1458483088,511404496,139253027,2109140611,20389,1118023987,428906121,235223555,1782153663,967,3891294274
US-MI-26075,MI,Jackson,8618482409,3103250670,834157117,12555890196,60541,9604450283,3476466626,1795853126,14876770035,4963,27432660231
US-MI-26131,MI,Ontonagon,360794884,103079061,26797589,490671534,3877,191450321,62051842,45163041,298665204,236,789336738
US-GA-13193,GA,Macon,277161526,90968639,25748686,393878851,4509,298984813,126516950,58848816,484350579,276,878229430
US-MN-27097,MN,Morrison,2560592625,894211820,237874216,3692678661,13960,1758424124,626346025,321131061,2705901210,1440,6398579871
US-PA-42131,PA,Wyoming,1710628163,580329380,157731480,2448689023,11304,1655178859,686389082,323245812,2664813753,1016,5113502776
US-SD-46105,SD,Perkins,129665554,41707293,11096205,182469052,1346,114921311,45606331,20400104,180927746,189,363396798
US-IL-17099,IL,LaSalle,4802615895,1744354365,474194153,7021164413,45143,7642150462,2813567018,1456849874,11912567354,4102,18933731767
US-OK-40127,OK,Pushmataha,453264915,147068660,39979368,640312943,4737,243004250,94797374,51474342,389275966,303,1029588909
US-MI-26157,MI,Tuscola,2465764384,907349470,236627472,3609741326,20871,1659485672,637824618,312168936,2609479226,1292,6219220552
US-ND-38093,ND,Stutsman,1269642936,463789218,124994726,1858426880,8380,2021267291,604034985,344083411,2969385687,1086,4827812567
US-GA-13015,GA,Bartow,7170003089,2515312537,685482293,10370797919,40211,7272619433,2810520178,1412639923,11495779534,3693,21866577453
US-WV-54039,WV,Kanawha,8590480558,2990498457,818504371,12399483386,77465,12631755155,3952431700,2401387991,18985574846,7389,31385058232
US-MS-28009,MS,Benton,315390513,99989168,26447596,441827277,3347,166164929,73278783,26448201,265891913,90,707719190
US-MO-29227,MO,Worth,77123160,24808631,6695240,108627031,915,30678475,10236070,5116595,46031140,75,154658171
US-NC-37189,NC,Watauga,4749515728,1330978214,371757766,6452251708,24204,4372770796,1224464067,876713622,6473948485,2846,12926200193
US-TX-48499,TX,Wood,2501279400,840678127,225772923,3567730450,18669,1530003817,495327783,272549515,2297881115,1345,5865611565
US-OK-40077,OK,Latimer,333116898,109860521,30904221,473881640,4100,336364775,128234606,75097706,539697087,224,1013578727
US-NY-36083,NY,Rensselaer,6976482959,2510555852,694683126,10181721937,64459,13735694733,4128245374,2136436515,20000376622,5114,30182098559
US-OH-39165,OH,Warren,20030266727,7481869061,1972710536,29484846324,84402,16961737048,5623408401,3102517025,25687662474,8051,55172508798
US-WA-53003,WA,Asotin,1555473058,541051110,150124517,2246648685,9264,1153534163,399408875,236511345,1789454383,699,4036103068
US-KS-20205,KS,Wilson,316415918,105353692,28954849,450724459,3863,388273116,182433232,79843767,650550115,325,1101274574
US-SD-46089,SD,McPherson,78921274,26056956,6893037,111871267,1011,51143583,18542759,9018689,78705031,90,190576298
US-OH-39017,OH,Butler,23916653058,8631947929,2365437761,34914038748,138630,28599810349,10341981862,5041168743,43982960954,12832,78896999702
US-NE-31141,NE,Platte,2068804615,753872665,204873666,3027550946,12729,3016382102,1211083239,560355667,4787821008,1652,7815371954
US-LA-22037,LA,East Feliciana,1083781155,353136045,94092639,1531009839,6801,663126467,236502049,126756816,1026385332,394,2557395171
US-MO-29123,MO,Madison,606591332,196819468,53953183,857363983,4935,540274876,192822561,94724262,827821699,386,1685185682
US-MS-28117,MS,Prentiss,982316050,340898928,91813713,1415028691,9743,847665310,360314666,161653153,1369633129,747,2784661820
US-KY-21205,KY,Rowan,985873785,345862628,95581859,1427318272,9292,1292206517,486197144,261838014,2040241675,910,3467559947
US-GA-13101,GA,Echols,96698555,32082916,8619304,137400775,1241,12771898,5527346,1701793,20001037,35,157401812
US-AR-05141,AR,Van Buren,770659684,244135880,65232854,1080028418,7747,512332738,170722816,95738746,778794300,495,1858822718
US-TX-48045,TX,Briscoe,49461020,14548726,3956176,67965922,725,22719411,7684398,4403311,34807120,43,102773042
US-KY-21113,KY,Jessamine,3628877963,1239374774,352993089,5221245826,19850,3328881668,1029552233,512215869,4870649770,2010,10091895596
US-KY-21091,KY,Hancock,367325039,132220752,35360873,534906664,3396,716734344,374454956,141962504,1233151804,220,1768058468
US-VA-51137,VA,Orange,3076248011,1114839003,297846766,4488933780,14552,1504052727,542137971,279037063,2325227761,1123,6814161541
US-KY-21085,KY,Grayson,1376958754,425048320,116208790,1918215864,10887,960599047,412486751,191244871,1564330669,671,3482546533
US-MO-29019,MO,Boone,12077155802,4164215158,1195116372,17436487332,71491,15839438691,4877480701,2959996855,23676916247,8122,41113403579
US-GA-13049,GA,Charlton,333269671,114174893,30824902,478269466,4029,209218635,93626015,41702525,344547175,230,822816641
US-GA-13175,GA,Laurens,1774278336,575146901,164202473,2513627710,19593,2540516502,966367519,502852735,4009736756,1779,6523364466
US-HI-15007,HI,Kauai,8348078485,2456914718,716574226,11521567429,26192,12921220192,3328581617,3057415645,19307217454,3534,30828784883
US-ID-16073,ID,Owyhee,825147832,267037424,75860949,1168046205,4285,266156121,99467817,52575669,418199607,357,1586245812
US-IL-17109,IL,McDonough,791833533,307750648,82771540,1182355721,11447,2117832410,755809624,384679139,3258321173,1063,4440676894
US-MI-26079,MI,Kalkaska,1256404772,387606784,99463167,1743474723,8770,637783668,238628606,125331805,1001744079,536,2745218802
US-GA-13095,GA,Dougherty,3141732303,1019229329,314502155,4475463787,38329,6372612396,2255706340,1239376352,9867695088,3910,14343158875
US-NC-37195,NC,Wilson,3778967706,1251223767,368944957,5399136430,34736,5902141248,2226764768,1107265614,9236171630,2988,14635308060
US-MN-27053,MN,Hennepin,103775870153,39746363720,10506754754,154028988627,452832,205034785807,58814674008,35564081566,299413541381,68889,453442530008
US-OK-40009,OK,Beckham,991199202,313232109,90228353,1394659664,8762,1062308994,364409037,205837793,1632555824,1089,3027215488
US-TX-48319,TX,Mason,354284398,97377732,27198002,478860132,1961,128986030,42884205,22926053,194796288,223,673656420
US-TX-48063,TX,Camp,562206313,184759807,50723018,797689138,5015,400082078,148312427,68827438,617221943,350,1414911081
US-KS-20161,KS,Riley,3705003025,1193299642,364108547,5262411214,26258,4002030151,1080842125,689315598,5772187874,2917,11034599088
US-GA-13275,GA,Thomas,2193358429,725764252,209781252,3128903933,19024,3366836759,1163954429,644153290,5174944478,2032,8303848411
US-VA-51077,VA,Grayson,683722389,212401878,56441849,952566116,7239,295362106,121695207,56129628,473186941,264,1425753057
US-GA-13163,GA,Jefferson,416725424,141608923,39115036,597449383,6230,559992380,235411207,101595755,896999342,470,1494448725
US-OR-41019,OR,Douglas,7418853051,2531478213,711539225,10661870489,45100,7125016040,2449771928,1486982680,11061770648,4124,21723641137
US-AR-05107,AR,Phillips,430140777,139980378,40902271,611023426,7206,682058311,230580884,111945839,1024585034,556,1635608460
US-MN-27091,MN,Martin,1051781281,390213123,104501590,1546495994,8508,1560510586,584295232,294033747,2438839565,970,3985335559
US-KS-20121,KS,Miami,2840780555,1019384799,278449107,4138614461,13106,1092026594,367374952,199432963,1658834509,1171,5797448970
US-OK-40153,OK,Woodward,1115422416,370691342,104300308,1590414066,8303,1065325799,360733285,210967679,1637026763,1125,3227440829
US-MI-26085,MI,Lake,894613620,171564565,46029384,1112207569,8741,257332968,85570824,48861524,391765316,241,1503972885
US-SD-46007,SD,Bennett,121899376,36331840,11322397,169553613,1148,47491730,18015386,9479462,74986578,75,244540191
US-CO-08003,CO,Alamosa,792650984,269454419,79049200,1141154603,6451,1332807342,404929371,278620876,2016357589,830,3157512192
US-NY-36069,NY,Ontario,4564274268,1682746619,453293363,6700314250,46249,12545306664,4330703509,2325821757,19201831930,4754,25902146180
US-CA-06033,CA,Lake,4086987802,1248735141,348718076,5684441019,27491,2989253825,871671044,656602220,4517527089,1723,10201968108
US-NC-37139,NC,Pasquotank,2264249828,746766592,214130004,3225146424,15907,2079629262,685650061,391099461,3156378784,1514,6381525208
US-MI-26001,MI,Alcona,989084258,253263082,65506330,1307853670,7280,194154492,75251534,37253506,306659532,276,1614513202
US-NC-37157,NC,Rockingham,4281079022,1527050431,414952701,6223082154,38945,3871496361,1576525031,729294352,6177315744,2704,12400397898
US-NE-31173,NE,Thurston,176534548,60772166,17572389,254879103,2119,407765210,123710098,73357640,604832948,205,859712051
US-PA-42061,PA,Huntingdon,2357742847,757895430,205192616,3320830893,17409,2429952232,752092659,397387400,3579432291,1305,6900263184
US-TN-47115,TN,Marion,1580994642,532740464,142990117,2256725223,11864,1125468184,485083276,235569884,1846121344,725,4102846567
US-TX-48245,TX,Jefferson,10042261630,3602098476,990889048,14635249154,93741,16888376067,5891159232,3149204478,25928739777,10037,40563988931
US-VA-51085,VA,Hanover,9731102375,3645899716,956655370,14333657461,40683,10894451090,3456381470,1788267460,16139100020,5162,30472757481
US-ME-23005,ME,Cumberland,35137966697,11839201050,3244495380,50221663127,126575,38394843922,11606439713,6859127604,56860411239,19705,107082074366
US-OH-39105,OH,Meigs,767096323,260026535,70758641,1097881499,9003,368075581,126523706,67383504,561982791,464,1659864290
US-PA-42009,PA,Bedford,2606822667,892654177,239864096,3739340940,20243,3422393946,1207672207,706902769,5336968922,1689,9076309862
US-TX-48179,TX,Gray,693998097,239553099,65235742,998786938,8821,957002371,351249362,183615138,1491866871,788,2490653809
US-IL-17035,IL,Cumberland,369471043,133508852,35475362,538455257,4203,420450672,189299735,78638167,688388574,268,1226843831
US-MI-26051,MI,Gladwin,1647191073,504878582,129958190,2282027845,12768,790718167,322446105,150106471,1263270743,638,3545298588
US-OR-41061,OR,Union,1611356695,546017148,156474807,2313848650,10651,1564604238,590759936,306040652,2461404826,1131,4775253476
US-MS-28025,MS,Clay,741503326,261016381,70995833,1073515540,7907,878295433,309752923,165890224,1353938580,598,2427454120
US-GA-13117,GA,Forsyth,28564819613,10687259427,2791385771,42043464811,84097,14477052449,4829869998,2522925672,21829848119,12157,63873312930
US-MI-26127,MI,Oceana,1607605529,479126684,125515711,2212247924,11949,1156848892,432011133,254377709,1843237734,740,4055485658
US-CA-06101,CA,Sutter,5477210903,1839596464,543614802,7860422169,31536,5670249337,1974904622,1013401056,8658555015,3468,16518977184
US-MN-27039,MN,Dodge,1593807625,605373753,156389566,2355570944,7444,963383969,396379745,160872270,1520635984,610,3876206928
US-VA-51147,VA,Prince Edward,934106866,304491426,86865187,1325463479,8099,1582113072,465091983,269401958,2316607013,834,3642070492
US-CO-08029,CO,Delta,2530237962,832987225,229487234,3592712421,13006,1180160712,404973329,221383229,1806517270,1338,5399229691
US-WI-55097,WI,Portage,4790184083,1758696312,475743489,7024623884,27561,5856945005,2008620735,1050299903,8915865643,2948,15940489527
US-TX-48403,TX,Sabine,539913805,142840007,37740470,720494282,5604,297940736,119359459,65653747,482953942,291,1203448224
US-IA-19131,IA,Mitchell,639073738,229309683,61922615,930306036,4499,646532400,263859068,117914598,1028306066,469,1958612102
US-IN-18083,IN,Knox,1543478402,542612969,152947660,2239039031,15602,2214518562,841700833,425306083,3481525478,1363,5720564509
US-MN-27149,MN,Stevens,482395805,176134883,48077764,706608452,3650,735381950,282511155,146171058,1164064163,503,1870672615
US-NE-31177,NE,Washington,1767853057,667842375,175191334,2610886766,7783,1092264978,389381087,198829654,1680475719,975,4291362485
US-NC-37185,NC,Warren,748364407,221632262,59714045,1029710714,9024,325052951,117041510,57380318,499474779,445,1529185493
US-SD-46073,SD,Jerauld,100630530,35584700,9259364,145474594,830,67283224,21224511,11787088,100294823,104,245769417
US-NJ-34021,NJ,Mercer,23273700486,8447313659,2334921572,34055935717,129652,62791432030,16889128759,9006546208,88687106997,16828,122743042714
US-CO-08039,CO,Elbert,3945090373,1495442078,382629437,5823161888,9194,480385450,154744121,81317589,716447160,974,6539609048
US-SD-46051,SD,Grant,476733237,168643205,44750818,690127260,2966,548606259,221467823,103485573,873559655,429,1563686915
US-MD-24021,MD,Frederick,24326318518,9088972109,2407139791,35822430418,94016,20409892225,6213030074,3498029832,30120952131,10590,65943382549
US-OK-40105,OK,Nowata,377632538,127048556,35315482,539996576,3902,242563339,96825890,44769219,384158448,219,924155024
US-VA-51790,VA,Staunton city,1577970504,557367488,157784784,2293122776,11220,2496018351,712532606,395221962,3603772919,1324,5896895695
US-KS-20095,KS,Kingman,307544537,104597011,29405505,441547053,3386,263761566,108662211,47312512,419736289,300,861283342
US-MT-30103,MT,Treasure,71320760,21328708,6268888,98918356,429,2914195,517715,465392,3897302,19,102815658
US-TX-48259,TX,Kendall,5108392961,1833155792,488687689,7430236442,16735,3207651063,940888586,593550094,4742089743,2473,12172326185
US-WV-54069,WV,Ohio,2406268849,843541673,230655730,3480466252,17904,4830950672,1449906777,932551804,7213409253,2156,10693875505
US-NC-37057,NC,Davidson,9760265027,3418864928,939414575,14118544530,70181,7141111717,2852909024,1320148246,11314168987,4624,25432713517
US-NY-36049,NY,Lewis,1060888802,337261939,89771320,1487922061,12436,1385765141,542387748,284016414,2212169303,761,3700091364
US-IN-18131,IN,Pulaski,565933641,192408434,52712367,811054442,5128,711078323,323079513,137394278,1171552114,484,1982606556
US-ND-38075,ND,Renville,145695730,42624836,11697184,200017750,1057,65374212,27045374,11881355,104300941,142,304318691
US-OR-41023,OR,Grant,514006001,168957889,45499586,728463476,3477,295182984,98555195,62640126,456378305,307,1184841781
US-MO-29167,MO,Polk,1765933191,601114270,168175226,2535222687,12322,1496214714,488957580,272249502,2257421796,952,4792644483
US-TN-47081,TN,Hickman,1310794648,449340456,121304507,1881439611,9278,487118139,175138814,90083140,752340093,457,2633779704
US-MO-29109,MO,Lawrence,1853897957,644972373,178967398,2677837728,14871,1063527474,414243852,197493891,1675265217,1084,4353102945
US-AL-01001,AL,Autauga,3333892060,1183192070,320980743,4838064873,22117,2305404732,737123079,434751671,3477279482,1549,8315344355
US-IL-17093,IL,Kendall,8451111249,3193425863,840107342,12484644454,42136,5791495818,2025711757,968029946,8785237521,3834,21269881975
US-KS-20077,KS,Harper,180852889,59167853,16193718,256214460,2578,277003227,128241349,52784748,458029324,285,714243784
US-OK-40075,OK,Kiowa,310808979,97860532,27246786,435916297,3969,171741393,61649808,31439520,264830721,243,700747018
US-CO-08045,CO,Garfield,5652207262,1928848550,540369398,8121425210,21782,6488501873,1679929285,1463605003,9632036161,3932,17753461371
US-WI-55063,WI,La Crosse,7894095162,2870928323,793452392,11558475877,46145,13903539541,4528075059,2473851793,20905466393,5324,32463942270
US-IL-17163,IL,St. Clair,10980848601,3908665657,1076814399,15966328657,101306,16869652876,5475345016,3050548448,25395546340,8675,41361874997
US-MN-27145,MN,Stearns,9840981712,3722247098,980179012,14543407822,54322,17482877630,5932768743,3096818658,26512465031,7263,41055872853
US-KY-21041,KY,Carroll,387356321,130008024,37376478,554740823,4167,1105232954,534204140,229079479,1868516573,388,2423257396
US-MS-28101,MS,Newton,697237993,237570013,64391435,999199441,7979,572611248,262744192,114020908,949376348,502,1948575789
US-MO-29189,MO,St. Louis,74560949228,26930896043,7356887775,108848733046,392177,128362622418,37316269470,20801412650,186480304538,53158,295329037584
US-NY-36089,NY,St. Lawrence,2809759890,1017526191,272364605,4099650686,43217,7049349571,2255268852,1195553019,10500171442,3005,14599822128
US-FL-12107,FL,Putnam,2597502701,864611933,235654738,3697769372,30744,2259686967,825622070,436238963,3521548000,2035,7219317372
US-TX-48267,TX,Kimble,279875554,81299339,22204299,383379192,2262,247877179,74278199,62490636,384646014,198,768025206
US-NE-31071,NE,Garfield,100826351,32394129,8910478,142130958,838,94882214,39509164,17377147,151768525,139,293899483
US-WV-54023,WV,Grant,653224512,213116889,56347183,922688584,4564,366183296,130343549,79310488,575837333,366,1498525917
US-LA-22015,LA,Bossier,7453733255,2561446862,713094779,10728274896,49394,8783669165,2569270600,1868741173,13221680938,4518,23949955834
US-TX-48067,TX,Cass,1186062425,405152438,110287621,1701502484,12311,944163388,375598061,181643273,1501404722,786,3202907206
US-WV-54073,WV,Pleasants,299840673,104786606,27798003,432425282,2719,279909001,123027755,54625152,457561908,199,889987190
US-IN-18071,IN,Jackson,2251549488,822773913,221330745,3295654146,16753,4186892598,1880208625,804530677,6871631900,1649,10167286046
US-AR-05145,AR,White,3382316717,1150103594,319044294,4851464605,28971,4382621779,1403974941,690581611,6477178331,2613,11328642936
US-TX-48119,TX,Delta,248521932,88148529,23345837,360016298,2161,37308783,10545261,6035846,53889890,77,413906188
US-IL-17003,IL,Alexander,124342613,38927660,10082479,173352752,2148,156240794,64508302,25324040,246073136,128,419425888
US-LA-22107,LA,Tensas,148390892,41776361,11526104,201693357,2159,65114188,22709154,11273929,99097271,101,300790628
US-KS-20103,KS,Leavenworth,5784622894,2004144934,565546104,8354313932,29586,2691383674,787583197,457007638,3935974509,2087,12290288441
US-NE-31163,NE,Sherman,171523744,52943816,14569871,239037431,1484,68288197,25065481,12321790,105675468,123,344712899
US-OH-39077,OH,Huron,2833927945,1018926273,278373711,4131227929,23265,3695089307,1581213979,694557378,5970860664,1796,10102088593
US-TN-47095,TN,Lake,173867242,54667305,17185188,245719735,2325,83934840,27543909,14586373,126065122,113,371784857
US-WI-55057,WI,Juneau,1515735871,488103832,129395464,2133235167,11536,1459871758,588118983,301558736,2349549477,908,4482784644
US-IA-19117,IA,Lucas,369527085,140291246,36338346,546156677,3480,782190799,325675549,109743243,1217609591,296,1763766268
US-MI-26047,MI,Emmet,3311716457,1017326018,268232662,4597275137,16137,4462553146,1266128016,993779926,6722461088,2403,11319736225
US-IN-18079,IN,Jennings,1262389861,451985703,122142633,1836518197,10374,1048136636,472019480,193414832,1713570948,726,3550089145
US-AR-05127,AR,Scott,389437901,130660921,35662704,555761526,4216,279179579,137522027,57146299,473847905,217,1029609431
US-MI-26119,MI,Montmorency,794972276,215416746,56020997,1066410019,6405,381359380,133120605,71244932,585724917,297,1652134936
US-GA-13043,GA,Candler,350836432,120354831,34245538,505436801,4284,295074638,120722875,58759562,474557075,329,979993876
US-AR-05029,AR,Conway,886138241,299985687,83247573,1269371501,8452,821641404,311731496,161323265,1294696165,655,2564067666
US-CA-06029,CA,Kern,39275327583,13002060359,3851554032,56128941974,277265,46129595607,15644857738,8473807245,70248260590,23353,126377202564
US-MI-26103,MI,Marquette,4205905050,1454781933,392362181,6053049164,27672,4339682988,1371184969,868250163,6579118120,2717,12632167284
US-SD-46005,SD,Beadle,1059450996,375365915,102303308,1537120219,7238,1283192863,488893093,247174798,2019260754,934,3556380973
US-IN-18181,IN,White,1468790210,484546231,129182459,2082518900,10670,1358643939,594709253,269154076,2222507268,912,4305026168
US-CA-06025,CA,Imperial,6150902526,1998365998,584285005,8733553529,48275,7828506071,2841243822,1477199995,12146949888,4730,20880503417
US-TX-48089,TX,Colorado,1131034314,362541350,96842748,1590418412,8340,1011301625,383172995,190839795,1585314415,844,3175732827
US-KS-20035,KS,Cowley,1264758220,440724794,121764620,1827247634,13756,2144515454,871681913,402392322,3418589689,1146,5245837323
US-OH-39137,OH,Putnam,2009976924,751094556,197414772,2958486252,12693,1951034298,822270957,357888467,3131193722,1103,6089679974
US-AK-02090,AK,Fairbanks North Star,7257039253,2303083283,670211599,10230334135,37174,7468031191,2234188604,1459578015,11161797810,4182,21392131945
US-MN-27137,MN,St. Louis,13227915697,4605584229,1234020639,19067520565,85365,18652854539,5670067139,3583934045,27906855723,8649,46974376288
US-AR-05061,AR,Howard,572947930,190868248,52949936,816766114,5476,820705106,413300831,171423122,1405429059,409,2222195173
US-AR-05081,AR,Little River,514318378,169800150,45937924,730056452,5213,364627767,173054083,70661291,608343141,253,1338399593
US-MO-29105,MO,Laclede,1680725078,583435120,163307547,2427467745,14366,2415186371,1057067797,510124321,3982378489,1179,6409846234
US-GA-13279,GA,Toombs,912215506,299617333,85523670,1297356509,10789,2072214728,805451374,391509795,3269175897,1106,4566532406
US-TX-48017,TX,Bailey,209574182,72146319,19425732,301146233,2511,213251232,87165277,39405084,339821593,221,640967826
US-AL-01057,AL,Fayette,629117556,208040086,55456217,892613859,6332,481154761,216196057,96565922,793916740,431,1686530599
US-ND-38051,ND,McIntosh,109080782,35010302,9371580,153462664,1388,118783795,45106074,21496288,185386157,165,338848821
US-VT-50025,VT,Windham,4454836148,1291937206,353777171,6100550525,22758,6475737001,1722985204,1253854127,9452576332,2629,15553126857
US-WY-56033,WY,Sheridan,3712898322,1247886176,346078746,5306863244,13370,2612152285,799883101,507277454,3919312840,3571,9226176084
US-NH-33001,NH,Belknap,6465156040,1935097486,518979406,8919232932,29610,4803959949,1599525997,946435485,7349921431,2968,16269154363
US-FL-12097,FL,Osceola,24246666011,7992314996,2196101357,34435082364,134031,24674285954,6450215816,4861599528,35986101298,13986,70421183662
US-CA-06083,CA,Santa Barbara,35285300447,11150549906,3387263910,49823114263,137629,50242280720,13975187116,9843937750,74061405586,21054,123884519849
US-AL-01039,AL,Covington,1783935575,580786872,157311175,2522033622,15737,1615685866,651994416,314254722,2581935004,1367,5103968626
US-LA-22083,LA,Richland,722146465,233862211,66930826,1022939502,7898,862075861,314209123,157334123,1333619107,636,2356558609
US-MN-27171,MN,Wright,12470838916,4679159309,1214055145,18364053370,49220,8006303133,2987963028,1456803712,12451069873,5390,30815123243
US-SD-46037,SD,Day,380950461,115358225,31459064,527767750,2740,243494160,93517911,50074138,387086209,342,914853959
US-AR-05019,AR,Clark,870654906,291155100,81665703,1243475709,8212,1355153548,432436725,236291876,2023882149,914,3267357858
US-KS-20107,KS,Linn,595517956,199177285,54231568,848926809,4470,200637321,69031785,37830317,307499423,298,1156426232
US-NV-32017,NV,Lincoln,246669822,72137423,20229620,339036865,1883,120921537,42889472,27642166,191453175,114,530490040
US-TX-48155,TX,Foard,30380369,9796840,2764659,42941868,535,18643815,6219234,3313373,28176422,28,71118290
US-MT-30079,MT,Prairie,78791115,24427165,6811765,110030045,576,16612171,5155128,2564263,24331562,43,134361607
US-GA-13221,GA,Oglethorpe,767388969,258871671,68346709,1094607349,5482,173906835,56897459,27235694,258039988,266,1352647337
US-TN-47159,TN,Smith,1226877571,423461129,114608719,1764947419,7561,636618482,290007039,126480821,1053106342,495,2818053761
US-NE-31105,NE,Kimball,149936740,50995622,14222851,215155213,1635,170553507,67207469,34982237,272743213,178,487898426
US-VT-50027,VT,Windsor,5471075485,1673410807,456372518,7600858810,27650,6034297160,1693499248,1341096377,9068892785,2970,16669751595
US-ME-23003,ME,Aroostook,3398090743,1122924071,304464024,4825478838,31683,3682539132,1368577038,754401388,5805517558,2935,10630996396
US-TX-48247,TX,Jim Hogg,128945126,36623879,10473854,176042859,1507,168725640,63729853,39364525,271820018,121,447862877
US-GA-13035,GA,Butts,1420974043,493673378,137256790,2051904211,8949,1137044041,448474782,201843689,1787362512,723,3839266723
US-NV-32021,NV,Mineral,206648001,65816122,18203925,290668048,1894,189349663,52257609,51484552,293091824,97,583759872
US-TX-48263,TX,Kent,31840992,8668598,2367796,42877386,374,2099198,1101025,440099,3640322,10,46517708
US-GA-13273,GA,Terrell,290662283,92701192,27465269,410828744,3843,257349118,111192529,48977039,417518686,252,828347430
US-DE-10001,DE,Kent,12592565397,4516104051,1228586117,18337255565,66087,13868724838,4417373120,2753433277,21039531235,7815,39376786800
US-ND-38047,ND,Logan,86049674,27663462,7376541,121089677,875,78415222,25427943,11169752,115012917,97,236102594
US-VA-51600,VA,Fairfax city,2721045487,1022664290,274556984,4018266761,8246,5356221232,1475467189,953100794,7784789215,3359,11803055976
US-IN-18127,IN,Porter,12994410402,4816587375,1276502756,19087500533,63300,11029791590,3795923738,1937100251,16762815579,6253,35850316112
US-TX-48181,TX,Grayson,7747170862,2685447694,743734526,11176353082,53351,7359090882,2659605005,1387398372,11406094259,4768,22582447341
US-DC-11001,DC,District of Columbia,47561599785,17278479705,4934841169,69774920659,254694,201383520677,39071661968,28043328842,268498511487,44102,338273432146
US-GA-13219,GA,Oconee,4284125367,1554600443,417026056,6255751866,14730,2835851964,960569416,499906430,4296327810,2180,10552079676
US-GA-13097,GA,Douglas,8688391498,3126394281,857418060,12672203839,49966,7896974808,2809839212,1441011965,12147825985,4808,24820029824
US-SC-45025,SC,Chesterfield,1227032895,418043814,113741041,1758817750,17582,2117249883,1004901518,414770726,3536922127,1095,5295739877
US-MI-26035,MI,Clare,1565431812,434830097,111861188,2112123097,15348,1326244266,496120132,261883170,2084247568,956,4196370665
US-WI-55125,WI,Vilas,3637420602,835638268,221346651,4694405521,16675,1939743066,531366989,471563057,2942673112,1440,7637078633
US-MS-28033,MS,DeSoto,13989972890,5091805222,1364057844,20445835956,68361,10662419660,3822219245,1844891966,16329530871,5480,36775366827
US-IN-18147,IN,Spencer,1161809444,425133056,112405587,1699348087,7773,1127585916,408507446,195007264,1731100626,643,3430448713
US-KY-21071,KY,Floyd,1086197589,370789801,101294270,1558281660,14728,1101749523,395459343,216578265,1713787131,1105,3272068791
US-NC-37033,NC,Caswell,988961681,331428501,89962201,1410352383,9221,248459939,88528246,43710111,380698296,365,1791050679
US-OH-39123,OH,Ottawa,3481348304,1020403197,270550240,4772301741,22004,2111973795,728037605,399035967,3239047367,1640,8011349108
US-TN-47011,TN,Bradley,6861631077,2376070173,666653760,9904355010,41468,8151629349,2917920452,1422602789,12492152590,3434,22396507600
US-OK-40039,OK,Custer,1435616961,483176422,134652233,2053445616,11009,1730260120,556345410,325174625,2611780155,1498,4665225771
US-MN-27125,MN,Red Lake,209988213,75559731,19871849,305419793,1627,91779930,32383941,15301817,139465688,135,444885481
US-MO-29063,MO,DeKalb,506682725,174205528,48481395,729369648,3865,423139673,138827972,88867796,650835441,346,1380205089
US-PA-42133,PA,York,29644760837,10854138341,2936001413,43434900591,172002,37007256848,13689900606,6574430591,57271588045,14390,100706488636
US-IA-19037,IA,Chickasaw,721603794,257769230,69281282,1048654306,5035,691369064,319887848,131786816,1143043728,548,2191698034
US-FL-12075,FL,Levy,1715566831,580122501,153260221,2448949553,17459,1160617284,425097450,224146543,1809861277,1285,4258810830
US-OK-40147,OK,Washington,2711070115,934270207,258280683,3903621005,21119,3113893378,910721183,520479325,4545093886,1831,8448714891
US-NE-31121,NE,Merrick,466175001,167672779,44771977,678619757,3210,263993515,100774291,46768909,411536715,362,1090156472
US-OK-40131,OK,Rogers,6048564036,2157686069,583608511,8789858616,34828,5492797247,1885013138,1175440335,8553250720,2957,17343109336
US-WI-55121,WI,Trempealeau,1921260864,688802786,188061695,2798125345,12068,3132412765,1565793569,622003684,5320210018,1089,8118335363
US-TX-48291,TX,Liberty,3094516484,1068422067,283948389,4446886940,28685,2002676198,710484479,377443289,3090603966,1796,7537490906
US-FL-12053,FL,Hernando,12528122770,4437273391,1179815053,18145211214,80479,6937681435,2405316955,1303443430,10646441820,5991,28791653034
US-NY-36107,NY,Tioga,1571149204,591564503,156622819,2319336526,19450,2854652176,1141013009,513818978,4509484163,1201,6828820689
US-MO-29161,MO,Phelps,2496911807,821512609,237838894,3556263310,18115,2940914019,1050138919,562487765,4553540703,1764,8109804013
US-KS-20191,KS,Sumner,929816120,323653459,88994242,1342463821,9272,1121412001,312331284,192417952,1626161237,772,2968625058
US-CA-06019,CA,Fresno,47504996015,16074430888,4743131290,68322558193,303626,76205330863,24446271319,13289250543,113940852725,32668,182263410918
US-IA-19059,IA,Dickinson,2020444936,582534594,155809157,2758788687,10243,1676308925,560366804,335069370,2571745099,1270,5330533786
US-MD-24047,MD,Worcester,7652613814,1671263520,455427323,9779304657,36520,6616372196,1739549424,1496265649,9852187269,3611,19631491926
US-GA-13165,GA,Jenkins,232304789,71862592,18712139,322879520,3397,160311269,51499290,28154411,239964970,163,562844490
US-KY-21029,KY,Bullitt,5767184886,2133199844,562684794,8463069524,29897,4375197228,1792465943,815478431,6983141602,1993,15446211126
US-IL-17025,IL,Clay,369092108,136766818,35919220,541778146,5252,990823472,439017745,193245578,1623086795,501,2164864941
US-NC-37027,NC,Caldwell,4116635682,1446179587,391935074,5954750343,33584,3852540260,1603019467,731663028,6187222755,2288,12141973098
US-NC-37119,NC,Mecklenburg,86386942590,31245606475,8618618250,126251167315,409149,136985594481,37700476543,23154782788,197840853812,63106,324092021127
US-TX-48395,TX,Robertson,855161624,261237662,73635450,1190034736,7364,487774832,176080683,92181828,756037343,450,1946072079
US-IA-19023,IA,Butler,823131952,293846667,79175307,1196153926,6006,459781030,195469896,86909303,742160229,493,1938314155
US-TX-48443,TX,Terrell,66361034,21017385,5482589,92861008,540,2634483,1210754,520889,4366126,9,97227134
US-VA-51003,VA,Albemarle,10626907482,3825900988,1041043836,15493852306,42173,10473648310,2897604862,1937687308,15308940480,4999,30802792786
US-KS-20091,KS,Johnson,57388506020,21352634849,5712316497,84453457366,219137,64431765200,19619877855,11020973225,95072616280,32401,179526073646
US-OH-39125,OH,Paulding,803221748,288831921,77344053,1169397722,7612,735905767,341834926,139616099,1217356792,500,2386754514
US-UT-49015,UT,Emery,526515234,178419080,48007460,752941774,3565,445299637,133411816,109499316,688210769,276,1441152543
US-IA-19137,IA,Montgomery,445200257,161245958,44718061,651164276,4714,555595237,213542533,102409489,871547259,446,1522711535
US-KY-21095,KY,Harlan,679906100,242257307,65019151,987182558,10861,584480151,209402441,115075563,908958155,614,1896140713
US-GA-13017,GA,Ben Hill,556554172,194584699,55663681,806802552,7414,787509396,362391037,160920323,1310820756,505,2117623308
US-UT-49053,UT,Washington,20598253404,6767415818,1873247136,29238916358,68446,14573517943,4545997246,2931572355,22051087544,10572,51290003902
US-PR-72107,PR,Orocovis,580498838,190997268,53492834,824988940,8024,850652197,324780442,130550587,1305983226,9,2130972166
US-MS-28019,MS,Choctaw,338744173,112445789,30225476,481415438,3706,139750694,60054560,27964915,227770169,192,709185607
US-GA-13023,GA,Bleckley,432497360,144073674,39564338,616135372,4573,235147823,91261463,43678800,370088086,255,986223458
US-MN-27083,MN,Lyon,1399742869,508025940,136471346,2044240155,9608,2626802154,964320493,508032655,4099155302,1322,6143395457
US-MT-30057,MT,Madison,1647923872,428304637,117338754,2193567263,4876,3706520545,760100744,868769765,5335391054,576,7528958317
US-OH-39039,OH,Defiance,1835419805,673157203,180913200,2689490208,15063,2761693674,1056299218,495882385,4313875277,1328,7003365485
US-GA-13013,GA,Barrow,5486660137,1990894754,537213037,8014767928,29773,3419047300,1292227780,575138836,5286413916,2316,13301181844
US-ID-16067,ID,Minidoka,1419773972,485483712,136094376,2041352060,7958,1030848582,411747439,185252824,1627848845,736,3669200905
US-WI-55093,WI,Pierce,3561298597,1280125287,344300836,5185724720,15140,1559294574,549320912,283585405,2392200891,1319,7577925611
US-CT-09170,CT,South Central Connecticut Planning Region,35709195312,12429047204,3526267299,51664509815,215988,82124707305,22347261012,11827962842,116299931159,23675,167964440974
US-IL-17155,IL,Putnam,321722732,107901150,29231892,458855774,2696,241920161,111354299,44437994,397712454,179,856568228
US-TX-48233,TX,Hutchinson,688683062,218708103,58171875,965563040,8274,975620529,379934437,197837714,1553392680,624,2518955720
US-TX-48471,TX,Walker,2731832788,938107713,262539313,3932479814,23865,2673331915,822144942,495863263,3991340120,1945,7923819934
US-IN-18141,IN,St. Joseph,14563219091,5299028599,1436953354,21299201044,102825,29698927492,8573368895,4535791028,42808087415,10360,64107288459
US-NC-37083,NC,Halifax,1550453318,524901018,147521947,2222876283,21739,2212063354,810283675,444172117,3466519146,1528,5689395429
US-WV-54101,WV,Webster,240903646,73164724,19225847,333294217,3343,139454199,59113639,29099881,227667719,171,560961936
US-KS-20101,KS,Lane,81297811,28479585,7546552,117323948,766,36092485,12418142,6152389,54663016,103,171986964
US-TX-48349,TX,Navarro,2008651598,675718035,189459680,2873829313,19257,2271166502,896706054,442352040,3610224596,1504,6484053909
US-WI-55053,WI,Jackson,1252740836,426440886,115600813,1794782535,8414,928118597,347646104,175630626,1451395327,653,3246177862
US-GA-13141,GA,Hancock,235982938,61674881,16545014,314202833,3543,89958232,39236147,17969403,147163782,112,461366615
US-IA-19009,IA,Audubon,257646763,92562497,25371428,375580688,2617,223637700,83869677,40271293,347778670,285,723359358
US-WV-54085,WV,Ritchie,322921248,106941674,28300933,458163855,3408,371648532,182447302,73961173,628057007,267,1086220862
US-WY-56015,WY,Goshen,1005863584,340205063,93068610,1439137257,5104,423171824,140358342,73925695,637455861,511,2076593118
US-LA-22063,LA,Livingston,8290406748,2943492372,769709001,12003608121,50491,3935721997,1328213911,705806530,5969742438,3184,17973350559
US-PA-42063,PA,Indiana,3509683521,1232827324,336360990,5078871835,32412,4627008801,1610839841,866576713,7104425355,2914,12183297190
US-KS-20151,KS,Pratt,371033890,124824756,34604779,530463425,3825,577098491,194354326,120636086,892088903,555,1422552328
US-TN-47111,TN,Macon,1420479678,457767121,128959047,2007205846,9586,582935264,256201394,118408518,957545176,527,2964751022
US-WY-56019,WY,Johnson,988309732,329761380,89136985,1407208097,3994,619670135,169500852,125487422,914658409,731,2321866506
US-WI-55109,WI,St. Croix,9152453995,3395206607,901085733,13448746335,34248,6499012245,2423265159,1219018973,10141296377,3818,23590042712
US-VA-51107,VA,Loudoun,49482855891,18628494772,4907375676,73018726339,131000,38023024009,10579833826,6502449222,55105307057,20171,128124033396
US-VA-51640,VA,Galax city,232000236,82320139,23031600,337351975,2857,825401260,364963768,172633825,1362998853,501,1700350828
US-MT-30063,MT,Missoula,13297941487,4423617711,1268811843,18990371041,48308,12014329569,3394406341,2177510194,17586246104,7780,36576617145
US-TN-47029,TN,Cocke,1543553631,503844289,141320747,2188718667,15556,1022826946,398542393,221637941,1643007280,770,3831725947
US-WA-53045,WA,Mason,5876520358,1819292481,490507940,8186320779,27085,3155337352,945759845,716510258,4817607455,1604,13003928234
US-ID-16071,ID,Oneida,372790285,136825617,36132702,545748604,1863,99882548,43297613,21448031,164628192,142,710376796
US-FL-12069,FL,Lake,26967003658,9437228583,2523987178,38928219419,155554,17667077410,5528373093,3244807785,26440258288,13771,65368477707
US-IA-19053,IA,Decatur,285967442,97653661,27366902,410988005,3202,170238691,66204372,32364305,268807368,217,679795373
US-KS-20129,KS,Morton,97038469,31194420,8449233,136682122,1107,89026921,29917203,15219639,134163763,106,270845885
US-MS-28007,MS,Attala,645906158,208771338,57211024,911888520,7046,575140451,244527341,114104756,933772548,539,1845661068
US-GA-13181,GA,Lincoln,398735078,114188272,30786264,543709614,3503,135456902,42170673,21757690,199385265,234,743094879
US-OH-39011,OH,Auglaize,2603633889,951316675,258383811,3813334375,18446,4660993884,2027194836,894115362,7582304082,1588,11395638457
US-WA-53039,WA,Klickitat,2045520519,692207081,191938405,2929666005,9635,944557858,309855695,179583165,1433996718,814,4363662723
US-WI-55009,WI,Brown,17677111103,6605427395,1794808877,26077347375,99151,30541401483,10650772293,5411079345,46603253121,11900,72680600496
US-MT-30069,MT,Petroleum,32881973,9338549,2574340,44794862,234,44904,3244,1173,49321,7,44844183
US-ID-16033,ID,Clark,50283213,11317623,3413704,65014540,348,146561,10587,3828,160976,9,65175516
US-VA-51550,VA,Chesapeake city,19146618809,7097421498,1903262738,28147303045,88023,18987619410,5901236183,3396832705,28285688298,9597,56432991343
US-CA-06055,CA,Napa,14759865363,4724065174,1366577786,20850508323,47033,22232010935,6887063221,4871723719,33990797875,7083,54841306198
US-KY-21059,KY,Daviess,5639570834,1999506240,558975235,8198052309,40339,7686972029,2689680945,1389043010,11765695984,3959,19963748293
US-IA-19003,IA,Adams,165450390,55378165,15153463,235982018,1646,156397193,69356032,31143956,256897181,150,492879199
US-TX-48217,TX,Hill,1556192648,527146478,142390988,2225730114,13817,1314125745,486062625,272270496,2072458866,1056,4298188980
US-CO-08111,CO,San Juan,114062606,22446620,7194893,143704119,532,84887819,21014529,16596441,122498789,113,266202908
US-FL-12119,FL,Sumter,15712065388,5513321921,1424445181,22649832490,68444,5055268338,1633019084,996169606,7684457028,3149,30334289518
US-FL-12045,FL,Gulf,1013300225,281442539,76278174,1371020938,6843,358583409,118759424,68705305,546048138,564,1917069076
US-IN-18113,IN,Noble,2633335549,947817842,252892510,3834045901,17643,2954784482,1347722621,576170577,4878677680,1506,8712723581
US-IA-19005,IA,Allamakee,920723523,301153460,81360757,1303237740,6455,622520301,252568164,118020296,993108761,573,2296346501
US-KY-21171,KY,Monroe,421118050,148807009,40960163,610885222,4630,380852656,166630938,77473467,624957061,336,1235842283
US-GA-13069,GA,Coffee,1232813288,425247197,119950309,1778010794,15602,2478352991,1063427718,471342322,4013123031,1425,5791133825
US-OR-41035,OR,Klamath,4503988304,1484135566,421095229,6409219099,29313,4007827467,1350147254,809436400,6167411121,2401,12576630220
US-MS-28103,MS,Noxubee,294091821,98477033,26842286,419411140,3999,269485235,110562459,51309191,431356885,290,850768025
US-PR-72075,PR,Juana Díaz,1376153094,486742156,130928825,1993824075,16831,1819356756,686491328,278415326,2784263410,29,4778087485
US-NC-37111,NC,McDowell,2133317463,723672426,198062876,3055052765,18885,2413148507,1064839852,484716782,3962705141,1271,7017757906
US-KS-20109,KS,Logan,122304171,41270666,12204037,175778874,1349,186394236,56875664,38300543,281570443,157,457349317
US-KY-21201,KY,Robertson,81161338,27281477,7241445,115684260,836,17874313,5282522,2917330,26074165,29,141758425
US-AZ-04023,AZ,Santa Cruz,2364583895,817527742,227463463,3409575100,17274,2556364049,908591502,480548306,3945503857,1862,7355078957
US-IN-18061,IN,Harrison,2644338900,953588011,250641858,3848568769,14745,2474536169,754790363,606215370,3835541902,1042,7684110671
US-SD-46035,SD,Davison,1192179280,433947456,118506516,1744633252,8144,2136659782,716145002,407821733,3260626517,1173,5005259769
US-MO-29001,MO,Adair,1177541245,359494017,106276270,1643311532,10042,1720077068,554214494,301741524,2576033086,927,4219344618
US-OK-40065,OK,Jackson,1171656636,376544593,109460179,1657661408,10659,1166590941,401975033,219380355,1787946329,857,3445607737
US-FL-12023,FL,Columbia,2625682262,903709395,248520781,3777912438,25965,3220087262,1155300842,617743016,4993131120,2314,8771043558
US-PA-42077,PA,Lehigh,24834060113,8919948555,2477298553,36231307221,134726,41638978547,14180923517,7385954819,63205856883,14786,99437164104
US-SC-45077,SC,Pickens,6944263618,2484246393,667673865,10096183876,49512,5218412180,1739562576,932856178,7890830934,3790,17987014810
US-AR-05021,AR,Clay,504755622,172613416,47789714,725158752,6627,323637701,122190274,60503935,506331910,438,1231490662
US-KS-20033,KS,Comanche,52504443,18417972,5025288,75947703,918,50323561,19796280,10184637,80304478,96,156252181
US-GA-13241,GA,Rabun,1731952962,460295832,125719791,2317968585,9270,1504449223,415951203,325813901,2246214327,816,4564182912
US-IA-19179,IA,Wapello,1298054416,475804453,130696200,1904555069,13981,2297236466,891737135,460156700,3649130301,1180,5553685370
US-ME-23001,ME,Androscoggin,7080571501,2501911929,692158527,10274641957,43812,8978833620,2967645004,1560482587,13506961211,4848,23781603168
US-SD-46087,SD,McCook,441495974,154732366,41878423,638106763,2267,139917556,52281966,26373656,218573178,280,856679941
US-ID-16079,ID,Shoshone,1006769922,324584450,89724108,1421078480,5927,1015839788,292621906,230743518,1539205212,542,2960283692
US-PR-72085,PR,Las Piedras,1245366673,436677978,117728708,1799773359,13291,1454810005,545914521,222253765,2222978291,37,4022751650
US-SD-46103,SD,Pennington,8651817150,3097838483,833100688,12582756321,41859,10716026140,3180972134,2145287595,16042285869,6638,28625042190
US-VA-51770,VA,Roanoke city,4427938532,1582655351,454204872,6464798755,42972,12023566778,4031925013,2241926939,18297418730,5548,24762217485
US-IA-19181,IA,Warren,3944948393,1490071349,386790785,5821810527,18754,2171668156,614129861,326458849,3112256866,1589,8934067393
US-AR-05087,AR,Madison,824023524,278650860,74573998,1177248382,6534,448698193,203262616,85722327,737683136,347,1914931518
US-WV-54049,WV,Marion,3257810115,1136962978,308848375,4703621468,23227,2097660119,705181278,384100225,3186941622,1770,7890563090
US-WV-54043,WV,Lincoln,642463862,213950703,57766391,914180956,7864,211798533,70862748,41983488,324644769,271,1238825725
US-VA-51017,VA,Bath,340229525,85382541,23618492,449230558,2514,1535866876,352486126,443796271,2332149273,176,2781379831
US-TX-48497,TX,Wise,4304490949,1508324929,403327970,6216143848,24179,2699972855,959842198,490835199,4150650252,2232,10366794100
US-IN-18025,IN,Crawford,455912724,152126137,39773042,647811903,4782,245564463,103331842,50500084,399396389,214,1047208292
US-HI-15003,HI,Honolulu,84414512952,28226553468,8205512594,120846579014,312589,133886261207,33905976582,24362106935,192154344724,37293,313000923738
US-AR-05003,AR,Ashley,586336047,188518705,52471709,827326461,7909,646635702,271916248,127723839,1046275789,510,1873602250
US-GA-13003,GA,Atkinson,166051141,62094604,16871195,245016940,3137,178552948,90181243,35350770,304084961,143,549101901
US-KS-20153,KS,Rawlins,101097176,35101761,9740518,145939455,1250,107378796,44161618,18536571,170076985,139,316016440
US-TX-48251,TX,Johnson,9973199293,3539491252,963095214,14475785759,61620,7300202610,2668539964,1280267233,11249009807,5198,25724795566
US-AL-01047,AL,Dallas,1258963633,413976987,119981446,1792922066,16986,1637703286,650396009,311301834,2599401129,1095,4392323195
US-MO-29149,MO,Oregon,355744546,114413992,31391715,501550253,3683,209732292,90497602,42881318,343111212,281,844661465
US-AL-01019,AL,Cherokee,1540330830,472834008,126338739,2139503577,11889,607147257,256994027,121419620,985560904,602,3125064481
US-SD-46039,SD,Deuel,306212085,106291164,28287829,440791078,1850,157035863,61337625,27615896,245989384,207,686780462
US-PA-42107,PA,Schuylkill,6613950040,2332079002,629093897,9575122939,59018,8320903858,3449646112,1507726671,13278276641,4339,22853399580
US-TN-47005,TN,Benton,693966395,227974557,62557594,984498546,7317,549694568,230811219,110938574,891444361,462,1875942907
US-KS-20137,KS,Norton,207396882,69373147,18668186,295438215,2129,211581130,87826414,41811061,341218605,248,636656820
US-VA-51169,VA,Scott,843052343,276495356,74123885,1193671584,9833,683666526,301570127,138115796,1123352449,403,2317024033
US-CA-06107,CA,Tulare,19812053250,6488707188,1950226162,28250986600,142760,23890446897,8893261580,4473992868,37257701345,11408,65508687945
US-TX-48135,TX,Ector,6631714927,2475790012,668038861,9775543800,57105,9994042712,3314173723,1811633209,15119849644,6570,24895393444
US-TX-48449,TX,Titus,1135114233,419406345,113012304,1667532882,10703,2444996515,1083111400,504216404,4032324319,1187,5699857201
US-TX-48457,TX,Tyler,765898322,245219234,65816995,1076934551,7693,393821862,138209730,72629869,604661461,413,1681596012
US-NC-37105,NC,Lee,3389646405,1198650778,331844643,4920141826,24467,4411812220,1869651733,833596394,7115060347,2373,12035202173
US-FL-12017,FL,Citrus,10377151877,3562733656,939035864,14878921397,71361,4859687419,1633884752,945044796,7438616967,4672,22317538364
US-WA-53017,WA,Douglas,3286111973,1072792143,304598262,4663502378,15614,1781732485,632487489,323930672,2738150646,1230,7401653024
US-VA-51049,VA,Cumberland,585252489,203519636,55316026,844088151,4331,125664183,51252380,23500923,200417486,206,1044505637
US-MT-30061,MT,Mineral,525526874,173588538,46748090,745863502,2151,213433722,65110061,53368723,331912506,203,1077776008
US-NC-37003,NC,Alexander,1908673885,668462507,175843296,2752979688,14214,1459397761,663292427,271802076,2394492264,886,5147471952
US-TX-48309,TX,McLennan,12889334605,4561234070,1270968779,18721537454,93800,23716304547,7217489977,3793472456,34727266980,9783,53448804434
US-OK-40033,OK,Cotton,220746475,72259089,19334721,312340285,2264,67339168,24340545,12209673,103889386,122,416229671
US-LA-22077,LA,Pointe Coupee,1231404500,380155565,103670783,1715230848,9291,670604036,246145347,126056518,1042805901,522,2758036749
US-MO-29205,MO,Shelby,192411448,66584667,18091873,277087988,2544,207129916,71138910,33989031,312257857,262,589345845
US-MN-27023,MN,Chippewa,580445387,217248775,58283218,855977380,4961,935365806,379594916,180950102,1495910824,587,2351888204
US-KS-20207,KS,Woodson,107888966,33271669,8858409,150019044,1470,50971119,18440502,8235669,77647290,103,227666334
US-AR-05045,AR,Faulkner,6867305134,2416595972,679472553,9963373659,46484,6509163434,1988482949,1122647796,9620294179,4921,19583667838
US-CO-08037,CO,Eagle,8495769828,2343822915,647338271,11486931014,22854,13411276519,2910858505,2547628544,18869763568,5675,30356694582
US-NY-36095,NY,Schoharie,1241523042,409042383,109490987,1760056412,13377,1367232246,467334399,268049688,2102616333,912,3862672745
US-LA-22001,LA,Acadia,2498412131,831242073,235910683,3565564887,23044,1949179702,726804841,352484007,3028468550,1761,6594033437
US-GA-13007,GA,Baker,105381075,32540761,9301252,147223088,1240,20162748,7966018,3328022,31456788,43,178679876
US-AL-01121,AL,Talladega,3420621970,1158268423,319735957,4898626350,33536,4542682499,1955626668,886256125,7384565292,2098,12283191642
US-MN-27051,MN,Grant,376474208,129470667,34271900,540216775,2613,267029842,94233141,45038320,406301303,305,946518078
US-VA-51007,VA,Amelia,806862025,285654588,77023812,1169540425,5345,244405135,95379130,43929542,383713807,356,1553254232
US-NE-31101,NE,Keith,560909529,175382325,48409496,784701350,4440,507924574,164378304,110941593,783244471,530,1567945821
US-MT-30109,MT,Wibaux,41485919,13611980,3710258,58808157,512,9278619,4190175,1720424,15189218,35,73997375
US-NE-31103,NE,Keya Paha,38695882,11403295,3114737,53213914,401,7886639,2422453,1246996,11556088,22,64770002
US-WA-53073,WA,Whatcom,22174166104,7673308119,2123623913,31971098136,85403,21108059051,6219235465,3804650961,31131945477,11665,63103043613
US-AL-01087,AL,Macon,584335923,187799704,52433331,824568958,7842,1191843989,297014828,154859150,1643717967,380,2468286925
US-IL-17033,IL,Crawford,631322836,229537392,61003981,921864209,7493,1171256007,495447920,229353506,1896057433,613,2817921642
US-GA-13111,GA,Fannin,2681215533,767948070,205844689,3655008292,13960,1077271879,364487640,204739497,1646499016,1142,5301507308
US-SC-45073,SC,Oconee,5131191538,1707948833,459004831,7298145202,35288,3621347193,1347445389,674797754,5643590336,2652,12941735538
US-TX-48421,TX,Sherman,93508106,30028290,8315221,131851617,984,78295145,34032695,11599312,123927152,80,255778769
US-IN-18157,IN,Tippecanoe,9782753385,3582180245,1002553684,14367487314,67089,14723654171,5129802768,2754631340,22608088279,7145,36975575593
US-AR-05083,AR,Logan,946141278,328403061,89825494,1364369833,8809,540304628,230500631,103428125,874233384,556,2238603217
US-CA-06067,CA,Sacramento,106433670219,36598016028,10575489360,153607175607,516311,132981787332,38980234228,22988484100,194950505660,57589,348557681267
US-MO-29031,MO,Cape Girardeau,4856641558,1688044503,473404959,7018091020,31904,6613434452,2273902344,1258600846,10145937642,3958,17164028662
US-TN-47165,TN,Sumner,18275795233,6647421321,1784052850,26707269404,71272,10575043875,3465535075,1812990850,15853569800,6261,42560839204
US-PR-72125,PR,San Germán,966842940,323128356,89303811,1379275107,13115,1562320569,573901466,237231523,2373453558,79,3752728665
US-CO-08113,CO,San Miguel,1237812502,340092235,95420204,1673324941,4310,2802018736,581823956,577431354,3961274046,1087,5634598987
US-VA-51177,VA,Spotsylvania,11550297754,4280310304,1132429006,16963037064,49432,6916741616,2198141491,1230196759,10345079866,4365,27308116930
US-MN-27155,MN,Traverse,142482469,49436126,12781049,204699644,1487,135839631,48514589,23333123,207687343,188,412386987
US-VA-51105,VA,Lee,667665696,223923910,60977757,952567363,9427,330481931,136886828,67243736,534612495,384,1487179858
US-NE-31023,NE,Butler,512375510,178589070,48416678,739381258,3631,350145889,129777171,58583364,538506424,328,1277887682
US-TX-48033,TX,Borden,23039712,6759186,1974303,31773201,302,66316,4790,1732,72838,8,31846039
US-MO-29061,MO,Daviess,415850609,131690209,35755015,583295833,3405,162015303,65713021,29561680,257290004,242,840585837
US-GA-13227,GA,Pickens,2684957426,915484601,246511390,3846953417,13667,1227500008,427453085,222847684,1877800777,1205,5724754194
US-CO-08107,CO,Routt,4729333709,1319705094,360394016,6409432819,12349,5956135307,1434778890,1431201061,8822115258,2852,15231548077
US-VA-51033,VA,Caroline,2223166639,794752485,213515461,3231434585,11970,916471818,290473863,163255403,1370201084,635,4601635669
US-WV-54067,WV,Nicholas,1009473862,332683398,87430528,1429587788,10056,940018836,357478774,197420458,1494918068,838,2924505856
US-MO-29221,MO,Washington,847156617,278861439,76732943,1202750999,9248,608745411,229504056,127801372,966050839,562,2168801838
US-SC-45089,SC,Williamsburg,833074793,276889956,75217406,1185182155,12395,1019128013,448280019,198633851,1666041883,739,2851224038
US-IA-19153,IA,Polk,32592025074,12412158993,3284767661,48288951728,178576,54636990100,16427691483,9708547046,80773228629,23521,129062180357
US-FL-12109,FL,St. Johns,29970650419,10486251346,2774597751,43231499516,110898,18302939347,4959780258,3288408154,26551127759,13480,69782627275
US-OK-40119,OK,Payne,4376337478,1429738790,424385845,6230462113,31714,4119352816,1198716166,742384466,6060453448,3127,12290915561
US-AL-01011,AL,Bullock,203734438,68213003,18433674,290381115,3514,258740869,114681770,51459587,424882226,181,715263341
US-GA-13001,GA,Appling,444605224,152425147,41650995,638681366,7276,667283413,278700994,133831364,1079815771,589,1718497137
US-WI-55091,WI,Pepin,518100985,182804311,48037210,748942506,3086,235025134,88933693,45736756,369695583,328,1118638089
US-IA-19171,IA,Tama,827548363,293849207,79843178,1201240748,6875,1221693600,386411222,310538409,1918643231,474,3119883979
US-IL-17087,IL,Johnson,443770572,143049116,37633503,624453191,4367,309166995,97019032,64325703,470511730,271,1094964921
US-SD-46111,SD,Sanborn,121319350,41248238,11116717,173684305,977,52933102,22055355,9814951,84803408,86,258487713
US-WI-55085,WI,Oneida,4126658998,1114884720,292858767,5534402485,21905,2746082421,958215681,556704060,4261002162,2126,9795404647
US-MO-29163,MO,Pike,689230225,231524250,64541770,985296245,6730,732870526,290388968,137101365,1160360859,609,2145657104
US-IN-18117,IN,Orange,918336047,327114922,87158347,1332609316,7908,1124498388,412431245,235978984,1772908617,614,3105517933
US-OR-41071,OR,Yamhill,9020562198,3162527270,877800085,13060889553,36333,8721427033,2659927214,1444219916,12825574163,4330,25886463716
US-NC-37013,NC,Beaufort,2471149956,795608654,217977931,3484736541,20582,2301045791,881820098,433127969,3615993858,1787,7100730399
US-OH-39087,OH,Lawrence,2391747108,813340078,224640761,3429727947,23516,1734227837,640805536,335267916,2710301289,1220,6140029236
US-ND-38035,ND,Grand Forks,4218801093,1593721651,432574702,6245097446,26142,6867762774,2068234667,1265194199,10201191640,3350,16446289086
US-IL-17103,IL,Lee,1404680556,505063357,137800561,2047544474,13380,2290775893,941602879,442029094,3674407866,1137,5721952340
